PATHB-FORWARD-FULL-LOGITS v1 model=SmolLM2-135M layers=30 vocab=49152 F=24 scale=16777216 L=5 argmax=260
43584762
-224718991
-222428974
-227475987
-231812714
-223070276
-107660250
-223059568
-223080988
-223070276
-223079668
-223074373
-223079569
-223068208
-223079111
-223073799
-223067464
68190852
21995130
26615925
25383410
-17496620
26651385
-4927702
56183720
95840429
14379304
-8859599
173445764
87583206
116206356
75030469
45019798
40972494
40439835
47866459
38017590
40505907
33323618
41172449
37694698
38849736
151130420
131954995
-9466038
60780668
3185928
92480873
-28218449
26206882
43094496
68197271
34923230
20025311
57306531
12694542
23155714
-34234827
-1340402
-11426101
72167543
29777007
51368715
17503947
23041698
856967
39650084
53323412
46590842
-3569198
50612495
2552111
-82741
-7369012
708350
62328384
18783018
24481632
-38662982
53920772
-1555065
14038098
-14168926
11261625
-14764060
13366172
10215258
-24018034
19350712
-6236194
-485531
-44827520
29686088
-8599589
27753843
-81362877
-41200218
-1863901
22823299
28837349
15612971
-29816815
-4919251
-19125042
-30307091
-2689910
-16780550
10161772
28545875
34019112
-25149576
-74720177
-62243163
-61167585
-26198776
-21932930
-101468704
-110327733
-29305466
-117597777
-73352216
-60177036
-42718751
-116080979
-110869182
-69263979
9545301
-52857850
-43983952
-98688952
-54796870
-94433302
-84964569
-78480250
-111494710
-101867143
-78866543
-89979995
-109444000
-139635619
-65639706
30779206
44021641
-19934826
-22688838
-15636589
-50416323
-25927845
-31871953
-47032457
-2809183
998260
9664618
-40471904
-76142143
29569054
-8824644
-105130961
-64167090
-29575283
15651505
-25485996
-21557662
-7841966
-8838876
-8992115
-32532788
-108931901
-92079444
-143606478
-134126198
-54074412
-81673726
-10273067
-70567828
-139062741
-16677473
-9854319
5656057
3470466
212716
-3304387
-15942091
-34234681
-51724862
-35945867
-15628185
-86524467
-163573106
-137902861
-223066756
-86834094
-51431200
-11925187
-71112430
-95949187
-84696407
42710617
161399988
-194976797
-77674218
22784312
-115753028
-132755229
-155534199
-105055229
-70069943
-116135433
-164414948
-98807400
-30820081
-57893472
-63744623
-87347475
-58000756
-38899434
183334973
-66730834
-45427529
-59897463
-114765978
-22251385
-47257716
-63682487
-134309878
-86888335
-81321173
-86927350
-44180953
-77724817
-34515093
-68773551
-71448748
-115234909
-69047697
-8710860
-68767915
-70448941
-70807424
-72265834
-120411848
-101072911
-73757119
-9760762
-75524189
-65332504
-81507431
-79908806
-47137337
-92752344
-150339452
-132115864
122009774
203412204
13619464
-47198077
73524793
-10785770
-43612298
-7757587
235259816
-9948994
102477932
45782108
4519237
108821661
12245502
69054644
-40014959
-41792113
-59330316
-20694574
-45830205
72711592
-12790275
115902654
-23188474
-5416837
86930175
-5724122
-9200304
188617602
136964734
76273287
121435293
17012096
-31318384
113595545
150259912
43515802
54779585
-20087512
-55431084
-60199367
95322427
107973455
-11696623
57650516
99223748
8136152
-67726514
1541567
8752165
124238621
84248296
-63353796
-25405773
-42516812
-47439480
-45587423
95121211
-8625014
156858841
-12265749
125104888
-63353176
-49619813
-64860571
30967076
1514698
-37154785
68231233
44899156
-92752111
-47421126
82267296
10194501
130778638
95291051
64551627
129184694
-7419407
-38029142
56465060
142763139
161043662
100210
-49924259
147195869
77565419
160810470
-78525422
2040626
-73666853
-72259523
49619134
65282324
138605880
36469974
10595319
-38999461
135428223
-10137103
36704121
164935699
69178355
66813096
107059353
-42981825
62611609
81193896
-14625208
-16644844
-79217079
70835462
135706637
-77522820
111195241
-35430532
-8491205
-83883287
-46350715
135633671
18197700
-149540367
-22607128
-41902219
130577528
135024752
54227241
-44195059
19579280
-113139140
-60561554
74248202
-23375632
83393089
-39200975
-37369283
151465444
-68065208
-40430949
49411932
86282075
-65148837
-67607691
-31064896
-40343012
-55912419
53902251
8904483
-93898241
-21444378
-40106416
-28967167
-67417954
-57157329
131221948
102034730
-40946156
105310644
123473065
123026608
-51859249
137754200
61052806
57332749
35992661
171391292
-34954692
68974497
58806087
154226861
77808868
-87523577
120150092
159564693
102040192
151494133
119815150
98101360
-26636884
-10764008
-94819047
-42299951
-19325248
74434275
8387961
-37347936
-60817787
-30723903
179443618
145003154
73310551
43330246
-121226150
77141934
-45888213
22060149
-71114233
173963894
121670980
136249446
103515471
-24676416
-17821139
-58438241
49744554
-10867341
82428779
-72162411
-53090755
-77938411
-134546757
35710323
-64921422
-9892603
-80809537
74361653
116520302
-116608257
-53449674
78713512
-21853704
-51881352
83153001
149410852
-23335780
-91959087
-77074289
126714619
-49089159
-31004247
-9668115
6412988
-48429177
-89034003
-33948894
4336165
-47548338
-51145853
-42041374
123804017
30191544
-34416000
-32058722
-54509429
-7435682
50797916
86083684
-102694901
31217399
48991479
47914584
39661413
-89327644
30957601
-58636419
-9920351
-32930311
60727971
112989406
-43895393
-87909541
107612226
-54599987
-84738488
-108548959
-79697479
-34477880
-39370295
78196645
-89027681
74816534
-68092404
121194131
-47528091
84678235
-85068692
-71398321
109189720
-26267734
-108766186
106639929
-24882554
-140676459
32119423
-18895173
-109125154
77608397
144826341
-39786022
-46818630
77720440
85985677
-83167939
-64128924
-93159065
-106538410
68425231
73061605
114271359
-3884790
90020792
-50834222
53832605
-30215626
-61471851
-33826172
-30573828
-12084920
-85382949
63815610
149856083
101238003
-36982731
107030379
49901166
-78477071
-83270427
-117748364
-39284247
-7329093
17536909
79515401
-77171009
-76049985
26679913
78476091
-77205863
-92431527
-47904805
168502381
13435149
-26733402
85814511
45131706
-68066619
149823920
-52464747
-100336024
-22930380
37990075
21459037
-35817437
53755572
82155603
173012920
-74664070
122799114
55567239
32313517
-61318431
-8567622
-57330366
4261595
46307867
-28037856
-103814157
-98524458
103088979
-86528809
8907216
90894599
94011813
43311157
-63745052
41553144
4025045
140058414
-93866868
-44768148
83969276
59988227
154736706
168513429
-47914094
-98305777
-43811363
29528091
-68556674
-532279
57139834
41078771
115624045
60769290
-89801609
131609537
46963153
60196467
-116580192
59940893
-87358240
82649995
-42942266
75363190
-103969406
-5356263
-50052436
45186942
109165767
62571618
-71657890
116510009
46310081
42001177
130983946
68160761
-66918928
109206338
-60305570
-42773493
-32665085
-77114037
53371065
116987006
59693901
-93533618
-106989350
40760903
33880264
-64144418
-46763169
9417278
-36103656
-56422814
-24045419
-67350025
157233971
-101059981
-81965068
56888952
-66857999
-109119608
-55237406
42420371
-3334980
27954018
90375726
68874311
117630571
-48243200
54336993
-82417489
86246124
-76655878
-42581716
-42843772
68010557
74757407
-48789759
55275504
126343870
-77154725
50671339
19521217
-25971105
-56331002
72505330
-33421866
-113597327
-80060236
-24816744
49862456
-55266631
109942195
28401367
154970970
108581608
85540222
-59074188
-56204861
17972738
-21744399
2931695
98047122
-5411378
48354724
-94417513
-100547189
-109116990
144084135
119458661
-76310884
-66962843
54848841
60112515
38767316
84314940
-4564792
-94140087
-58837596
-89676830
35688475
61538853
52322210
21624598
-88094010
-18217810
-61239276
75351210
-151424418
-28907434
65626987
80342970
3660902
-92668289
64831082
-7050303
12473694
28624731
64051908
-95998381
-36885319
-7858888
-47780327
-30215295
63237617
112340468
-42040894
16983271
-23106684
78687152
-27530961
-19886684
-165041331
-86478292
73928704
-90440857
77933149
-94156214
-119191214
35775205
-80633525
27830705
-91772601
-110959547
141502993
-4278290
-89268087
-141273162
-78298506
17678030
-14893553
27157359
-13718358
-60334087
47913603
19303523
11499508
108063402
85199281
38778666
-13010191
121965489
142554854
15464204
-106838540
117792799
-36998775
95552742
50650575
-150945599
-47583217
-52947603
-77495024
120834257
71528003
-37899720
55808018
8077696
-33176653
11963752
-125512240
-17228808
-77504459
108974489
146295204
-11243892
58142096
-68500041
-3435623
60116871
-65803557
34634974
10581947
-99180198
141236384
92726402
1860002
59570836
-11397528
-47232292
47916254
26487137
-36723342
-40117618
-34192796
-206799
-41836367
45849214
-59857884
-25177770
33926443
-64129353
-59144702
14370450
88983946
31415188
-9312620
-86006177
42073578
-41379651
-43991474
-8821404
46160364
-46194233
-93946990
53547627
-2887811
-75213661
67892481
-66078752
-21137610
98080354
-112686162
105292891
61827916
4181603
-37843425
-76312100
-49108113
-59412188
9045463
-97693593
-73149349
81756415
47350538
-56507999
5178637
-4556083
52276456
-616426
-34334261
-80926056
-5279671
125839232
85197357
-58324144
-67653316
-113629826
-117409131
24954671
-57164452
81848384
55730257
-55819799
83167661
122129064
86507391
76529924
-116306229
-72838126
38618390
55792742
145232126
-8348197
-92733831
-58814585
45400712
-77610500
61417484
-86055206
-83543
-54875282
-118243028
-45388939
-65796241
-120291539
7683827
71405521
-61012698
112323295
111243312
94362398
33450881
-23733215
10471459
6857044
22178588
70958204
-47004647
125011466
-113582114
11141583
-44421026
104565171
-89987371
59213375
-27179670
60248352
-62340803
-110372883
39999699
-57877860
34679296
-27645242
100014306
1467961
-67435979
-41980204
-104899862
-57536125
28647771
47406027
104611285
30577983
78561081
-76036841
-72063090
54700982
80757888
-28183457
50088100
-78900265
94555515
-126654426
26030083
104250888
59008788
23576020
69711830
-16502768
127814521
63125664
69417698
110861502
87580315
22613346
30081366
77600019
-2326583
-67109196
24441391
-56254487
-72787357
46944279
-70962698
-118997462
-7352682
-420068
28606958
18616338
-4703232
36649114
-53799871
36673376
-15978795
-28293945
-57516856
-80800177
5721138
36827821
60866441
-96938988
67661922
12891442
5596735
-57391933
-3250896
90644503
74042840
41427539
69802958
71691822
11789474
17805375
56904820
25065358
44368544
-8299929
11029531
78710501
-81112211
-81220433
163183017
154492698
27835054
27648322
-14730011
-58708768
36888006
-3495048
-98114981
30035581
-73651426
50342513
6196040
107273697
-80967882
-33075646
-71826837
31606449
85136736
11015361
56462681
70628223
-34616733
24059888
-55419405
84607561
-24048299
135620669
-132260874
-65256441
152878333
-27244892
35106381
64746120
6508351
119209100
87111508
34960020
20637106
40520137
-26904080
69097813
-49696133
-64675721
38034720
-33419073
114177030
-2350950
128643406
-76331735
68907394
55789327
-7218537
-85473813
32944471
-15581065
93666856
53113236
-11425845
48842177
-16387124
76575075
59762170
-1380166
-42586392
14625136
-18262830
88673489
-51935889
-27552446
-146558428
41697376
-66798658
-8266525
104255666
-47758622
-89604364
14860041
58797114
39731819
-92798792
99388289
125364888
-28348276
-54208914
-6944155
-75104880
49508022
70065092
49705890
21892342
-71703723
130460011
20416572
158495766
119790025
-145377312
-16255018
15331218
-128775856
144557259
-67354255
137318526
25781895
17243136
21315103
-48977043
54492390
9698953
-39033528
-68049708
-84593120
89318899
-73454889
72282965
89950882
11085845
19508846
-20751651
-92701761
-65661175
72432742
40797877
33619427
-41271167
-42260403
-16565789
-98195788
83456548
11024881
91878740
138738829
-41678843
-50491674
-2497790
-66719580
22184631
-111399985
-95844696
45308079
-83034163
20881881
-63583447
-17644267
-108271368
-14121705
133822888
-68349419
40574835
-6628585
-46918445
-233963167
85409865
14457309
923221
-11711499
-45924449
22868022
-115194139
52960573
43345816
-75621820
-136477489
-70812573
2316664
-112432856
-95971279
13433955
-111765615
-12483307
29319374
30035681
-23055429
-52864592
158779763
-94366767
-58160956
42278349
54636948
-26726739
55800381
2838462
205298918
89542866
6456784
54188552
4133721
-58971982
-68994796
-64296293
40428076
-43048599
65445486
-67800673
-30213696
106066092
-62175162
69884486
19244341
-7380132
37755826
49513021
-70796444
1707616
70215734
-70492232
-12928380
60686478
67133127
9436012
30766154
-142272981
-59611263
-8836487
63911262
3841283
19395620
36099063
-41981881
-89297823
32581696
38030311
50722097
-86867449
-146384820
-27254926
70561804
68966693
92503248
86097188
81789069
44784493
-14016266
137056553
-63133524
8831766
-113850329
30304598
81559246
-61300759
-110383712
-9138737
4241412
103144935
-78030223
112050487
-80314563
-83981527
-91034695
15929791
60311486
-59460610
-47836742
-7115685
-101432092
24073820
-53063930
-5813209
-84614832
-82577550
-92732225
140779721
53524674
-59286628
-77266114
-16097070
42590825
-139654157
21650230
62761987
22594305
-82854632
-93600262
-6988003
-7305170
-64616144
-38357160
-86297524
18650099
-86328056
143858288
52732980
-45224001
66108134
-97745279
-55626879
941213
-85696807
64569759
-105757690
-39226663
29114388
-62279402
-119491273
54678204
-903789
-19844858
-95854200
-72133759
-56426144
-100579476
83750062
-106233857
-29135895
-45304410
-13971289
36909583
-54995196
180868271
-49375706
54430817
-49291735
70064997
-41362968
71199608
80097783
-8989231
-52980396
-39612184
-74860258
104211391
13299798
26296557
-118276790
23916730
84074325
146416260
-92015834
88237465
-19204247
127373047
-2116325
-532763
-46250163
38469384
-45441313
-136811789
118015879
-75250261
28666561
-95845432
15824031
-91811164
12922544
95560892
65611927
22728893
-46416307
30064541
-40053144
50935355
118452687
-5527901
-93110797
-45946732
-102770754
14800721
-121622174
28367072
33942851
-46050672
28921874
-142414296
38729310
41153124
-19809688
70688584
-2416292
-28398935
-189716201
-142526357
21885042
21006388
106911816
-93660668
-29064047
-151942402
-117635080
106458396
-74191580
-120176497
-128961228
-110105958
-16603129
-57819277
84703347
23127971
28944147
51686418
42813481
-18030727
62853003
-8715017
59813118
-102675109
-60557585
83336958
-104283288
-84996963
-103548492
-95855071
-126382470
-130336504
47719099
59530657
97049989
69276122
-44347914
64910081
-104382210
-28742999
-4201787
33839591
-44928285
39126730
107120386
49020733
-35621434
18227563
71170227
-47231483
67110246
-98256502
23710771
-30792477
-75618166
76955933
103986362
71194921
14487760
-11881072
61070892
-53097441
-92074164
-98828660
13267368
67076870
-90951301
22343146
-3640583
23544428
-135662297
-53502168
157834655
60784216
-57941176
35213017
32850930
-45175490
-82065633
53662637
89318246
-45795251
112061133
65405350
-80649650
-12025572
13678252
-13316595
53885227
32789833
-28168919
-16112593
-5495580
13903929
47152768
31378019
37420448
-56739957
-105621834
74325009
-68533155
124101196
-112523022
84963783
32228205
-79151590
71221200
-48017679
-17670142
-66828209
78477394
40684968
-66235148
24190380
-68096179
108258765
-100911629
50467477
-122716718
57334767
-75915036
-58578597
18803851
-27579615
69502451
10954634
87324475
45067344
84977767
119651067
-19609510
-70282650
-9438914
-38518920
-135105229
118705899
45199426
9777329
-24175706
115242875
111031092
23921856
-14783942
64165538
4341639
126348470
135939690
-71769311
-2230654
-74091726
17589652
57592085
-41708602
58384096
-5895652
-98428283
75042822
-50055562
46760736
-62169137
8779079
-81914279
93002151
47681129
69015789
-56495176
-127182815
113907388
57164196
30297696
33790660
105875839
14652091
-117356332
43739367
-87239372
-32450633
64410936
52233430
-2657240
59945019
-469308
44956587
-33095026
70738450
-67162965
75251966
-3651049
17847843
-15777160
74380448
35723291
-21194249
47147754
24812249
-25766656
-55976809
58287539
-29815867
-42500932
75607675
-17180287
-77022414
45244851
-54874595
-6092298
-27283722
-16188472
-776117
-118830329
4268637
-145939747
-115286300
67565795
-73444730
12082186
52733799
67138548
12312072
86637908
69085200
51427692
-20114692
-129257288
-7545307
-25479533
69387422
-87193739
-27368485
-72361060
57256704
-32076628
66539112
-20431599
-33818310
-66704334
48727934
59463139
92279711
17755951
80487113
69617273
-22812856
-126877553
88955576
-49619440
100120126
-29107893
35954958
26462483
26565571
24483262
103406678
-37920763
12289213
123057817
71657902
12794512
-82276327
21018246
69554101
-56994716
-68788001
-14214743
13427381
50453784
65378761
119267709
-64751241
82695668
-43245371
-77558212
44282590
64557357
103772985
44235744
-73822525
105575291
-78274646
71193708
30271811
-112007256
-8469435
-7802964
48155687
96940458
-26172005
72438806
32224892
53416181
-53340493
-81329503
99390653
97961143
37929858
69119859
-38410952
29622163
-83451487
-102487408
-33166481
-38584803
46292770
-106232726
-31063816
4477069
98679787
-148139882
-21929790
8683906
-83726475
-37191969
-27282323
-91312400
-50561
26954138
38223262
17044322
-42846893
22475682
-85384220
-109023428
4782717
-603997
96095177
52609886
35716627
41729632
14087902
44348724
-1075036
12428032
-137567084
81533043
-1919654
-156194585
-52825849
31654524
-72757429
30722186
-31690452
-42770217
38337725
73737074
-2776336
-104311223
68934932
-92984039
-35332201
-18425724
-70311249
45903118
23137170
69650385
-92842350
44074883
-132802202
7727757
-154053546
-2338877
26369134
99354979
-72714493
-65270878
61712560
24484750
14027632
25173533
16019863
33334172
-148619101
113548813
-118263637
-86069968
-31475863
-533550
45180893
17054911
84341584
-53052344
-725979
-71005456
-49243040
66775112
-41490982
-38387527
32845646
63161076
-22106360
-30022804
110859084
68852345
60598287
-15524092
3971898
7468851
-97245754
-68331088
-4292786
74706352
16411276
-45589698
-68315388
-122516922
-86993111
131101846
48461163
-197482717
89942975
-64557351
82538964
-103544658
-56586378
-94512593
-17492212
-76216182
34778382
-115940990
29321623
-44094973
31120914
-103850395
19812246
-85831668
79084903
82042295
-29386613
14861238
135541507
35688332
112076038
71732283
93623205
73433422
82463472
86270534
61330179
78213268
20573824
1422615
-33884982
-39221499
42841820
-56665910
49750560
-36834254
-145323544
-22227705
-88443479
-24628734
-117390122
-104233856
-65703277
6082968
57403450
63177422
-64225911
35290424
-88940419
-120723620
-57838277
110250095
-71989623
131455100
-23481533
580541
-33031047
-105131834
14763966
-156603558
121438973
37907373
-120425526
-41428632
25457905
-37614991
-49387940
-74289121
-56811143
85673424
-97788910
110466779
46826871
-50293686
65118487
79124607
65429043
-129391471
-57471070
45186990
36659001
34116738
28748556
87035811
32783933
-54606067
24115670
51460819
90941436
-59366600
-173199581
-96341810
-118181148
76969633
111633774
69175389
-75921259
50784597
15348422
-62663544
62889725
37330927
12420034
36875
-7139845
39302009
-126310888
-2744403
25987697
61670085
83409422
-2372944
18065035
35316028
-29005762
119008693
-27160729
-47148610
123452779
-6702230
-160953208
-37954573
-20577859
-92175946
-99779933
13238470
91846348
-9124442
-81169219
42282359
-134740429
-18222249
24555655
-8018512
-53580148
-5997893
14862462
104431310
-38564971
-10065779
-7828498
-6085360
34845948
-6954466
23655733
32945182
38002037
86778082
-8255848
26723506
52505367
56034063
-153153880
-26936534
-57949066
55858879
9486876
-15556288
28417893
-1570148
-58610224
-33902841
46649172
-59238383
78720085
73295395
-34942403
7080579
-5776741
72936812
13701593
20953273
-108920430
-45642679
101831413
54035210
-66292350
49553085
-57003910
-26358296
22945313
37894447
15755389
-118052619
-19488069
39165363
-100016744
100885939
50135996
-79753847
-8567110
161261355
-49641410
6601044
-81182461
-84743483
31744329
-126330950
22301782
29025125
9642707
-22734497
67494364
-58337005
-61543487
-22979112
50185108
-24663045
86146752
65579037
121262822
35831894
67408483
-9948129
99127414
17484728
-122806744
-162311847
-39229082
-57542339
-76278619
25518843
41584016
-60996541
-86237722
-94274638
82194859
-58591949
-22603173
110318220
-97610090
-3299760
-9011473
103892128
1924243
6671003
-41936692
-97089427
-61451636
-104730691
66134317
-34084786
-37937120
-19978843
62724423
78852982
-43454391
-9644437
-56017283
48221084
102995878
85386066
-29228799
-13183657
4782584
104403668
23514104
147051834
-74152957
11301033
56942532
-5138741
-97263393
-6564471
-148228872
-6567584
61911538
48277040
24340302
-106466422
-128549566
-8127188
-150001985
15604109
46834620
57848917
29409807
78481210
57919265
-94399044
-30593300
-48478200
16421742
24047066
13223681
88472304
-43517637
-12779690
-71795503
-83727215
-2487070
101336655
-79680449
-23640955
-38041456
-65913947
29493361
-26992806
101474201
87222772
144970070
110004572
60483463
-19105211
102669238
45863266
-34390915
-31614839
83746095
-11474895
65131721
24531853
-81954257
-36942380
-44439754
-12384440
-70736228
123940578
-64441951
-40679080
71670365
-60758993
89599028
53394508
-98359963
144538870
-71227030
34743906
-124022866
-115275269
-144886248
69232729
128610282
-38450642
-52072571
5995005
-78128785
-33388811
-39135186
84276333
34225780
-62465829
-26187520
135793593
-55425789
115438579
-59974696
32571661
-131096081
-44014350
58174049
-138018374
-62427087
11183065
-66809569
-46064665
-25811890
24640628
23691113
-15630271
2634404
53637436
-95312864
64097549
-42719434
-87323659
-62634348
-6129737
6465891
-160913292
-53310070
23680968
87126791
-92813835
-54676883
30158660
-10295444
-46824929
64599791
-85096385
-85581172
-58009362
37232525
-8239147
-41956481
-138346664
20866306
65162869
55244044
42237688
31549736
18005469
75053153
-89020942
44704377
-80204879
-23174456
-20863294
-21527502
27138598
26709820
-8670635
-144164003
17188141
-7444437
142893929
16955658
-165561772
40086819
-85975983
-50890566
-18168124
-91437896
62520053
-33408621
-41465763
65571597
-96337552
34764055
-70411119
-10811205
-21510605
-15645494
-95883037
130860343
-31842196
67635629
-119756723
67385299
-10417300
-77284350
-65638646
-18622161
16813541
170643839
34683667
-120240439
52172520
-26726197
-30024250
-55065415
51286649
78306049
-45252363
46223102
4751368
13757996
7741855
-38944470
33033381
73751078
109913284
128976777
119783062
-70201352
-3187729
93800377
97037467
-49172811
108804132
63975028
-48304961
94294319
-101596043
-110481719
-141947185
23767477
-32480741
-59457347
-39972725
-89202030
61472851
-926456
63144843
10209934
86198900
-65462045
-17258682
81141188
-53034592
-59943464
-30130571
-31335248
430852
-36501177
-1680274
-44694400
59869684
94276538
-86653112
63240429
-108982664
-73683447
70542737
-25519585
6790220
109414543
-1668146
-116322211
-142468430
-61956645
-30196894
10707820
-34896621
6986936
84364654
53608328
-114755072
77581281
1016418
-18546789
-24421158
-72311662
30834441
32349199
-55759947
73725105
-15801273
-48253852
-19177476
-61937397
-32437253
-12342006
58058180
3661785
28298169
47996338
16810093
-63549919
-60526676
-81679523
-11282352
46903925
-44554445
80446576
71363530
-125818208
136002
-10932213
8343511
63430421
-2758560
-11781062
36216420
-47759270
-18608715
57076848
-60047653
51252147
38771817
32604086
25896126
28257062
-12744060
34889412
69552460
-118552543
20235735
46167394
3508618
35459104
-49370310
63050976
-3101878
19003397
-11988391
84429702
110404355
-32578549
57663692
-48506073
7426915
29606650
61662043
137039273
40176797
-13209292
-16449937
9940397
26508851
40736972
13583586
-70034019
72530774
-32566856
-28923652
-36060161
-18825264
-99097497
116026495
127482532
-75136892
90789707
31250218
-131212909
-44545397
63648821
-74940515
-68477246
23007233
-122372307
76530691
95855597
3752459
46372560
-31961352
11118831
-123474939
29404890
-124367481
-18100627
-69622317
22694370
5514640
18774338
46848534
-19633884
20252283
31208554
14209236
-69544283
43343389
102427173
89461350
-145611232
93559159
-57227169
38208468
25060360
-5480058
-53928028
95785209
97316470
28428909
-29250590
-107086663
108176010
-137380852
-136199142
74895814
39638957
76171325
48264744
-104194997
-82885599
-151475029
-56831066
-19590776
-78481436
-20657380
10538173
-78608240
26025991
-69378063
-41560204
31255118
-148929884
132367167
45458082
31904501
-8896450
40027084
52475823
-118216009
-51076392
62097790
7791715
99202244
45062628
103582804
-93984702
-61528799
-57254158
60279344
19151639
-66710854
-76069410
71343390
-79763019
-89459534
7829847
-100715657
78407380
-73892233
156690587
-33094832
-85828119
60091585
80731283
1195133
81526510
54767887
-78826520
-130543459
1803980
-67949598
-160496503
113655560
17961865
-47566594
-38876106
90860826
-1704610
-42892192
18501845
37202054
-87936821
-27536417
2212452
9795857
9091636
-75441769
51151644
9836509
71373085
115800208
-2583073
-80080136
2880680
-36985065
51150405
71755509
-80942987
14750476
130455783
-23533337
2591441
28030562
-45440568
23601365
-23453702
-13154999
69256867
-4622119
-5377392
-76682368
56812364
99501354
-54618056
-78514152
70963874
-21763685
39496976
-66403621
54837649
45749129
-110650451
-72921417
-142774894
3016303
-45547312
52015617
-64717004
-96038355
8117008
-21244979
-105234790
29057717
-43900319
-106768131
-83624605
35103705
-38562598
-15491571
626119
121243746
55952588
5225473
-122090460
27403831
-175611849
74814180
15405066
-107209355
75147154
33563191
-29208932
-107623662
-112270908
-1077237
-22488119
-65761990
-35995513
-50423140
-125265105
90069079
-60086725
-41934712
-8636121
12640142
52967148
-68325445
-99007837
39675968
-28490157
-71637536
10422526
13146038
-3385753
-61011189
-52383023
-59767526
126437088
27760196
-51658344
47873700
82130931
-66984187
-14895423
-27722425
1512954
36826922
-103919416
61492949
-11500076
46328487
52910918
10058044
19918118
-8674959
68380234
24759659
-50176013
-122213682
2574036
-14551301
96414583
49097323
96525984
-2045900
40238509
-47467027
670043
44332350
57194003
-74927698
-11498446
22318450
58766017
779598
46287072
-65436934
-45506443
-92329605
-131509316
-32155528
-40008238
-120636932
30646165
-67270151
-75258810
29554887
-8472020
-22905983
24360452
-21712423
14772623
-149677951
-10768910
-82638012
-77231911
24423374
56158471
-55195598
-21348452
-122184837
-84904909
-56473894
-69546714
-69408742
-8485943
-54621376
52018438
-91823954
1858632
-70316473
-15195135
103668164
-80474689
63103569
-15163375
-47928913
30372695
24338934
-17133692
68868822
3946943
-95716161
1896146
-12310262
-122633872
-84442120
-63740405
-115706867
-4369788
81555672
-63961340
-30854954
-26980189
45708733
-30487866
7244755
-84819272
72393336
55607821
-62588909
-13234532
25599984
122071400
69724285
-112298468
11727958
8285197
42415073
-125767460
7560682
-164067273
62591919
52915642
-59006592
65773887
1773388
2275028
-3807818
-17918781
9232468
-36476685
138606720
12587545
85983343
116310543
10521411
54350731
-19163065
-101969884
352531
-70635954
50621549
-7237890
111599853
10572822
-130206064
50236873
1514627
50931220
28431155
-1784406
20064769
1320070
53668896
44763939
7936954
-117853149
13813202
13503696
-31559752
-11160658
100751711
-36880563
1904876
-130183562
-22402293
-76846383
51908154
-42582091
-7867103
23762419
81303734
-179661200
-4049684
-87556002
-111082246
113742212
55283055
-38013403
-66004361
-63353355
-153975
-56476923
50444776
-106385099
-31920479
38583104
-121659178
135000800
-3476645
48068993
-29892759
-59590057
-157587961
-72132859
84407876
-71063388
-93143524
-65763677
42631975
52745016
-51440097
14404741
7821733
-45987332
38722257
28270388
40504908
115415861
9057725
21681133
13990871
69090958
-42384867
-47569320
35092020
143780746
115709775
-51084730
-188849102
-64871819
-30010758
-39709332
-166010253
-75429639
145280083
111606637
52321674
-79257273
60575126
81081289
45107143
97217903
-62157424
-10535773
46966401
72773952
-28384698
111727817
-61891172
95341902
12508555
11676368
120521483
101425250
-26310267
-4074836
-18746739
67702785
-241514889
-21376464
85611696
-129249467
-141631777
-83443761
104263115
-91230628
48950822
-147347351
-12171007
48361845
-47879856
24670433
14062317
27766629
-89737055
-84181056
-67290997
-31177244
-25127363
-34385947
-52908825
-25891340
-3596314
36940384
47193999
56486982
-68776553
-2840633
22645114
39989754
110811292
23812207
-173817209
-13189099
-1999766
-17054816
55683339
-43885167
-45132602
33783199
-96163493
7879185
-28013166
-35652620
9337487
75717400
93876824
15231559
26878998
-47344479
85831846
8277609
-2969756
5097204
5602637
-101146908
-104062383
52649872
-22573324
-97478466
96393748
-90704416
-7661813
-82329432
17734417
-59123750
11340416
-24435034
-10782252
67635649
26452066
-80138460
-81741134
13094900
-9731062
37984072
-152882976
-7612968
63029621
1540260
-148376472
-71053801
-91860333
-13621092
-52505466
55838290
-69690160
39246505
-12642874
47428409
-54042669
-38811614
66894006
47998293
-70634965
-1359247
30652665
-169933551
-4921209
-108482195
-43987890
25433262
17875402
54388912
63828146
-99551491
70456523
-115661443
12444951
92248778
-7575763
119864083
-79204324
114933186
-53986815
30431597
26107191
-48652359
-30327087
-124363949
-5919310
-68621289
-29737221
60437369
21604250
38757054
42949075
17553225
63509210
-431360
110245491
88414904
28256120
-94190375
-64502147
39942663
-123155871
72403762
-54708546
-49087786
24427877
-4993905
33822684
-37781033
14729012
50686938
83723093
-45454625
-208182263
69601996
15729973
-62047064
-5828824
-15599207
88918441
71973637
-81979328
-62741386
-3156109
-72155498
-82715445
76447919
-4592371
-61983206
29153571
-131963862
-52484202
-35914851
25283970
-32727892
-91341918
11927779
-37064209
-35014118
7503496
-82673668
66755058
60565081
-49818988
-36465697
67245179
40749804
-74431695
5634238
-83593664
25660201
71058277
30038045
-42865705
81160526
76955228
1722647
-1939318
-7169918
103788384
10023021
-56883834
-57502914
-8662547
27170930
-150812651
85838254
35860965
-42699563
-85213925
-71661795
113899224
82656848
-71114847
-133201756
15828988
-95898429
44842913
-31143819
-22147370
-14550350
-1061453
-40980572
-2415327
54121947
24944260
9755737
35979424
64825687
-38508168
-40745115
18854541
3075306
55052977
83558606
24617280
-164361832
-54218548
7047770
44073150
-89049387
28064333
145760301
-88398126
101002895
20059272
8072166
139731934
73184255
6596721
31686811
-112765582
-4918397
-50384233
81196215
74228963
35135961
-98087775
2757703
55570521
69526523
-30057025
-25454364
-4104497
36169393
-18396867
29942364
28191735
-47066782
-31573660
58061911
-116751247
-111731967
-19280600
53425885
12457161
-16626455
10722567
-28178253
-38040049
-89704019
3806385
30902039
-61305634
-24491284
5390513
-35934198
42232751
-12018644
-116895559
46086262
96803753
36466133
-106514409
104141303
-31863335
-38229558
40792397
-12842262
-84037098
-27162497
72847053
-149950218
24145037
-142064920
35584118
-95353992
-11675376
-150420107
104048023
-6852374
-62132676
25937958
22204412
60492172
-56389693
-15111547
23366171
-49601061
-74836417
157298893
-27773
15483914
40898720
21885693
48026419
-13476186
34985348
-29541346
13286937
-112736043
-9118902
-86926816
26822901
117987988
41159444
-136631278
5891078
-79647952
-8790293
-117992115
38940458
40051210
103785348
61893467
-20545240
-13414996
-78859506
-81074614
11996716
-760709
-97957316
-87722021
-83895124
66133959
66275144
93274989
-156042272
75751216
-31277380
-67280698
-63681767
-139706516
23187350
-79981127
43404117
-66834884
-114943823
-95567379
108092322
67802227
22822899
5435874
-97331541
-82269930
-126529455
-112246109
52858999
88969668
-78330558
48467059
-81524933
41652436
22010732
45773474
-23807589
3652018
-123509397
22951556
10109057
-98398484
89635863
-56142742
105831344
23532376
-59156082
19192642
-92282174
-52250295
-51156591
42240537
-68407119
-30974795
119673980
-140422612
10451943
51531163
-15685046
-91353202
29981010
30760028
75946990
-35499108
-46460854
-38513533
-36689164
-67798477
37648602
2029776
-44197118
36305282
-39624045
-29755754
88716046
-3386483
-79029508
70020505
-22429849
57474008
-17960352
-10852719
35272633
-65849780
84702938
21245505
-10794947
-149323968
93225251
-63380115
118735387
-32818245
-50024882
28190550
-504335
32716938
-33229
-127717465
69545253
-76617661
-36365917
-9513370
68390693
107575672
12045932
-84314278
6925019
93739877
51600403
50833706
40970884
58726849
117478266
42772711
-67281355
-47333579
-12495451
30477100
-77533085
-124626851
-45653509
-50598789
-27383413
27687960
37433098
-145116924
-76122459
34874569
-80032473
-31623616
-35373508
-57638747
53529706
-11655494
-29733866
-22100857
-74448708
-36050487
-51728692
1135672
-19185422
662184
88394698
53993406
112069719
-37613774
-71932011
1442325
-34813311
35638797
-24204512
102737087
-21154998
79122084
69564595
8956493
42304840
-116413526
179199830
34940573
-13016803
50111198
-50714610
-67856593
-5387805
-20893017
81190764
42204566
12280288
-87105960
-47766338
11547825
44708336
63478355
-48104632
-74319033
10754870
73427718
43204455
19085695
-78737495
-13074378
26598577
-8368559
-22871613
-83034002
82234772
35101971
104822072
70500333
-85688957
16847381
-8596016
-80406697
17476381
-5953191
5843487
-97758993
-126635685
-14777249
6758022
139650641
-103455941
-18408488
-56184106
-14459675
75327054
28599167
42892860
-14995766
4743587
-73021870
47929392
-127427678
31583626
-85857107
75119433
23258855
35768377
41072579
-47746688
109499139
40412459
-54499408
132607410
132666825
54524999
31737709
55683284
-77806794
-41182295
-61930721
-15826314
-32865587
88945335
35793316
-75075416
19476723
19082555
36800327
-28648460
-43690450
74459277
110655026
-34373405
108253620
16987134
-62424354
-9880155
-5358532
-6654546
-76895627
62440523
-64712622
-42688233
-89092685
-70816438
62900986
44177150
130285205
-23794682
85819370
-68575481
53226770
-153656954
119033257
5723158
8903924
-24787607
-42008451
8570123
11722364
78125573
29537372
-24995584
-102099507
22616109
-53200365
58870224
-15638306
19006371
101233511
-139679367
-106652219
32040461
-32232382
-118465609
-38157129
-104325260
15339612
-6869855
29017182
-18964416
22353595
61752027
-37616574
80079033
-100672727
-54463905
81709187
66668673
75132782
-4471100
-68979257
45112481
-55228097
35756832
20901976
12414770
46101096
23951055
27302980
48637644
-12243160
-154695428
-79291819
12611420
1927107
15562381
-91919744
-26026278
-34094124
49467970
-42624697
8719882
1419213
-159581782
58538447
-63429380
93866931
-27366730
50594256
38622792
-107888813
-57090651
22522496
-72837204
15463952
-62853806
-49015071
3704279
-1162894
-132158085
4299841
50037203
-76552475
-7630144
72586328
-50360039
-26002591
16365524
5394432
45899289
80172158
28903071
-4421394
-73907381
-3161691
-140330569
-80088085
65345009
7376590
58816237
27324785
102353706
-114088137
119579623
-68871127
162425168
-37334514
-6843981
-20867699
52579824
11412418
21586779
33608306
-105185458
33704105
-79218677
28864126
-31185428
82206632
52639723
83105058
-90224700
-123395382
53613076
77698977
-32380543
135693342
19358977
-15933226
90811475
93768427
4587735
18249151
13843815
-66019584
48732954
110813736
108495675
16919341
-52980041
-65552080
-57305382
-39486000
-96087954
-108381219
-70294871
46924522
-82226836
-14742275
-94865776
-16614969
76824441
82960686
-278401
2725561
-56360865
37422422
83609570
-500675
-24793778
-10792362
-30887518
-14838762
47674306
-6174212
-17366424
40596878
-46072006
-36405448
5662097
29676756
-56231659
-58813780
-46698554
53731247
-18910509
49859973
-41157862
-58252869
-106883698
-17238101
-10859691
-58813045
-29561883
-1272073
8955206
43295513
9685463
66882687
-36225639
-48457474
39093544
-77024567
-102336396
-11377912
36689270
20608959
-94823588
4577925
33300964
25505993
-93724575
32414501
-5743904
-2553320
49464322
-94859373
-30797408
106317687
29778183
-478115
-23545138
-71890899
-8545557
90480601
33374998
-45722539
22227778
74378697
101587498
48047883
14289747
156054278
18004069
-21068582
83690560
29564437
49166167
63702350
-45611408
-46997025
66433731
7742325
40318895
-72456923
-46505268
-26934470
-23023790
-102854547
-93578238
-24490489
38579460
97390291
27440126
-23132963
-79650689
-36184689
28969053
-47117773
-128408396
-3649272
-74973695
39937160
-35010468
15712277
-29120994
60767959
-25708210
-17689233
-75140074
-50262638
-74420521
6018794
7654231
-43087933
40507465
30240539
-12168229
-93569487
-93763368
-51031086
-1711277
39888752
-44219198
-104008210
36652214
-3611266
-56604186
51900271
14154477
-2088243
-70262726
13146361
33362135
-1326891
-66402914
64238147
-4622657
47385722
-157710626
52411441
-31575779
-88086282
75740731
87961873
-39468103
8745141
-21604107
-12294404
-82628566
3110000
-100807889
103627149
-86843088
22473926
2903724
46784360
-62918429
112569682
-126714340
15250492
-81485868
-102275620
62109384
-12093960
-15050893
36937820
-4361140
-26564567
-45995190
66826447
-8536716
-79401715
-63064685
15244056
9839219
-24971329
-49770357
17980533
-96163919
-8806026
20366876
-63883864
-45361390
-38989988
97691655
-9917456
213859012
206802
28565692
18226877
96697117
-2536626
-9212304
50594672
-14312594
-20195793
15240645
44394064
-120612309
46073950
-75941556
26801002
-154093326
85281825
-52564342
15829494
-12464738
73756607
44524538
-210722251
-14404406
60050706
19022993
67818298
-117030188
67689982
61305509
-128147400
-22172949
-28634313
25289001
26726035
-103182469
-23871433
-92576981
-63944640
2157875
-128406414
-8693693
-8698348
-49963048
-56831008
-41072485
22694717
23015925
-2020652
77920334
34146330
-117938610
-45010604
105818552
57124089
-33127771
38720092
2053658
49553560
-12345876
60956905
110150975
19915363
-25940969
-47760525
102542859
-82507883
978583
-24621841
18729595
88793182
25940172
-73711331
-99804660
-107944952
-129274252
-5116873
-27121921
45131181
-316824
31309804
45682469
46807364
32619253
7940174
-14988815
36321017
33609789
7009974
-3203502
32425865
-95889166
72889225
8110625
-99788649
90762785
39012513
1241982
108097042
-60766679
1638241
-171220250
26656160
-39571399
45978920
-29945247
22891407
35896515
-95307509
34629945
-111341604
-64824716
112289034
79101004
97648089
-119060352
-10975018
2416310
14445203
-81106343
90411060
40697988
21518082
-2342428
21082593
14291868
-4568570
16795558
-84045164
-74095901
4381181
6040149
-19904717
-20418728
-26988932
91064983
-100263486
-70726549
73062359
26086936
12669687
-26182557
92617142
-29394386
-45723581
136268906
87033695
-118308137
26042412
23950944
-82017373
9680813
-69254878
47840478
1261100
-38854410
18934014
-69224138
-61418766
-44785816
-102926694
-30333711
58753656
-69106923
20207260
-42937128
2221207
-11868505
-28562450
10427622
-109224801
-154174306
-45970927
-75485220
32935069
-50257492
55501961
6825301
-30446503
-49920830
115261282
-89694284
60662425
-82371058
75803656
34958212
9842233
92513898
96355850
59889198
-90666946
35079056
-66824931
7183845
-93532988
18452420
78180895
-6934363
4477364
36381036
-42025756
-64312726
5573285
46426682
124755081
69661654
-23552993
41908632
86535245
48060870
38959060
94913318
22920586
-42584515
40830888
40882820
-94224416
68045449
-34120163
2990722
28396468
18591123
29193554
80728918
-47719324
35592362
-4782219
49561965
118896969
83804483
-60288078
-100197981
49202518
83647329
-9873363
102064930
-78337082
-75771779
-73625767
31439459
106283354
44310302
-120328059
8531466
35682156
88429272
50090650
-87701459
54660812
-57126868
-22582864
-43061599
15254860
45448547
-77313654
69595777
27185083
-40644515
-61383014
-47779449
-137647528
-34138991
-4808594
-66668569
20362084
54819861
13071295
-81666114
-49536498
-56197186
9994178
-19479840
-8426627
96567458
-41320088
9923074
30673171
-12337660
-24593492
-72579418
-70551202
38809102
101162435
-95948312
14414497
-73842851
56192932
8722143

31339011
-28033465
2122233
-87930372
-80427076
-115092343
-42982512
-32501988
27691345
-15743447
-39199797
13270325
70732452
23179752
40772499
37084764
152279942
-112682690
-34642519
30967961
-19469210
-8868187
36796862
19148101
-9676824
-1793799
-12656882
-66068788
83218017
-96629683
1192802
-112267960
-12576323
-127743693
-3496236
-44336531
54667244
-36638052
-49000684
-30667928
-6672212
-21547790
94168661
3801197
-31023032
36741680
5776222
-35998075
66055752
59934800
51378883
62575824
-28765668
-126582
13763036
-23321984
-14957587
-47982787
-17699182
95031830
28157535
-63717303
49022107
-28289929
15596840
53470257
14686417
35228620
-10492105
-63123484
-18927192
79375042
20776769
9710233
82877792
-45884767
8812279
28984986
1009968
17909741
-77942905
14438627
-17343148
3829270
76034982
-83055965
-54281561
-112576186
48730079
88628054
-27742966
26701391
85270582
26414172
4418877
59245705
-16520981
-20731952
-88609668
-1320112
-81516970
87941043
-25420682
100131203
-65419444
56579431
69079485
85876191
-23913447
-35305531
117326843
14521139
-54727748
110909389
-24838647
-47288099
42728562
55233000
-29642612
12338873
12168568
3430419
21637870
-20373381
4363946
-38589713
47143836
-68609223
-84301133
-6370707
-40878557
1836016
32604862
-24683578
-45686430
34254404
-71201386
-12213516
16511549
-73869965
-50471215
-45800938
5454506
-28121992
64240343
-61407555
10422107
-77873036
-5289008
-107247454
18142697
138513336
149755492
2687274
87973999
61517538
-33299695
-60834703
-7210901
-9298526
-55531994
-106986944
65935161
-56964389
-3551163
-13454477
-30073468
-854630
58905927
-43196366
-50882480
58403585
-99667220
-49929031
-8181755
29922887
-123063275
38562905
-60691146
-87039655
-12396082
51081433
124629711
29115013
-23855907
14736250
-22104422
-3301286
-86810164
69315066
33409396
861598
-13031364
-44549340
65333600
103588268
-37075711
-132053211
132072202
78527069
35185466
-55224668
-76967561
-438747
-73784190
-29118173
64718468
-62761862
-16679597
-67014410
-62920746
36144462
-46734422
14750680
-52894161
7223170
-57915444
2269583
-112328037
6174469
-14791332
-22488596
-67646809
22382458
-35862735
-83236059
-65243562
-15738683
-69327687
32105852
-85683225
65755157
-34984449
100510518
60206061
137019590
76637686
-36552718
69274625
51503318
-58028214
19967889
-6697594
39428444
102479520
18785694
16917945
104474373
-68661600
21258479
-12246077
28463491
-7175617
-79593010
-12889009
-48683905
16159004
59786176
32820403
117031866
40129128
-78611354
76122233
53443375
35290943
-41729523
-80637735
-5401563
4952928
84090105
-32987116
6884329
37276353
23882148
10891610
-56535115
119803278
6664894
-79506172
57174939
-5480610
75435056
71307163
-33105622
66514733
-56548242
41576465
54605498
-9861832
-86258190
40863015
-88096626
39847963
16736637
-60962385
-76945304
63773959
24031822
-101751942
125533149
10716384
-16141002
18101529
-51700216
-142466956
-4117911
-37675565
-38555217
20912999
44831664
106094
48548703
24247291
-43343721
-129649438
15523646
125855423
-35536540
10425581
95897797
-10717938
1623727
-79180790
-11082611
55586472
84278815
47944823
36218211
21464395
-27974090
17273492
-79378217
-61861358
93394582
-48061925
-48916990
4082490
21044058
-60154547
45548241
28466486
-14892276
91032981
33336891
85335412
-114920603
-33069800
-23074264
45241460
38565622
-45124922
82843980
84668872
-53693989
82662477
77671290
-86442246
15682752
-4212178
68059749
55720187
-61819178
37996784
118315820
-24460793
67956620
29050094
79054719
40104188
-89721406
-164247526
-11425982
2174507
85577203
-161252650
-1991382
-123132864
14102006
-88405659
96492504
-2647882
-17941243
32286225
-68525980
10518591
-23397610
-126208666
-48271381
107265373
-21606241
61307149
-102233590
-74974475
-9477927
113079971
-21226350
76761479
-74615695
-31467611
-24086230
32806294
92485332
-22313838
73870398
71400328
-78277880
17297844
-51828354
31818692
52420746
-102321119
-5220524
-105248567
40885076
52257060
3152476
-132879277
-23524264
18265099
-84864389
9718390
-40653948
-50888715
-25715965
22183793
89869838
10528205
12812918
24054079
21343459
-15808440
12559071
128388524
97658733
-61631216
-50632494
48808908
22021235
13751116
-15459109
-121922182
95806248
37370658
10218235
106275891
27440831
79985937
124759588
21077434
-41681197
12247581
-58206149
-5448915
45012236
-137578618
-78677919
-179409166
-18314118
-12493204
-42339694
35971881
-132622489
6548542
61428628
-87177267
91334936
4160457
118507020
-71971067
-40955318
-26464849
-8165263
-96004656
-25012023
-77610918
-9193518
-14340255
58772992
-113336187
34715690
14111893
-46603836
-80830470
-46126692
-38261764
-64507242
-75816915
-91540054
4954050
18377748
14959365
24779878
-33337952
-138084222
-39716176
52150570
82883519
-65944497
9075246
-4415517
29814604
21001096
2118674
7297483
16720249
-101798171
-47203769
93042113
6219199
-87110278
32553086
-21670483
30375407
-97133462
2523419
22633526
-103790084
-17997899
21486867
-61103510
-21609659
14988637
75260258
-117608741
-31109766
-88922004
17395757
72745799
1236230
-17489496
45274239
19376620
-47089146
59250973
73432765
-14070516
-120251009
-60801951
84687144
26023605
75684058
-86674943
-44034565
16862190
23750952
67907996
64563969
43084679
-151360891
75545765
-108065418
-87710885
-80098186
176435803
16087967
12618626
-22129129
107630041
104450532
55439754
-33857599
19697833
-5643796
20896687
73591000
-31114382
39983560
-44451358
21129247
24619817
-35149709
-81893207
-17018152
34052377
-49378617
-111722467
24352201
-121183535
71915974
-18529623
-126943508
14455932
10881377
39473535
-28461959
65810817
-54971717
-29040100
-46557356
29512872
-20134635
386806
46085670
2693783
-97422428
-78036901
11742563
-28678163
-60651794
-29276031
-24912578
-31158565
-35407140
58910600
-23489657
-180142057
9113128
3766181
-78810766
-161647379
-19956224
-125101265
12843867
-16853254
7900542
60458142
65377076
52694695
74650
-31352762
-12921805
-103717222
11897749
34941971
-56459968
117592694
19574061
133064450
-113264226
-73005518
31474049
48858794
-46338191
-118463804
52642787
128188310
-6861984
3434594
-89842209
-91592490
-28714758
5179620
31628808
64279536
-130959699
-116600215
14082617
-44882215
-105805225
68883085
-113203802
-126945393
-37361434
104737165
-100082027
43474467
70375376
-79127937
38955211
-91027406
143646
14995905
46353317
5099065
-44721200
-138031743
-47901722
87516400
11402357
55215271
39931923
-30855427
-131063185
-109441005
61165096
-15014113
42742741
-138316241
5711978
-27532340
104593353
-2242899
26819164
40550429
-113455496
58410304
72533110
-17929321
13992477
69761181
24479480
-6668177
18239800
60885772
21526073
57454961
-29802622
-70116893
26712762
-20053717
-22057068
-125976885
15639184
174267
-108877121
-36965304
-102560435
20940229
-21835341
-69598920
-103473139
-91642122
-27138489
-53399399
-80556526
13799980
18628407
-303336598
15357664
-93760740
64983493
-4135599
-112396979
20411956
-65928402
-38747756
13395911
97434836
40686795
39002015
-72749504
47647042
-13122628
-29245372
-114472291
58964599
-149984863
57228509
-7791009
19965282
22643718
43419249
59353780
-58206026
-32820839
35497833
-24462057
127702490
26492139
-7709741
19050748
-21360252
119731513
-84123821
-68063080
27153816
-92769442
-122169695
47657585
64002958
135264163
-30329418
53613010
-31847230
-14082130
-25675266
-134816778
24915527
117064941
-97645840
33585284
-601687
-23252017
3371803
39162434
36378678
43532034
66383917
-25854992
201596
10345546
-75380255
-15283279
26202833
47529480
-28541987
34856284
-145064807
-4909527
-44475328
84863836
7534833
-51287865
109945209
-22261095
63164059
-85895673
-12131323
92840030
-70507134
41014792
25184608
-33093434
-94286924
-46331083
-52616826
-35054213
-1146569
-152712915
-10166634
-105529669
8277544
-36504386
-17040346
75746743
41756792
78382942
-12133428
-20680253
-70565903
-49105363
-22069214
-50111269
48178927
-77860362
58111268
-3275315
3190451
71581514
35876856
176983
-12684766
7172444
11226267
-65496573
-33903788
-10422453
-97231451
63203993
118842037
-10111568
-21935927
-35571418
-16119927
13720070
-125680824
78173594
9003818
67629454
96312767
-78304195
30329301
-82526693
10984711
35811652
75461
8811297
-5705711
48574164
10121094
29557654
68236962
-107362510
48156141
-26493296
-40599606
109757402
28024353
-84115775
-75312833
-40121986
61782827
-157430925
57891235
-142605027
-11902
106442942
50616218
-15623710
-23135185
76946844
-47651706
-37194175
77659088
-27060569
12083767
48138396
3251905
24761791
-92606282
-49419714
36175507
-72859985
53069930
24830718
-25674514
-2396487
138984190
71209796
72352006
13036328
-23469043
-11596657
4750598
76806545
-65409798
8268628
53705552
30729169
-51563396
47988341
-20136180
32443574
13728679
45491804
37451253
-94766788
42215329
-47030819
27791631
-57010357
28896638
-140596447
114218234
-68582982
-62341382
55767525
2965340
14231365
21726080
60284012
-42142577
-44549023
-39728237
-78845018
32311813
-54460385
-7934122
43113107
-69461288
-36558002
40000129
36127942
-26242239
-19588974
-99077725
-48713202
-49948324
39514429
-15793999
-43525963
-20222896
64578240
12326726
-88666375
-9433920
-57016068
-69822649
55697760
-65415645
-4353221
-79475793
-92163940
-57791961
61895104
11567966
53794282
-88816242
-26256606
1948574
-22713433
-19768208
82088400
65837963
67950908
27842256
-24905112
12951704
-152814665
66331826
79861590
6585012
-49771516
66960553
-17306837
17868283
-68781629
52050020
-81557762
86020216
-45015252
81405243
-49668030
-21059198
20269149
-17106354
67832336
34401264
86916217
-31375655
81773657
67369782
24193174
47243535
-69860185
69645638
7676629
-17054030
-75418933
-81375125
-44991474
-28669378
-86461496
-32070906
-84103340
-3069998
52553575
26377457
-19821562
-5287158
-54593228
-1363180
46884802
59546748
-49303439
-53081450
-27776767
1823583
131041611
-19124895
-236304257
14519928
-36563836
41643027
-18965956
-76275212
-39037985
-35268320
-42913503
-60385623
-48297894
-22937633
-68133929
-5559776
-32434912
49181372
-55759358
-47697602
-85273186
165611693
-25545137
50647902
36366177
106908756
115923370
47761197
-34694881
101028722
14279053
41524076
-21652591
-114691118
-38811178
38817058
-84072638
36406232
-39010399
3057071
-246072551
36644035
-20475156
6180319
30799211
-10806501
71224630
20770568
-110357981
40053988
-1582832
-14946380
-16760583
65663360
62360945
-80503850
-61610873
93110557
27942078
81062919
25337548
27569027
48653284
-81952380
20926869
-38893766
-28383961
-111694702
40805389
69781409
31589969
-44501280
83800935
-122641331
-62777924
141216109
-39853632
63985292
-49175583
-115895711
15947090
-28578515
8289035
83591905
4595647
-40313475
-51837581
-73312975
-66770339
74372634
98430626
51244276
-53583011
805718
-15597224
-8920109
19580170
13504855
83192524
-65015243
79391669
-10936341
-59555387
-9934654
-52990432
33425007
-2330017
-79834323
-32737010
-17317566
24911662
81449552
38270579
6091971
-77536577
-42419308
-44901044
-81239901
37738520
-105945627
-37316791
36426183
-48188884
-34156765
-64086885
8734205
105496602
-85154825
-46379813
65497435
25048401
41327289
-157339659
-44506562
-22556855
34713618
30969620
63630808
-135843480
78362349
36914598
-2927590
49602639
26597071
-10472674
-3708872
77569644
-60986473
21505085
-129609151
-25358722
-99897365
69827055
8213446
-7813060
-154728873
69213208
-88518550
-32253956
-15766455
-56070540
-86103905
-927493
-70885576
24514745
32730301
-11550484
-52677312
-64275147
5368556
12612394
116241829
-12923743
55033013
-17497587
44458384
20745809
-35634660
71962793
46811126
137879586
-77983444
-9506737
21021984
-21090424
62530033
-29352734
121334395
102078226
-248621
25758085
-55812276
29487184
4151777
-82526908
-83579136
-20725897
-43060452
29939530
-53396411
-32471582
57704998
91452409
-79817714
66181611
-50051106
3739248
29408887
110585764
-89855601
34248882
-43136633
-22345914
-15625092
57650663
13301107
51916449
-337300
69889292
-75802171
30308457
-26296071
-30413328
-400911
48045192
-71656083
-73706248
44050386
-38106657
-277409
78506492
346360
20107590
434873
-151938528
125547224
-22048839
16200443
98380544
72441438
29444600
-18654927
-81997308
-100485847
-21099352
52053304
69577071
74488714
6677975
129349777
-92158067
40176873
1804632
-21342626
23266665
3609254
71252835
-178015167
85013295
70448623
-131189028
-78785564
-31859732
32080119
95698019
33025985
-4302501
-25621179
-47720020
39897944
-104159923
8501871
-62755477
20572225
-13562324
11299119
23603115
-91244558
-103128706
130629905
-118686880
-885704
-41778156
52386332
-87373065
-82010349
-22448486
28352491
72844169
-18531128
-113202032
-13301476
108005204
-87716147
32044782
6549607
48891530
-17993483
-27532112
-13656438
-88570342
-38233621
-46421056
70243184
41584153
-52492147
70256115
-22809647
29017380
62816060
-63567088
-59584041
-27593350
28783588
-17829832
-119724425
-145395223
-26120222
56534720
30149642
-120184785
19759408
-29741168
-4080425
-84706404
-68398813
-10371775
69924796
77395992
20343511
97007941
71754913
-29077592
61847613
14928486
-4991481
2139895
50965362
-17487498
-68940912
8562106
112992842
-17857315
-72330296
-121602013
-45000681
74539267
43292268
-56971500
-54484768
-16992104
34902045
-44787793
62279946
-11921231
-23259257
-26428035
-70226867
-46898623
-38159546
-41572963
87676438
-28525260
2759009
-82157370
77095138
-127523680
-33559005
85490353
80643505
-58391402
16318032
23171814
-57149517
39204259
45707131
-61434585
-59532713
32869402
-26625491
-8210845
-72160076
15472719
-35619579
120516775
96370507
56381743
19387921
56117852
-34854483
25770433
-47041993
31085664
32301589
2026622
-67960042
75170269
-11533210
29347849
-89296635
-63273887
-31102467
-85309258
8779012
-85990189
773189
-33863466
-49300264
44980371
68215319
85425816
-35690126
-17506182
19557217
-37878580
-247273368
56704360
-73066531
-29421590
-9656715
-67445337
-19646654
-84564271
-19062770
110501762
144368748
50108794
-115482321
15913318
26797232
-46809884
-53344715
95313526
23846664
33175768
58256165
-71902486
96050044
84990208
-17334319
-103669096
71044180
-128411228
111328499
-10091842
25946997
-77774970
-30596553
-79911496
96200037
-12004884
17441132
-41804110
-102989183
80308412
-27382448
5010731
-68586951
36518995
22749995
-34444883
-113603753
-39952041
55249226
-25001895
14836461
-138472057
-183308820
86079494
14911522
11203443
-9834334
-9481756
-128185410
43799681
-44421753
4917564
88321667
-77115601
-37784719
-31534416
16193513
-86450647
-4340275
-15813907
-21118781
-49002021
36169350
-99462662
42929084
77326515
6191461
45328768
61288416
26144938
-32220487
53063158
-212581705
90574389
-22836532
-174076694
30536155
19798711
-49974495
-50946017
-68991569
143192673
71621192
89990816
-46574403
2068414
54532913
119877909
-113433820
-88130714
14944626
-68635945
61142106
32866644
-65262513
-63302427
70937559
-2526219
61040858
-54975373
41240369
-13942305
8786818
-117251668
-3411086
-56516595
48870338
-16675461
57463437
-63188853
44547976
-585767
-40441358
-58323663
29708218
36615310
70290369
-104795123
-43175647
-67061301
-106265963
25012911
90882098
-60698347
-85915968
-147714990
9071471
-89718166
77087343
29141884
56700176
-47358570
62510257
13015493
89889196
96705156
82327072
-11888336
-18082185
-14851067
12856458
-58991875
18126771
37298685
-154034411
-13165655
-96992284
-45140429
13160512
-55759635
-47053388
11368737
-87554888
34844680
-4185985
-67354920
-30017058
14206561
42584361
31200170
-102831043
-33100349
50203122
61877223
65464017
-127354479
12400148
2937377
15919277
-89965741
-9690463
12357466
83791185
81507382
-30326257
48200543
-41923569
-12594987
-6367938
62721740
44850499
31496632
40638996
72163687
89671000
-60515762
-123249269
-10540489
-51108329
2558860
90405372
130738651
-17767119
-90179811
7889666
3394720
-72270063
-63401225
29871457
-10125136
-63716186
18467632
-96278599
-120589188
-39822268
-21842871
-141737560
-20799518
499658
-13571752
-35637592
31013609
81131256
-54164301
118667499
47542674
-33889182
83450084
-22486330
-3186789
-29002929
-20916785
41247667
30272988
-159407583
-32144382
-45424164
5485736
6085791
27402871
-96188684
4798983
-134125293
-25529609
-42756766
91134957
-26115348
31253996
-98723663
-54827959
-18899323
-34731985
55836237
-177046421
11361296
21460565
-60318234
-11495828
75635025
14617606
-20688895
-35822666
-98212684
-85231057
-6085675
13193124
11937036
12443795
-31892328
-38881589
42090110
-73017050
85759799
5905783
-56703887
-21465204
-24377643
53813138
-3719162
-63497414
-76774173
-11253494
-66280225
-18580575
7420382
-60650671
7546598
-8462410
-9951696
52643655
22390751
-15674477
-91139703
20212054
70952543
18217551
-87659097
-67555278
42836338
6270165
22215810
-24275846
14602567
10390283
23093659
-101365183
34592002
92960673
-21635168
11376944
51155682
-25863614
-8184293
-138928115
-109887028
-75395736
59349683
-560971
33235787
-44532842
33414319
43097442
38487067
34604322
52659677
112410569
15785653
-35841283
-33630808
-21896516
-5270111
59051763
38497720
-11229653
-64866303
54360966
-26967586
-6152595
-2059708
35394627
16550596
-30553815
-57684015
-55816811
41452407
-12738795
5335700
37184365
-59512715
-42583387
-64550047
42674632
38549982
102362588
15381049
-54378572
50455827
32249776
13820555
30832049
108228831
4228147
-33627242
-4786191
-48447972
-28458182
-27025550
-96753920
-14490031
-59761551
-21703144
-12485472
-40057704
29207333
15924434
58966534
38470655
-36650522
-27935539
105951761
33502476
16881754
-15808011
26186727
93191270
-48267163
59426735
-12235179
-134695917
-89546851
24521873
-22200965
-49343545
132814980
-40200337
-110344088
-109199694
-24405145
21105435
18124210
58936042
71622997
-29919297
-26550357
109858198
-65222828
2548813
-8975768
63498491
-27509452
10147465
-573152
69553035
-43513846
-35542884
115480577
-14565459
72173325
-51466983
101751343
-35468552
9864187
43788473
-17195202
-4252257
-105213004
-25407410
-25404506
24345926
1344882
27050911
32128403
-63279440
24673729
3986347
-61063913
1748680
55943612
-75918776
-62911817
5275614
-109106649
-22081203
-3643253
69415136
-25703074
56470717
-73998810
-32455615
-10993617
23215163
-85696570
138156061
-434299
12773281
841888
37198040
-54172547
33833666
51417225
16744408
-18724324
-50291101
34184306
-85992630
-72802690
-124319124
85661216
-59073314
7331742
56728958
25218321
-26308702
-17635843
-72512503
86929777
73966678
27797756
-9062112
-6516044
-8352878
-67587788
33967433
7017092
55271657
1439978
-22560749
46227898
-130454534
50136087
13498991
52112642
-13772456
18838140
-50657840
-11241569
-74318527
-139888214
-34019876
-19207156
75006851
70679805
-77908593
157493407
-12912840
-45794364
-67119820
17602323
38523094
15157395
6410290
45296046
21600109
-134022781
-28034045
65274969
-156342154
-74645435
16754928
-1535611
-30383834
-46554137
74448891
-73530117
23534055
3468862
-77355001
157871822
17032858
-81864844
63072165
-117702669
5975077
55635409
50188480
-43142968
29363926
-126369221
7999285
-65177955
127029360
16641676
-21130658
2112441
-16804840
71978389
-51615232
117189782
-127320670
6259726
48227621
95304146
-66288749
-34150934
-52126748
-3199523
-70095112
62997915
-92263559
-25683118
67647635
42065914
-43332110
-49770958
19121026
-3001532
-14949938
-40572614
28166569
-149713243
-142876353
-13636599
-1720533
-38259950
51207274
-57512955
13474094
-8697835
55528986
53229224
-117234106
-36693256
-97430960
12396168
29161273
-63674037
-9978290
85469814
-10111468
-16640952
-99832114
-39675515
-48004549
30975946
28750889
-39694050
-32196910
44752407
73752405
-94469622
64773835
-33877268
-21350819
11843357
-19674200
-54448090
-53262143
-7766261
-55280794
-37112224
-115383784
-37404203
66007408
-125438974
9935507
96926563
-55264512
-109747411
-24779062
-26029147
-26432325
-34808322
-23067186
62863834
-33247974
72420520
-22959219
59687944
-49441696
4326881
-86609105
-2126568
70092443
-105961848
100200269
29337981
-133387169
-90424403
48536915
97814144
57257281
-14074810
-8651873
84067457
22742922
51987189
27914369
82937234
-55847955
-13165334
-70279979
-43907072
-42625504
-74271894
78560015
-45273454
49183929
-72978764
-45911449
54412193
16225839
18453323
-9302334
-137436536
15527375
-22749828
-77226669
8032569
91119876
-19480558
-107559375
34496924
17682549
-80870812
-95132383
-19260873
-136936341
62752020
29652033
29008031
35377736
68287133
-4156197
16144223
-55100381
-108099345
63747515
37899690
-6751812
-59698704
24688216
-58903329
13216856
-53639367
51020942
48516323
-3104926
-108766905
16543499
63080494
-60581239
104365383
-35730613
33517187
19535244
-22468576
-136450380
-83082849
-16086410
-50659383
3752278
34356409
82363643
-96878845
46916800
26700008
-73441206
-12147158
-124707202
-33196855
-43297644
60327122
22102622
-82781159
78393124
12690232
-274383832
-28176632
29128585
47381847
31594340
-209177617
-90439167
20295601
35784772
-24117214
-62560121
36020105
59532347
-55619673
-70041268
65353611
3420308
62107796
29382707
22676428
-24413836
-29157832
-167654485
8564815
-15818396
2308028
-12304380
-144393178
-49774339
19607218
-141294823
-42390454
40140515
-28835639
-72214091
-278500
-25702994
-24451168
43233600
-81845118
-81901020
-115280007
-76065437
-34653589
-10870460
-66019046
-7681106
-127343828
-29072114
65835667
-15028680
71557031
28584581
-3530174
133925790
42405735
-38977127
-66553435
-84467242
42784558
-48235774
16880765
-76290331
-167006976
-17438600
10614141
5378461
30116889
-13688671
67193905
-63698003
-88666290
-69664436
-28089724
-119846972
-52381632
2252357
-6798959
-51072462
-2716969
-62587165
17582210
5336067
-28991839
-3319364
37798575
49303045
-40249670
-32599074
39697387
-39143524
74206382
-101311389
32674533
-52582530
32431714
63764851
66568190
-557369
-171070629
31796961
-9258883
57422968
-39279986
23236362
108118729
110438181
-5634222
-22215919
70360817
-3007230
17164609
-45297757
64377661
-46691595
61627772
21593781
11258747
-24697841
-86507607
-111147142
95797479
-33601323
-71020257
52051372
-49563671
38094479
115469517
-52888490
89351700
-122575408
-27819823
40966401
60060519
4056510
47843748
-74717718
-19590752
-61877635
16466217
59821649
-14400569
-23636489
-57253216
-35008944
24296084
20587273
39275763
-41093976
29016346
-40950339
64654477
-53691816
-50942137
-84470509
-45505754
-10439571
38338833
8160612
-1268010
-100047965
-50688898
1760359
4887038
-44018393
-141201307
54953550
-112159814
-22965445
7242054
99177777
55353203
-33084728
-70862006
-28131310
42843623
-71356568
31629348
52212020
-53960986
13747928
-135933499
28797874
81375241
-134159852
86413157
6695126
32533312
-83492477
-1108230
17358142
-34947163
26270586
-23266152
17655365
771799
-6988093
77895530
-50974442
-20350881
-29090196
-41269674
-66476178
56945119
-12401210
55084098
40934277
-135471554
51210412
-162337953
-64540985
102422284
-42182947
-57515672
103250613
93525531
64116099
93725859
155594172
30128751
-47079884
-32341188
-64037135
55415646
-68046125
-6181606
-20625517
7209210
-31012737
44463017
-4203834
27696580
-52308879
-9209003
728915
-42927545
-5327724
-55540016
-46091415
73110085
-96494589
-58027387
41905923
21167435
-59876547
-19466820
-29659243
65739965
32247093
58718672
-89834612
-130009453
-65268516
-26442013
-5433368
13817536
-9861529
15487058
-32897908
-34371363
-121506826
-31176561
93817060
46198241
-54921763
31714986
-53483284
-62030285
48794121
27281310
-2817795
-41142802
-42514201
-64836042
-26198515
-60037611
-7612082
-34656014
14355882
56750752
4054520
60158298
-18745729
3864986
84873323
-27151015
87306802
80573041
115141275
134487787
-83920402
-53736004
-48683818
-28137131
18847354
48791373
-98498535
2146214
-172017633
-27243159
30014463
-85086044
72347986
62096503
-26596300
33417640
-149959730
87858077
-35493375
-97748748
-76068983
-40225846
-27569645
-19590845
59254355
31939270
-1007619
64288005
1849336
-83814136
-35664128
60566628
-150608581
-3269942
-106310003
-27736982
-134329002
86431325
-55970381
42378585
84868544
788160
11779066
-24088874
7372016
32308467
-8727749
-100826182
30613908
-7749860
-99800876
46223021
208340
-28226918
22759148
118643185
-38886981
47996577
48264038
-74546448
19688028
-14554555
-34069513
14550663
62339801
-34013049
-2503537
22573819
-59642210
-81307566
-28849746
27330996
-62780675
-126129859
-107226176
-38271314
-67717811
-79575857
-5944884
-31375985
-48655215
73526658
-3332294
34618218
77358636
-125097220
21214493
25314789
-30579697
-11421332
-92737089
1952810
-14454756
69586259
36405518
35148813
97324191
-25675836
-25891706
-20092783
-12268190
68068798
34750630
-39820886
-176409534
138608037
71401695
-38185484
8445323
-61248804
3950412
-24608438
-97542011
41399478
5922917
-54231346
-121649861
37820216
-11171062
-64413043
32343892
-66855598
-85180756
2866440
14769846
-26460640
-57503008
-42362610
-13961303
73574703
-62480439
-17977616
-12787540
12517509
-29584852
-70736976
-78821970
-42187806
-56303013
60287978
22435261
-56460959
-15179072
65994602
-25373542
-43502094
38390710
-81083455
-2221102
-50867038
-8589877
-91577493
-22477892
23812396
-63681623
-77703921
-76103728
-142823035
-59678016
-18093795
-42437306
-24048201
-19187368
31028742
39742174
39177002
10565457
-69142419
19740026
12867236
21651924
-125647551
-122812173
23879396
-109392474
-50800914
-7930488
6646925
-56437056
-14073758
-120459841
24087535
-24803717
-215040394
123398726
47068038
30354185
-59004123
-45472125
-90606140
40819334
-103384432
-46902098
-106525860
-83728314
17330668
-94178433
24512794
-48754452
55098994
44163750
9754545
102577550
-128900023
-20189053
50821177
68001125
-9437370
8320902
-5867888
-42786464
-35338932
902363
-64973179
-41011608
23380062
2931006
-66406079
14328861
-70792773
-108667002
3264960
-39297971
-116253236
-11483985
71137370
-59915606
45086330
-11027385
5270356
17513634
-21339265
-74935909
56165314
-8276633
12914362
17075856
79365608
51352699
-23921539
-88662591
8969175
-60109362
17659782
-87715750
-104407497
-41625152
30029992
100401144
17154089
-1265260
11351288
-37067350
2734638
-29018894
26933371
3679455
-70603810
29228513
-11965882
-19226718
-18299409
-95588908
81023577
28392931
-11727512
-25405554
-26635866
-26190690
-34547969
2377877
7942949
-126679349
-103248356
-52125682
-31005007
-74516936
-93824171
-45963155
95750159
-22571049
-85057600
-96516712
-89478319
-91514
96920507
-198907423
-143224408
-99198519
35192549
-47626072
-5971962
9505150
-27918600
-190553960
-46231886
62703762
-14857281
-66796458
-66294508
32174926
-65720638
-25069532
29336987
-86865370
65097042
84197335
53939814
-65041635
-35352114
30590903
-16523051
36370426
-62858473
201568
-7887600
-14128574
3551210
78931752
74691634
50408780
69852780
20490746
32164120
-151331237
87734865
-5345986
-50240648
85285208
-100239315
24082361
-35149648
6596140
-9319764
8840036
-41446517
-93992360
107902235
25389497
-33567960
-191010274
-53654644
-113730146
-71659633
102398404
41486166
-83010363
-548710
-7897146
-127308521
-5755716
17652434
-37603911
-34019152
104292476
44998337
-43560243
152527861
-8147441
52153340
-95322106
-102943628
36357274
-65531147
-2153046
44677561
-109821578
11417589
-5325327
-20236684
-89302560
34363963
-72786465
74735900
-15929961
-18524795
-82373625
-37087147
46544988
67020170
-85932913
13637186
-48348046
55131234
31276737
-101863484
-20155403
29746797
37991131
-38349361
24570444
-29316021
-33572376
-53865201
-8523236
-29549573
-156523356
-35237848
35242444
47905855
-2861891
40084594
72295716
-18053192
48267364
-40941669
84503738
56173041
40422833
-8828016
-126822588
-26633101
38148707
20374073
26526350
-44289252
100307861
13360902
68484130
58406986
-29930200
-84691573
-47979579
519390
8126903
-98732619
-45561372
-55661712
45138296
-42093520
-33883064
-62417242
-2736219
-9297049
45725144
-123408152
78097857
70707505
-32275073
-56246186
2631733
38036487
-15132282
-64677406
-29483235
19514142
-4628118
23437633
50404188
-224802
-37709159
-136743887
-24646472
-78294197
-61494233
-96786486
98529036
23300278
-48097698
105077378
-58784129
-92385353
-30016088
42904415
-122729749
-132383930
-36191090
12086106
21188816
44304826
-74910850
41869271
-38595920
993959
-42613477
73956332
-83219401
-23626920
-99716842
-4399637
10655039
-24180449
-28452733
34592501
17401104
43700553
-66560007
218054892
-50614479
-38132365
91881546
85098329
-56732890
61673349
1955050
-15050328
-30909568
-33952422
8838508
-3483212
-70263314
-32109509
46309956
-32339911
7987784
-4201215
-153533354
62927868
-44320892
98921566
26478609
-169343957
65785227
127584803
87808923
-59582548
-18755851
-60892506
45424680
80935847
-7236087
-49441070
-34266739
-25272498
-59848895
70153234
-28469876
-4350843
86052074
-103309194
-55417385
-103678534
-11375521
-53584832
-57819508
20985818
43232497
-41111186
-15452378
58539173
7775055
-92921417
-181399240
-92579467
-77831778
107493239
-4383983
-36306282
-87283769
32974200
79511407
5462685
11090342
31983164
-99661466
-70023975
-86393211
67139987
-63529294
-78950884
26101840
-53216642
10492978
15356323
-8232552
-49058027
-431914
-11352881
58922591
41099585
-143478180
-77584317
-16841795
-62038536
-77752356
-8888262
-27512770
36175201
-104812826
-65774074
-7317816
-38080669
55897615
-108859923
35544350
-34438622
73850501
41921689
-15902202
-88180295
-20706920
1037674
-2147077
-78847341
-66481792
-115686982
-70406265
65086408
-110011929
-8146730
122359303
45765543
17993043
83243889
84356394
-117951068
-33140665
13569298
-49237100
10343362
-126808970
5004461
-9261874
52019126
-101160
-41942982
-76197973
83475945
-168668980
-171733990
-97924750
-63343989
-75564758
-27080465
49970437
952488
-65508432
74286935
2884596
55105555
-111736368
72822042
-23280609
5070603
-10193510
-27290726
-4767064
36492163
65403261
63479318
-46550630
-14443405
-50258471
2737891
-101695643
43032117
-29865525
20118404
71273679
-19972538
-8633355
-143121661
-3881701
-16165571
-14108882
25164843
19541026
-24221
-8794045
95581446
-22436796
25550110
-35476531
25371540
-38162593
97959204
-51654641
12064435
-48764298
-80406132
-34920013
-61232801
-82162213
-8356527
59875685
-61055463
-89385710
-72032586
101102278
-252486
106583990
-21288427
-24596842
88386396
-114111616
-124964718
15770157
63289246
-7971333
-33239168
98404066
23461146
-27199279
-93982653
77102988
-47183716
-23183538
14741133
91207864
-76721809
-72193797
-38510348
10126874
-71536853
-29936315
-42643782
105479972
101087000
58911553
72678633
-97692529
-31548594
19610795
131125704
46628217
80631594
4502728
-40655140
-110550175
88353812
40991356
-34757399
-69415240
30982678
14144975
56004738
28843814
1889043
43844823
-47448270
-18679595
-24743429
24515607
65817856
-68312446
-105593902
-10308341
42901989
-47666942
3453325
92356806
62871459
-2411895
-24008292
-9321575
21604529
-22734305
17784091
35257072
-45158435
47522913
-64299592
37270723
-184796518
-27142811
51611886
-15120053
-65330358
7108015
1150207
-61147400
5119906
38894745
-62892738
-30933761
-19802824
20799011
7351420
26218790
-84762264
-9426607
-81860734
10301443
-63655542
35737971
-5681283
29022428
-67700730
-217681341
-13669143
-26842381
1809699
-49670336
11901082
-60626766
-88361372
4472716
-23560432
-73460425
39499753
-12900734
-63141115
-42274131
-65832144
69507047
-5123924
12588330
35255731
-41489005
-113564669
-40164494
-58924886
27199780
-97658744
-3071718
-493883
33831956
-51992747
-14719619
-86669466
-3273251
-88643191
24650910
-40386196
-24046373
-674370
-18594997
7017631
37507154
-1575493
-59004970
-45913249
51018081
-63214980
-13192439
-96914470
-21624940
-123795464
-166808563
46636321
-55732825
-2000944
81438699
39696891
-150547957
20507874
-17048051
32510097
-14181110
78372365
40785379
-21475721
-84993579
-66915633
-27482356
-51449036
29680540
-110208265
-4284901
-114429722
-127683449
16307486
-26368167
27577106
-78151642
17162734
53703443
-120952700
158130653
-26590161
52869296
-88365682
42789277
43434852
77564962
-4276623
-52903348
9906702
28069462
-28624196
62173539
6554706
-30664548
-44263757
-15649474
-36692046
52598923
-21580243
-17780207
-68962114
-72767477
76990056
-10085200
19574293
100261878
7374985
-130065384
-93663561
61044556
-63402958
-111585711
13510139
-50181529
5907212
-93300727
-10532662
-15381193
116424431
81473927
-135876422
-35245653
-9666597
14354279
-33076903
-108938975
-26646661
-63313276
105964949
-48335917
-3309897
-62718905
-75462340
-1375127
34740599
-20247779
73862920
-26653080
90485118
61083881
76699591
93083505
70141971
-118960173
-51150812
-77790149
-83556946
-40816420
-1109655
-21509195
-15771698
-2566923
-90021391
-72556133
23625034
-16287348
-59205456
-100471811
80662901
-3421702
-47123851
-121724995
-18111648
38594426
141314238
5845066
-22223991
26861558
-51518894
24314306
-21488331
-54728029
-46458113
-8025758
-40631106
32837604
-15864910
-133493595
50014532
33526627
-109141345
13863715
36857454
-126533237
-48189111
10622228
54572707
-60102456
102482622
41383726
-55038735
-11901374
-113386104
54208208
-113289234
-8133217
-30055061
-38323718
94597644
-75816538
58184341
-73541894
38009373
-65245651
36812844
-6670051
64799092
-33597974
-26692510
-21363701
-35149252
28297429
25324135
42982132
-80434304
70143171
-53661937
68288738
-17567560
61850594
-3409491
21123167
85648630
-117040
-28013598
-56673610
-69648617
-87868739
8467540
-105609636
37451625
-75606165
-63519568
-8511903
31804169
16121817
-227428252
-132288758
-118494112
23653140
-97660660
28313824
-15426235
-85907018
-79183766
41079
-94283886
-72995315
69086932
-47384960
-42425419
26148103
-44788815
127813681
13844162
-27488038
-22607549
12809518
-500891
-78556658
-95491418
-23668264
-46169427
27954545
87607337
10312316
-15950109
-83533602
-37021097
66824779
10065540
30726969
-10817220
1187631
-117183325
-68124696
-21334033
45491862
-24711429
22310753
-11306195
10168058
-44056292
-105915746
-49059576
-84970999
22233426
73335709
26458746
45981197
-13130252
44935070
11337615
-67298803
9805845
-135442914
-41556214
435956
8668928
-31014594
-95350677
3053467
35247083
-121831763
-84512757
-86076834
-132722763
-96848711
68483602
33112402
62689499
46094876
-102462137
-62708540
-76769470
-23082201
-68706022
-46348413
59808303
22649728
-830933
36420759
42548955
-6676894
-107961947
-65075370
27002856
17872492
20527485
64311388
68248422
-94610095
37082343
-142250334
-132300322
-48460060
-46058137
-7341036
-115285748
-12431761
34602890
-68108591
-61258720
-74907703
9791650
83099841
11160351
-80171345
-99097549
-6338194
-78772111
55722810
11622570
-121334511
-71269373
-98933346
-36977717
9785583
-29006939
-54281310
8009820
-35873031
-37199930
40254485
-12389771
104752970
-7243279
-37599739
3568153
106783322
-30829622
57963262
2414462
-45444361
22864220
120859829
28295770
-31870846
-57680111
5867823
20456645
-34315325
30783349
-52219820
-48249319
-18906331
-50887123
54038296
53282897
5582552
-57978256
46075849
-129901358
-19644615
-2689980
-11594373
38445395
-88712052
-120848156
-127270342
-46609953
-50987021
66544539
7765239
-103963706
-19522950
-6426808
17286764
-24694179
25871924
-120170490
7686635
32789892
-28196165
-30239081
67559577
-38467861
24017581
54740940
6365307
-35878124
-29855926
36918298
105497807
-65289287
42756500
12211008
14304299
-78436404
1301066
-14010852
-38783672
-51625643
16031059
19473621
53064551
-48763515
17785742
-45031420
-82294964
-62281771
37963413
-147370920
-6219276
42954433
-21683646
-46290996
-54100063
68353199
-4087035
109739739
-88943010
-213839435
61005435
-6374713
-76857982
11248391
-36131008
5624819
-95063934
-32746868
99817322
84744569
-33480656
-50312619
45216345
-25352784
-35192850
-70893763
46850868
-14427545
-1570999
-76147431
17999048
-4965904
23777634
80070727
-25055683
-93716727
-37435657
-18628936
14626046
11211486
47796563
-121112481
-81660045
34985733
-16764080
-6692019
-125045996
40449658
21063042
51076039
51910223
30682920
7722208
-22614778
-88078515
-84599178
-133115016
78821262
99321717
2443117
-5671674
-78150176
52629807
56477333
5516810
2209054
3436606
30951940
-37441359
-98589411
44011781
-25984614
-128137490
11688612
47083659
-107911663
-34018020
-85110534
-54756705
-22374848
-14668076
-820274
-217998192
30821645
-10238680
11544734
-31748746
34113218
16023342
-23459358
-6111043
-34771188
-35628149
11604834
-66266958
-46691618
42139476
-54340230
-101416176
77622937
89045833
34972539
-72949559
66764249
-373057
104628951
-2978324
13595621
13405877
-33475640
-97176873
-151197173
-27372340
9258504
-43748179
-122801668
-66057894
-109873861
18731827
-26788369
20564830
-45030396
-124759845
21725381
-4482353
27822293
50015127
10377329
46841785
-26137439
99167647
32835055
1122304
9982385
-91622682
-146818188
-21701821
-65532137
31546043
-85974824
-9902339
13066717
-55406402
31466127
-3701905
-30768612
-36233225
35780211
54987036
-55511838
-155780559
41706695
-90097417
-175045025
-63916238
131241996
35237404
28730042
-60023431
-55212507
57709994
-21859745
17701965
7996542
-59930551
-62959183
25582639
2849658
64065499
-92100334
-111903281
57645
49464380
-19059262
38600578
67665547
-9333872
73758578
-86205273
24172731
108900909
-91285368
-70917151
15423326
46219364
-9175621
5637320
74110814
-18244877
100337730
-2864870
-14005259
-12441582
19415443
33113938
-74248558
-26505353
23943096
19601123
-45640671
-95951245
-84547985
10227234
27337973
-98378741
9259186
-111083949
71073601
6242475
-2732026
-92390570
36742869
-114894801
-144361025
22887381
-43025874
-11949684
1846612
138250093
-86621256
-33841803
-26311752
69209877
16396930
84981077
71362393
27674846
-98017870
-37746907
-73834891
-31923571
21720966
122118195
-103665236
29896662
-142303262
17252740
73738524
37301072
92566849
35833996
16455992
32093021
92757468
-55175967
-29296857
-83293514
189325
86178469
-89371142
81955565
-95802090
32780393
60688188
-62344818
24264602
-5776623
-4519863
-43669459
-10654036
-374514
-38215185
-12570571
-24972232
62117229
-21936351
-11640354
52574782
-81909834
-55889750
-28303365
-2376619
-40684655
14963124
-83235874
-41451541
-10929986
-5760572
40632722
31632569
46484857
-122211318
-116153034
-58529931
23756264
-25114701
-28993214
30879585
20423275
-68500087
-13042341
13322351
-78591965
-47943473
-57973193
-146946569
-71455659
-83182527
-85250746
-31203917
-58787170
-135199367
-85178333
12268863
-174570076
77220274
-30197425
-44019363
-33687704
67079824
-19548901
-27584381
12304145
-156709935
12904909
94546500
-54392626
-75397365
88753591
-50392104
-3472096
-114186364
-10024096
-58042837
70715889
8305154
-42278530
87003126
-114948989
44055499
-63050634
-34014487
16112204
56040052
-199083736
-24811174
-39049691
14972989
-57415317
-62091639
-64218691
-14418528
-41953521
-27678931
6777631
2389152
-89900505
30008036
-57620847
-44388996
-15606757
24322097
-58476371
-129466372
22542497
-17274960
-54070861
32246689
-32343039
-69091361
7550505
13681175
-9452459
44668418
-112521650
-42072113
-134443971
-35436470
-5144948
-75062738
3650855
-14379239
-25542460
9290589
36938696
-54237706
-176515738
-56753675
-37950480
-119005256
-70697961
-37905677
27337176
-17420077
-63497259
9174401
-61624844
-114844515
-5413882
-9408903
60704904
134797164
-58886462
47360246
-70282652
-27911220
28143269
-67029142
-29418283
98527868
38457437
-45357105
-9256548
-28587148
-194487681
-9752578
-717195
-45609741
-63835207
-37365710
-25762285
-79271270
-9576382
-48802789
-76389015

79903550
61151883
-88429292
65364626
-10101825
12231522
-41298005
60115856
-34749587
-37186627
-82521409
-49316032
-10039617
16497585
-37979938
60107047
-30078403
-13790040
7102601
2991620
70296455
3403987
-23931948
-19879860
-24646470
92802286
21578882
-21404339
30278577
77311191
-32520032
-2093217
-58023244
-42458540
-102981711
37136019
-154189388
48328675
36252669
-28707500
-51910904
66623048
-45967317
-44926651
-35860507
-55433305
10122829
56553435
-95382768
-35499712
-49947794
7460409
-62286984
-176714863
17746641
-43163303
3374101
-16965573
-13255529
-69161360
-76287817
-14110603
-106354632
-2364294
-188062462
-64906083
37230810
138063608
-73551484
-24512423
-89740793
-25467344
87595906
55687468
-70836174
-92775078
44509893
-15153536
54524819
33932831
107439576
-85287748
-13026183
113379795
15796744
-3697902
58460336
17471247
69810853
75918639
-160928287
14636756
-35774008
-4466311
16050215
-111555011
70583998
49874097
-39575519
45702016
-74740717
-35497501
-3999681
8801023
-43855604
14996787
-70585612
12622898
70929587
-54781379
-14335924
-14732393
15069178
-80481903
-104710415
-53447007
-23084376
-109438910
-141264427
-36535870
59816492
-12110440
25523285
-22597294
-42771027
-10346317
-68471533
-21089142
-66369870
38989592
-29381978
31013373
-28340310
29620008
16393307
-52101992
-18106278
-21363680
25641223
-94390157
-67947326
21452279
-42704265
-20427082
31176712
-12358434
-149057710
-7753420
-48079995
-81689900
33317058
-83510441
-71405073
-11514037
-29212428
46956297
-80771575
15771461
-85168826
10535687
-75809912
-28276472
46300818
-29230013
-14940844
-8664456
-829641
29238553
-1625609
5689847
38469941
58582444
-8821571
-26441971
-11197931
53802700
-29483920
-79408730
-2447340
-40234661
-2789751
-64974361
12972719
52250125
-8248772
47543510
54705816
32000785
-45001198
-39211393
89937895
-582627
-5987957
87621798
40381505
5294200
29488973
-22101240
-18435842
8166813
6660921
-5914011
117994449
-13562774
-49924332
-67932466
-14621357
5787027
-16919293
-133818670
-84413266
-18224593
-52791827
-105571229
78449618
-64046342
-63418258
-61233980
-86994220
16592949
-37499077
-73427115
-35928170
-14219372
-104439501
9833478
23450220
-7353145
-870896
11660335
15798249
77039905
92075341
-21344403
-16205901
9805769
-41904139
-126816393
19209063
-15854087
2934086
-26511800
-79141708
83180235
-69673548
39400340
31019266
-49016054
-32274099
55887481
11252392
-65157255
1610812
26427599
25356296
-42004007
-50263146
101180309
34411085
-40498907
-156943366
-11448915
-70876624
36406699
-71802522
25073535
5705299
-2475457
24394998
-76633485
6546959
84805785
67865400
-110658280
-72217158
-55342240
-135830595
-119771260
-22370159
75563807
56277966
-16748648
-22147431
-64674303
-54701453
11795202
80776894
-90326805
30012360
95217323
-108915635
4156069
38799024
-22512064
31793920
-83142437
-71918380
-42170886
67862291
-152266926
-28255484
-61180947
11087699
-45550626
-179953863
-26652665
-15226795
17266898
-17987333
81849009
35578183
114737852
48444807
18636976
19210768
-56550741
-63855795
-18357345
-13538193
15634630
4022927
-80486278
-21108370
-89577809
-12414729
-151144145
21422518
-58027767
-9102427
-75386275
111102600
-6032200
-16298699
25347886
65905963
-51713636
-43547835
-14166561
-76628469
-8327871
62360458
-78341315
-59208412
32407694
68710414
-93218450
-58071592
31660379
-16312225
56030010
-13793451
12360128
86583751
-39668907
-80070921
-26016522
809356
10180404
-140240489
-104021271
21229820
122592457
-20910020
68773827
-17262391
-12941142
-121674387
-35898817
106206623
71421838
-105552764
14200257
-80130015
-77494063
86654524
-19484116
30106441
75505610
51536902
94357410
-6593486
23100050
16644620
-80269635
3089518
-6270754
-62643251
-90330393
-32292869
67819418
62456149
67627693
-75187038
-107359503
34021604
-236853463
8928459
48640652
30536936
8499077
-21778725
83314850
-1730498
41978080
-17338257
-42991175
-30029430
43485633
-48143958
-7186203
-35851706
-7520224
38210302
-57774664
41746121
22605074
-93017650
29521734
32034544
81197417
-54571811
25454394
21680205
-25814158
53295883
-63916159
43971244
-109191048
67943255
20531546
7965725
-6338656
12589795
-33714738
993835
-4922059
-55271143
50080101
39226128
33151635
-14698817
-16276919
-14868603
-94236307
42734467
-71206259
-48318653
-8452937
-13864635
-6667775
-35793619
34396284
-49197868
-5097488
-30810460
-72272023
48065885
-43717738
-26802185
-14271463
-96591851
-66833175
25624385
-144570004
-3277591
-56062140
11804939
30690122
-22523636
-15396573
-84650912
-3129240
24625911
6433163
-38334653
24767344
55191766
-7809541
-69211809
468760
-15051522
44932465
-27780033
75752011
-123113234
-82206592
22781975
8780739
-88494156
-8882930
-96338120
30663030
-131911095
72326209
24649890
-22311867
53564057
59999141
32648298
34433164
-18361775
-45796257
90721529
-137894792
92408473
-131471762
10579164
-20599946
101188278
-82161590
-150475231
1940249
19997872
32343794
90149745
-13797984
-28583762
9910826
-32901362
-141077560
-41851272
89592246
2434832
17268406
5174452
-11521496
18931145
-18792825
-138961845
-51246163
75414656
-120630
-43759123
10122622
-40345781
32823334
67596210
-30797402
-89210248
1333917
86949489
-51136804
57596242
67318255
12025314
14303332
-128371926
52290603
2776788
-9422293
-8782555
84677325
-155984797
-99000970
-24450680
1435809
-64010145
32687339
-24362091
20707463
39335476
38911531
17966490
-1257399
-87097978
-12678814
-788077
-20212169
-12954458
-5628043
5651793
-98100959
-30442250
-19300656
62048731
35887570
-15993896
-21024783
-33039899
-37119223
-46361557
77090337
-15464224
-103415524
3996325
-17122363
-44078824
44462493
-17076169
-2585297
-48120915
-5858150
-96968068
-48634279
-44542837
-40158750
-8011590
-29199407
-27075818
30384617
-65045466
3375914
-54564794
43851976
-84451358
106207722
-129868218
26607117
-62035385
-30479489
47659071
-12889270
-189415660
7459100
-32307021
78244996
-115546123
-16286120
-90719460
-99475385
16286717
59081428
-8694930
16021491
27678750
-12679598
-22617993
-105815792
67344644
-70109037
20389817
90248319
-41601246
14522931
-79442606
60171992
18240585
-22974865
-83143838
-19446948
-52201140
-37277125
86679521
-70861671
-92595214
-58415346
-82653899
-17649336
10352812
-5821763
-17979779
62692320
-60991736
34725845
4748542
-24227195
-46049233
71992627
-48206963
-74916965
-42127946
25147026
-81388944
30884318
10738409
-13399070
-106904445
-98382330
-88516109
-68524214
50774537
-16480218
-4432453
-47846324
69755028
25336239
13304863
-159593373
-85223145
20312564
-6894186
-78000319
-153430744
-16276199
-122767046
-76050977
48314323
14821062
-69141716
-41290268
75542542
-77961775
23638297
68500494
-92838367
-3515971
59800616
10771899
6521910
-73074014
64166737
-21649581
-102200506
42829452
54459282
92272126
-17777686
29591362
25235223
-14287587
-31648678
-63231378
-95139381
38895730
12380348
-57587507
-28694803
-125275070
-58407555
-57312292
33332276
79006470
78349767
-35486541
37739315
-55831173
-76290726
-12083670
80885661
-150102032
31978257
-4287201
54829692
-41131259
-3949952
27887912
-36356447
-24328854
-114138854
-66845578
26632523
73941122
22788322
-7585360
18024104
-11870779
-34501442
-74059325
-12688094
-18210222
-17694089
37185058
29993068
29079599
-67155695
43685233
69036144
7235488
-98163569
5421034
75603498
26032535
-78233207
17542649
35477008
55128253
12753457
-35353770
-143325028
-26729389
94751634
-55258989
45173364
-21515766
-13773526
-32443585
95823578
88838352
-35836367
-78918114
14762397
487606
-64768498
-102247906
46007239
55422772
-83092974
-40695539
111232767
-94500548
25677023
51807410
51468503
-47778161
119814727
-51658278
-13928294
-49569602
88659674
-33246546
43712942
-7014232
65888056
44615825
50055559
-143444390
-71124824
-119568954
-43454957
-44389939
12623709
-61088387
45775004
-82073797
-119153421
-34388618
39358020
10623090
-84610047
-99282586
-118187124
-47789818
35823614
20086693
-21138739
46098386
43006731
32054065
-93428502
-52136039
-16889477
-17884348
-5300803
-5985066
-51037266
90671878
-11840098
-41941068
16769534
114772311
-6457745
-76184013
27706431
26551085
-64594549
-32475935
-23591767
-5268580
-37659676
-4957142
-38829652
4553539
38273808
-43848673
19385515
1095737
107904231
44844369
-64305518
-61476715
-126441813
40878077
30835930
-50139477
-48303495
31175829
-14227189
54012614
-198193
-1134727
51433173
-122275287
47801661
-71887282
25764903
93727522
-29808524
56325020
-121242163
54025000
-35584869
79357221
-72554244
111780520
-358117
41119215
-59431492
67523433
-129466429
-31034541
-38423020
35264828
-24530412
-30873945
-60253329
-131581838
-57602642
-84509114
110142743
38084533
-112439273
-81704166
6060240
9885468
-29352599
-78295644
-10634871
-98723282
20129035
-38576300
-37866094
-39816076
-20086913
-176337665
-53206863
5590561
30303961
-40985490
-65221537
-156858749
-9226423
33879545
-73939485
-57009120
15903494
78354100
15083495
-53799427
26800415
-121212235
-30744175
45932796
-11802520
-15402460
-34913770
85169684
22786128
19242759
142790
-62476573
-67326676
132063101
-45414048
50171155
-46458696
-8124269
-32705212
-75733811
-163890090
22141242
-90322300
82687680
-97515414
-46088147
-62288576
-101664659
113093435
67213501
-20940851
8477125
-41865368
38559436
29035868
-26665798
106343152
-146350011
15214717
-24811705
-5415331
43907301
-32826712
26811439
71411673
-95341286
88600797
56996962
39005859
8184338
32546339
61861377
-137402654
-57522934
78778603
-38868934
80223404
-36452014
-66679677
-64149517
-722062
-76477169
-44506921
11513758
51918410
-8743876
-157699857
-80745599
-175322668
-57134745
-99121476
77639770
26595239
11302784
-58051638
-46368461
-72267821
-26267953
-58550365
-20965710
25176973
20300171
83855490
-61208987
-48976317
-30758978
71775077
-84077364
-13875223
-33041369
-107313448
-250073
-37591732
-14002128
-58736561
-69877000
29079031
-40405248
64213705
-33113148
-7333916
66262186
-76331946
-112255974
-70675701
-12909104
-46183258
-51179698
37825807
-77255166
40934277
47770268
-109375623
61735692
-54433438
74752932
4512992
-25512904
10380714
68607904
13018676
22797768
-85879179
-14797686
-41576811
34575934
-40556544
-75432042
-45912683
37082536
29253732
81184777
23080369
-26598959
6791046
-25041758
293211
49934758
-48782262
-22004083
15759813
-67936923
-69379518
-43292538
-31107937
-30788465
-29446226
-68112376
-17567046
-4554712
-94314482
36547835
-15259042
16633915
10203942
83950825
-63004245
-145911980
-115385212
27418677
35920226
-25921490
-19120746
46363782
20650277
33932511
35682921
-59689499
28777562
-7340576
-75023580
47545761
-65292311
28323319
-117773348
131211200
-87395794
10317968
-91060713
-56124905
-103779054
45323046
-39672529
-199057042
-75294019
-46465826
-78845187
-78590328
40796657
65911153
-24962271
-125581254
25727229
-9270708
-47982573
50339274
-87524310
-34447702
71372518
-11919304
-19316532
14085278
-20873402
-119958370
-91174746
-40996637
69750622
-54516161
-4308694
29128851
-40253971
-134031836
643303
-117383434
21315212
-61533808
-112771876
-103630647
-30406587
-41471367
-68104352
-59228585
64410532
-13143668
-110395086
-40518089
-61490046
21317362
-63129340
15893806
55947652
-33455207
-62379697
46964170
-10432130
-2665825
-16584194
48163446
-25355422
-42023842
-74240438
-115869543
-35577844
-73921893
1101496
-16657822
21056614
-27503495
-68804843
-50260796
-2036794
-161591271
-95503659
104317031
1175486
-103185707
60652120
-34674866
32056403
-35117408
14434123
-124406561
-24048322
-44705286
6479089
-28052157
-63491851
-99413783
119177259
-35811475
36507921
-76165500
-31857659
-46555762
113598700
4995661
-40516756
-18726258
-34315653
-2643009
85055333
47446108
68642662
33562227
29797112
-122850506
22348366
-75232369
-6751650
-44293830
-26750884
-73090069
-93199914
75668000
-52437907
58788180
-57892709
13327153
-61806810
54498142
36598146
54616306
33340539
49665685
-156763716
-84989062
-31675230
-153252199
15613442
-1309224
19597441
13660089
-29123056
-57733229
-64691015
13280268
-4281647
33259465
-24541718
60401563
-12106323
-33971357
-65336410
-113444978
-6900364
19083723
39677605
46376146
-23714528
53108736
7908626
24822740
-2682224
-68419666
-81227255
-42995347
-81652804
-69122065
-84203854
-34969002
13988272
101279363
43085134
-79011759
19397921
-67063481
-53500825
-89511135
-94420711
-57609337
-79132501
54027970
91461007
-136927620
-42170859
-43561797
2601048
17772836
-5563667
-12855376
-112049317
-96875523
-25903142
-54440638
-83662703
-10633882
-76246433
326567
-4182231
5064793
-27414003
15839702
-45122874
-97981554
52197013
72986582
-30950926
117419154
-157515272
-72810444
-36229505
-29606915
-31246782
-91838996
-79046520
87694714
-2245574
7426936
-127489274
-123382246
-1160776
147245493
-41171653
10941765
28779998
5581233
56998033
-9651299
6496424
-35445468
-37464827
89008366
73333792
2413861
-29821182
-95662853
-84847039
-69171054
15535018
-37329491
-81305775
-93299507
-121196238
5974627
-28681184
-56308705
28219023
-170451841
-33111907
33241386
-96419226
-189679954
-13452043
118758947
-50585869
66956673
77427567
-9151599
-95256644
38420001
-113443741
-25339248
32442951
-48937261
-29142289
65543044
4369697
40989237
68615370
-110131359
-33852681
-58501526
-88324735
-12561102
85072803
84711184
-62437895
54689130
87197223
-74646584
-56774170
-9764655
-1885891
-58701743
-36693707
-37697388
-38951601
-42496618
-57792555
1424569
-17248787
-32486647
-6588521
-34833143
-93826013
-111559412
-15865331
-45061687
-148269236
-69533629
-33454857
-21376412
-70753571
-202213937
59286915
-99406888
-40056319
10213028
39119800
3888187
-69875799
3664756
-8440224
45747999
-136225080
3731383
14401512
6337297
-29032912
-5553135
4668089
-52208875
32210060
26894222
-58212893
1174998
30662167
28841949
3261868
86909282
-93200686
23877599
-53335219
-55760706
18936580
-32720560
-39054905
44775189
-152826978
-52496099
-42123023
22112593
705219
-130868808
-149038753
-40288940
-6236661
89833404
-19356104
-19244930
-29996382
-89105859
76521832
81358670
-45098883
4322513
-32094226
-43392108
83186686
93944417
-123040179
-49249525
40334863
84381072
-84427926
-51113997
44873537
70941476
5461753
-136551774
-42001331
34000787
54660007
-58695328
-2035667
-7868115
76430548
-53103820
-68814167
236466
-98557764
-41402163
60846075
-2731547
-20246178
33082269
-104598741
-99165473
2673208
107542260
-90014519
-35446464
-71188968
-24118649
6322329
-8402821
26729044
-41103731
-66611994
-111210173
-56148879
-38550875
-75419235
-27716410
-29577296
85548099
-3847127
-150308560
24028205
-112877096
78843756
-41659200
-38527285
-14986259
-18239215
-52012972
3187809
-28590533
-27945864
44372638
-149995188
-39432596
-63310922
35641447
-60348929
26717323
-110109070
-50574863
-91344829
-81495937
-16904369
-4428759
81584961
109021374
-13720285
16265258
29186813
-43689377
-2346742
-83203724
-786841
-59144382
6711495
71076475
-20237020
-40296422
-59398029
15329215
34328606
60943928
17218794
-6720797
-133586640
-59903957
79045860
7663663
-78928911
-39674487
14317238
26234089
-102713114
-8625497
-64791438
-47972342
43778353
-140812369
-31494781
26443178
4041149
-52538503
11033617
-52312774
19308725
-18837861
37158418
52488109
-136873940
-58028593
8962932
87113128
-56963514
74494451
-7637159
-67337117
-51405096
-79615690
56371018
-30980553
40509241
-13993621
10069330
4282611
12414254
-1934938
-74938670
-57162841
-12328130
-118838038
-64269715
15472729
-154350621
-43028233
2654332
44030489
66162106
7469765
-73427246
7787623
3288628
-39992362
-81569667
-89376339
-116147147
-105190261
-40243581
62790342
-107104034
94231431
-37694790
-102402620
-26884983
-104087708
-69041919
15637914
-65030237
-61641614
80471244
22780056
-53632030
-76265511
-52759360
-137065740
-14183757
-151497815
-150236336
405169
2134160
89346119
-83226618
25543562
105907464
-63199759
-38183413
-111173983
-7401530
27879484
-50221955
37526060
-44890543
49921472
21600654
-118956884
-22764085
-23242972
29412404
-48334661
-25533510
-44616023
-59966563
-14952611
25092932
-54029964
-98690094
-47217170
-35208617
-4962147
48893116
-79208832
-22483766
-266951
-5996011
-101392265
-14108149
-43903113
-136569196
-65968648
-71354363
-94891106
-78631173
39207319
-32749892
-43400463
-14997777
-40839860
-352582
-22750560
-13658288
-20606324
19065017
-73287592
-67150095
-95558714
-47941074
-24417401
-161857143
-33974874
34369644
-63644926
-121295854
31033273
-53396050
-127885748
34963736
-29808239
-51359320
45155274
-43092633
-275561166
10079104
15743552
-29568454
46612438
3534243
-31884161
-51979048
-79344813
15157108
53427328
16649654
-27712117
52663653
-76364408
-23986656
1378658
74512889
-58681360
-24906414
-117542643
18101788
-17744384
-60721694
-157878476
17792158
-48187090
-32481443
-102028819
79340271
-102127055
-51288119
29947593
-27916211
63342309
-68734511
-24448188
-36804634
-21423115
3404302
36994677
-114993436
76732275
-64295635
39453729
26801775
27971249
-95282118
36470652
32069850
-99193459
12162589
40404727
-124280712
65634651
-89593934
-28112660
-19482467
-69477865
5537675
-16201993
-107615730
57594206
-429110
2165233
-66682929
48655722
21168980
28341233
-31956192
-35647746
22453077
-10117288
-14091749
-4261056
30076352
-48020303
51245681
-52185655
-5019630
-27980835
-36162181
25832600
-121379370
-43703314
-167300170
-86013373
54835887
21996608
-6419697
34635587
-122239510
-14273487
119747712
93710701
-2600375
-38310483
-33232022
-79657787
-57851088
709158
-97152084
37452456
152588073
17422576
-118231850
14877395
-22340049
-59671089
-43743440
24089756
-17091831
-44366218
-74389545
-42663052
-108415087
1404308
-79212945
-10012835
38795297
-52760032
-46895586
14265194
-84899083
40038628
-54409720
-54569289
-59632821
-26526015
-64586381
-12307902
-52213839
-54425054
-76942354
111460023
43368547
7120912
51063059
-117014194
65685908
-69890750
64294932
-80426823
42566719
-8727346
9976201
10863147
115803393
-4035688
60693435
40336375
-47488362
-28915575
-148345930
-5260095
5062099
-53589942
30846161
12658817
-116752182
29243457
-949597
2567334
46119723
-44911783
62105071
15319084
44763907
-51689234
30685183
-56180683
-82667557
-70488987
-83878634
-88006488
-106747031
52231516
-30627741
8161245
-23104336
-105697676
35938586
-82046499
-62229283
-14795861
-68402112
-45285809
74587665
62514781
-70424148
-93789638
-78713627
-75309169
-6607813
40460400
-62599855
29158225
-13976073
22236123
-88797366
79144
26049883
24852485
-59043654
37276049
108127058
-25394045
26752021
107685275
47845573
476207
-3020563
-65838665
75036335
-77413135
-72502903
-97362388
-92923905
18491514
-122019234
-51926580
31820567
-48490697
28416679
31066345
15128024
-56171370
-28793101
-37271437
34898600
-67498411
-50951250
-120845898
32010925
15735567
-45079414
-78889585
-74710162
30333803
37516290
-47412584
-20151602
-82489521
-88920295
-95680198
-118079507
41027499
-105748872
53721047
-13089632
19579114
25738766
-30345384
-9697680
19462837
-21748676
46880942
-98887941
-83809232
-88571904
-114433509
62636991
97078311
-50597726
6847380
7903351
-80999553
-108027891
-51416407
33714394
-8374574
39383200
-138063350
26892158
-6166954
29350939
9366113
-31324918
22511808
65185474
-32619028
31190544
-97155214
-81405858
40209879
-14130071
71818089
-63383229
-56844330
-46235352
-7056367
20442269
28059666
-12746806
-118225250
-60094942
35345249
-77763675
-35248965
28281864
51318489
27766921
-68955656
13501459
-62800296
-62745257
65880525
14485376
13405043
13473464
12225613
-30778896
-37428480
98316533
-88026766
-52903385
-120810087
-60095106
-34354655
45641877
-9251241
-38543604
-28828688
36608250
18571213
-34276151
31274765
-42941265
41041388
-121818183
9602377
28614213
79269075
-65456779
36920822
-98090472
-51971707
-45896989
-100616838
-43979187
3813674
-218683
-129535248
-120488586
-42082460
-41067320
36148592
1132100
55462216
-10433551
-65525950
-27188601
32297682
-64068576
-73481418
-15503973
15438768
-25367601
-77205722
80112966
47247659
-13812370
60572334
3346232
89242664
12110557
34874479
-15311912
-24826390
-25919963
-49049561
-106307015
-10163449
-136713704
-100054518
-8399829
-19753164
8028329
117448894
-11800405
-56829767
-35841530
-9987859
-50140700
-103634540
-87816089
-32225186
-42296347
-74114169
-6398175
-109238834
-8180067
-21472345
-76988882
-105430134
-56212782
-8379623
-170171557
-38933197
-146422042
-2674524
-89464133
35284305
81016930
46967113
-43089602
-1234147
-128981298
-145890795
7832109
8552031
-93657671
20951258
-29596571
-17296360
-146876189
-74062134
-67960172
64707684
-87091629
-34691188
-74808947
6260641
12251454
32684686
60286804
59817801
54901904
53700965
-42249073
-2195486
-59877529
63336889
53837731
-77418459
-117608125
-74185506
-64385203
23378541
-60675099
-10805100
-63834934
-50284228
-12435538
-43977244
22196096
38526044
-43366932
-31938257
35889231
-26964450
36299042
-80944551
51914702
52953381
19596314
-78539569
17465471
-6705312
-155706265
11209194
-35722845
61631612
-72703779
21885691
-34947581
1642492
-18982066
-197485666
-27401138
-6327256
-204160473
87868470
31749649
-35684948
-50689176
80313454
-37559545
-24090929
14978925
-3691880
-3280798
-30198162
-63812213
-50334452
2937543
-61432007
-71083697
-82143014
-50928741
-57050684
48991645
-89430404
27009629
17396418
-38296747
-10813059
80705848
38911250
70136224
-18092011
8631927
-65918020
-21783556
-78759875
91297706
-51931531
10908672
-7781904
18385509
-70824658
70801569
-60113570
6066308
-94111563
51856498
3478246
-12923700
-68794494
38787570
16593986
85331125
11913401
31329504
9019058
-31697404
-46906168
93525729
-26128100
7567672
-79736295
-139900120
-81972084
8982362
19653488
-14490777
-117391094
-41155279
-105093475
-4566929
-31397670
-57405638
20843838
-68196622
-20294423
3985027
-38982849
-52093778
-20803164
13285712
92831088
-41815209
-90117027
81127250
25788057
-18803178
61334059
8268260
-16562629
-20524142
-129470528
6676786
-41609489
28560847
28523562
-18579316
27849690
-43364788
15345145
-15309095
-54936307
-91102149
-85645968
11035457
20372079
57457292
-99884867
-2303660
-48192985
-26409430
6739240
-48731296
-8213266
-70525058
-32029301
34786915
-65662313
-10744947
-6927487
-112929950
18657904
5780697
-102657656
-71431944
26752989
-71593961
31602829
-87030345
-84321769
13280763
37385314
-16625109
-20819446
-40014480
87996628
-8528402
37371103
20241748
-50384453
95244700
-77534157
-91564503
-109614764
1113030
-55667265
-63749905
-17342859
-17164668
21163415
55536544
14185364
-89577776
-103237647
-104026214
-52255037
61781248
-25797871
-120435266
-54991478
-107417107
-32444234
49748263
-49867945
27646757
-43884062
-27371620
-106424647
116359449
-92224126
51325638
-50907765
-98749618
-62240433
-42610442
-109273890
41469907
-41934215
40328378
-3656691
-5549516
-57057706
-122258992
-33541747
103636
-5626954
18596972
-109199706
-71207016
-41997270
102187279
-39331914
-33730482
140768785
11527593
20682713
-3229978
26852677
-61141768
59836311
-91833369
-19087867
-8495977
57594010
11805262
-33073626
-54490989
7851774
59796758
-57785130
-98593796
-33978366
-42549756
5559249
-8975107
113339230
-36949402
-159411172
-61040940
-24975128
-74342467
-16539280
68420072
-80631398
-16488460
-38568826
-507929
-64735130
51562326
-29328114
55435002
-121398594
-110845508
-11300535
-44798261
51444143
-27534787
-621602
-91234947
-99954032
198200
27373667
-98250407
-32575463
50107006
-24393171
-42208653
-64543815
-55320594
-75221229
-48024806
67300945
19953084
37660630
15081320
-89627787
18865106
13719455
-51669969
-52288405
953718
-7296107
-412268
17541667
-38438720
-51807763
14182612
-92168904
10876163
58267362
-95328471
-7464656
-15183630
28916913
-52351600
67018730
-48039420
4886961
-31474699
24318910
41339022
82589657
-97947095
-53782617
-29417894
34166927
31704504
-81988957
26442344
-119249581
-22466191
-45740627
-32249242
39547190
-36824774
118960281
-81490026
32270684
10406694
-13065409
133960103
109093939
24027565
86658433
-89204801
-38424774
-743544
50472174
-94655849
-99942410
-86433984
84755164
-89471578
-25202017
-60651185
1184735
23355448
-159743886
4250822
-41380198
-72598354
56554577
-14544262
-19684739
-34755240
-10236721
1104854
29090701
31007629
-37606317
-14246591
-59402929
30213411
-75798500
57514401
7254001
-33900154
33658963
60746400
-41640283
-37548011
-153060748
-12407326
-101976502
38499103
-8303657
-117269832
-685692
-18617630
67144097
-62360193
64227077
26468546
32828636
-37240177
24207712
-25042848
-158436699
-4693796
-90205893
-1191371
24196364
46247511
20271287
-21940203
-85088183
-39173343
55316629
-126862460
-32214329
-53219305
-2530350
-54048637
-112138133
-81382588
46185675
-64076367
90077972
-15543001
5261693
11112139
-97536883
6831550
-120528837
-17302538
-28388060
11963537
-32432203
13000050
-165591984
-33353475
164665250
48681781
-21217244
-40315686
-35143978
-57752985
-9326443
29026997
-11259837
20572381
5883410
-66758845
-15279801
-34059594
-68802205
-41660838
-30695570
-14519091
7648390
-34474603
26619859
-40426114
6538133
-7338298
-104429700
91478707
-30063918
-37232214
20971388
-8581176
11991442
39678997
13808057
7225399
64399228
20615212
-6905139
-66189330
21640972
-39560452
-79986258
-47116733
21135329
-114910358
-59746267
-81319282
-7168450
-94001399
-4650980
-71722153
51544829
50573039
-52976193
-47572909
25612490
-30379884
-6384355
-37673445
-110461166
-32835442
50882729
-5949053
13592105
8101702
49199903
-21159812
-82581095
-60906529
78286907
-28116636
-2568709
-28799717
-77219516
-94882978
-11875820
120148786
-49056113
41227046
-39820548
-26045078
3930266
49010248
-58683692
-112365343
-168088378
-95372060
14500815
-22073030
-33191046
-40723581
-42373132
-61714227
-45078875
-17774856
59758623
7782584
-11930755
-60919643
47113848
83309269
-43181499
-115041837
-44070904
73419497
-54821989
39055342
-82948726
-29128877
-64435559
62905798
-101945881
22630631
-125113308
-68957302
-29673976
56574125
-52403067
-44822271
-18234512
1437548
51185227
89463048
10145170
-100962819
-94336686
45859992
-76218526
-41261038
-91174894
-21620056
30001004
-195649
-90410311
-71921415
9511109
28636656
-19321922
-1408785
-66319486
-29063508
70014947
-18110047
3715785
29962647
2832249
36959848
-32845094
20665245
-119577070
-61973153
34236344
38736286
-33035472
69051750
-7063704
-28761624
-56980181
-138232793
39607718
-94184635
-58448617
5783221
26838242
-17211201
57506520
61162193
-33411313
-41706867
9331945
-29156577
-93957866
-68088100
9626274
-3720413
-1355786
-2940207
-19470473
-113512112
81171810
-51145675
41998125
81410949
-20553641
12766465
27632386
-136728846
-14459549
-16419023
-83085507
73661200
-32435814
232489
-65976690
-82391249
93841783
-31827034
-144315446
14808640
-90295369
15954126
50371330
-32365546
-29468080
87641323
508405
-64325819
-24112305
19593435
-7738416
63327240
29155094
-94528326
-48182154
56510214
-53528100
-85126881
-14976032
16048832
-63272964
-21107275
-53773717
81775472
41567340
-46893246
-36083816
-92640710
22220880
57239903
-93206918
-15495817
20953075
-110279254
-97041609
-107221299
9094296
-50320086
-110482832
17245881
1798184
-41038381
54412202
-92274305
22544179
53657296
22500769
17709191
-95738982
-1201797
-48207909
-30653182
-46109754
-70084050
-34000082
-30498672
60277672
30303397
11573795
-32435570
-154842260
27092290
13438431
-75724634
35155770
43790552
30372700
29638000
-29364742
-3252385
-93334368
77759435
-3788432
-59275936
-60508881
-90031136
796175
-95383656
89496308
-15640666
-142998447
42774834
-158653748
-47843842
-9560893
33932973
-21659021
-20447203
-99016831
63502903
-23025391
-12149857
-70526639
-23685634
-63882858
19797590
77984082
-55363837
19077320
-68662316
-27975880
5262109
89553123
-100435731
-37863295
-116208500
39072538
-50168349
-74640320
-66014131
-99886886
19648069
10001559
-133319499
15746437
-71663531
15326853
28041479
-8101794
-61782062
58333804
-15076876
30255761
11475532
-73587253
-86660517
-14200642
-81190750
-7475703
-32471947
-53669413
-105496706
18380325
-96425855
-129148105
22293264
46630462
-163466122
-102139415
-62750193
-70929991
94170335
15734290
-36534823
-68554621
20907189
-77373609
35274098
-35473735
-52159653
-105686602
-164004028
-75469182
-5465617
-99292144
-12340951
-50409114
-32643769
-43554747
-31080230
-44013977
17516135
-90698196
-44355985
-49089815
28019446
-50167724
-5893121
-73048236
15355828
-10544985
-73060462
-14893882
-34812261
-79633804
-117129880
938192
42576889
50886551
14149507
17306848
-36731446
-59944389
8887141
-41503999
14205491
-19935840
-64304484
122069
-971098
-10207629
-22244050
17724476
10395151
33604294
23503499
7036069
-148694166
-50309960
8038372
-58465814
8105063
-27897043
-37138271
-16530088
7159253
18872480
-39142610
-54173773
-33278810
-6594566
-65611578
-14917642
5834332
-82101097
-79646896
-12722689
-12931831
-40848289
54412574
-56880150
2156314
-48339160
43316586
-92051290
46954991
46068192
-16350298
-41148675
1383028
57058008
30761368
53487800
-47489910
-23305613
-17527980
-105823276
-58526326
-58938558
-71638855
-25987043
-9099953
49530216
-2303028
-122717111
-78982127
-77246429
-65770227
-59788343
-49411225
-49865520
-119455228
-13876362
21987559
-54320593
-96501071
-22814173
-143725973
79628461
-54483180
44431803
24449778
-89913295
-49136802
-25189334
-75985181
-79132795
-99461258
-66434734
-62845983
-3110201
-12567668
53767546
-34294593
-86829167
-45257572
-30293185
17891264
-1420067
50820819
8912250
-112987816
-86177492
41570647
-65696757
-22607859
61322692
8815983
38673495
-17297731
-120877387
-58767113
-57292443
-70206871
45286342
-33386724
-7233665
-107786081
-23326366
-42569368
7407231
92898313
-50938672
-79339317
5677104
23095217
-37279100
-32460778
-68905882
46673126
-96317503
-80124493
-50903899
88055021
72118851
-59242277
-19610275
77133884
39002395
-62612637
-96977337
41743820
104025016
40352171
-7023953
-36887113
13671245
-40837082
-73814013
20322126
83191762
69980680
-832260
-66275959
28318462
-5059915
-26264977
-31358644
-56889431
-15651079
24909282
-8061674
39502952
-84825742
-2835834
-11916638
44299685
-79533792
-84591593
-1354157
-56135693
16735396
22079246
-47202003
-62933913
14994458
-1283960
-71161412
52137787
83268920
-156307624
36191728
-13962743
16876842
-22892013
52436624
-99399658
-27225852
-105321499
43935446
-83548454
-73760895
22913390
44328172
-24639268
29664208
-112915793
-96166655
-21814125
-28049701
-137707891
-10575684
-31620748
45640537
61622683
-68933891
-3249188
-9072069
-126344493
71998481
-29456794
-62488075
-42012699
-35454853
-15204250
-16542594
-45537652
-201971
-71245095
-145002051
-32314710
4290118
28912725
79037237
108336119
48037809
35647690
-99438300
-27732073
59779930
727718
-14409358
14306869
-36150824
68455052
-38144132
28284103
-56906518
72997522
18533936
83437448
-32864392
6277327
-366775
-4784452
-76957509
-60647578
-28113874
34315274
16832397
59435985
-57013708
-18797894
-546176
7384324
48549724
-25640248
-54709927
13042744
6754589
-34876806
55460901
50383355
-142553443
-94475375
-5509465
11469698
32283098
5639553
31573361
-18906471
76341390
87504001
-58472835
-29783543
8660016
-64515518
78976043
-91354478
-3728440
-27712324
4789336
61330545
-30057277
12174778
33919410
4163933
-107198513
-21681119
18355134
-119189041
24368300
67029226
-116219875
52516912
-105619950
-21538641
-54311135
2083534
-68335443
65280224
-61242049
7143516
-9912262
-80283096
-99523137
61713240
26567503
35121458
-41290936
-123806598
-18932830
-66492103
-1243231
-119877893
10040770
-71638920
123432069
32193060
-2725245
-55454376
2707579
8452087
-87001866
-47792636
27004579
60379700
-136548132
-71556547
45128344
-1538514
-37231484
-61317810
-44066915
11145368
-64156302
-54053949
15515567
25273563
8745246
-7185950
47123390
-18706530
27019358
-96373269
-67247183
-54205686
-61526719
58436499
-77348117
-79025607
57770983
40826502
14416574
-27695283
-45077094
-69631202
-20944640
-90369174
28412855
-61416448
-49990022
-126963016
-64112151
4559429
-70831083
36701133
29921975
-122913673
11828047
-64598341
-12325465
-85167612
76097197
3629203
-74407715
5522310
-43047682
48806802
-40970149
-55430493
-71435191
-22818019
-105958895
14120956
-39716277
4131882
-72688630
-85596833
2702022
55564708
-68006860
-65287808
14329988
-43320726
-146692509
57449088
-93192163
-172736638
83557897
-72777095
-23269879
29454640
-70629224
-32129374
71636349
60473391
-44434477
100265322
84211036
-76179623
-40809871
-67220048
88779069
-86896014
-72044348
-37783846
-68636792
-31312239
89288809
118008522
50720271
51298495
6925266
34409238
79465168
15822857
-66223699
58512584
-13169465
44767943
-52101206
-29524829
2869633
-25752506
-144454939
-101250878
33468030
-63969164
137847320
-66731981
12982111
-11709401
-8886152
-98823308
-189041932
-25018984
-59545354
111471859
-44872541
18728236
-32893834
26779707
-4338208
31619206
-32407769
92898841
14986696
-69072760
-53722724
9750410
20260349
-99776893
-82890374
-83191000
11358528
-51380956
-90338804
-104613881
-30148972
-19942314
59890022
-95335201
-51378520
13873266
-31017916
30863138
-20784205
-22404064
69050618
-17554935
7471073
-93447998
-52724605
-104169351
14818415
2835845
-13908247
-35670580
-91739658
-18191593
25265029
37715907
-16389827
-43044365
30039374
-94263079
-159883793
59059119
-102715030
6375753
48311293
64909843
14983795
-95941598
68149278
32553696
-173487603
-11417549
-17355911
19481881
-93758774
-199739723
-70211171
-42741605
39936576
-34877600
52130705
-20766050
14800528
45019151
-51889850
-48427961
33728037
17681509
-4875966
-80472928
-9928603
24961931
-107952345
-152404247
47619760
-68966081
7160940
-75401467
-172873993
-106377379
4202874
-73874093
-31647824
-10469708
103794950
64601507
3693744
-112456265
38961893
34522975
43734334
-46557826
-23035409
-44124823
-83551806
-5768101
-2859165
-36408807
44586579
-31513892
-43538358
-52844598
24738395
2703183
-90879575
3657984
-25006109
-63170559
-49153141
-31677395
61730971
-22329932
3061328
-65865320
-27390475
-23379775
22689221
-109943812
-63100727
-75005168
-879686
42027906
-4390161
5546631
41370178
-46905496
-99499494
53513118
30850300
-123469941
22588337
-100316094
-49722557
-29969445
-85780441
-10231402
11064331
94541283
-32304478
-130969796
9360232
-42750229
-33920662
-45135372
-34660309
30334723
-98513034
22484134
-94751455
-10675885
52750512
-1870183
-106166358
-24769114
12754257
-41623929
-25465869
24216777
-49000968
334750
-51437349
44759338
17101088
-22553994
-83459388
-6702435
44402067
-16821939
37328198
3691507
-3764809
11712500
19296480
-47544917
-34671485
42788588
-129508446
-85038149
-54795940
-48706135
-21688109
-105682049
-137295019
-1800162
33870735
-27356786
-19114725
8753871
-118622605
15795866
-70912002
-5406272
55184450
65193639
-55311139
48970455
72933289
12528264
-68912358
-79136857
-34990051
-54573121
-117562132
-59360098
3892072
45307410
1226942
-8846787
18579723
-43824078
62308262
1358327
-7683863
-61143469
-41395052
-23814632
-61566998
34097078
-35947741
-15825117
88541435
-38437519
-2755243
-61501926
-10614186
-87352932
28294789
-15956803
-39873561
-57701655
69207414
-34546267
14174282
-80094867
41807790
-330805
55263747
-68487562
52714315
-20822083
67579035
37615752
23972680
-75914526
-117807738
-125108011
-30113100
-24719895
-8690307
-11106771
-16502779
81784588
-47259053
64395421
-83132633
35666383
-77626556
88829057
-84883332
-53579378
-203594777
-40169105
129300306
-27134864
-8132130
49598946
67639462
-52800717
-42523141
39166278
-3111488
-70555209
-39017389
-155418043
10994672
-36759562
-113829008
52559364
-63015928
-66274803
15556575
-2643156
-134563817
-38911472
28517347
-45687118
-107742458
-9544535
24996155
60881391
-137295498
-50436582
-90524163
-40531237
-92752887
-159473549
34061792
77943231
-14810734
-19175464
-67806818
-57622815
851119
-82113955
14686731
-72522659
-87348563
-109536670
1282873
-88995163
-9361908
-15681264
57665137
23679833
-42470905
-65556527
-22692914
-45966038
-38441873
-156248808
56052075
-1766688
-1784718
8833059
-47478828
-73083083
38460100
-40359770
-11129200
-36067036
13550076
-30626772
37830636
115272005
-160698241
49559884
-131595425
-18365225
-7879897
-1261271
-59050471
-30507672
-135340227
-100600758
-56197729
-50310751
-70991238
-463645
31415758
-112575290
-13612363
-86492793
15025525
-93212924
-146337647
-26466255
77059711
-27029188
70084448
56268479
-26792781
-1872732
-162521118
19924396
10035782
-54009121
-570437
-17200469
89958122
66199445
46972323
33729747
-40885896
63936715
13261307
30956093
63398201
-3138687
-24192650
-31655931
-15003050
35240846
45586493
-56399057
-6048295
37753014
-74680449
-47825780
-76659326
-23272934
-53607985
10440483
-60868971
3342828
44347604
34659289
-18383671
59645615
-17222243
67900429
-36404000
-26141256
-16736166
63798992
-6393145
-69531552
-117092158
-144132168
9286878
-61798590
33049093
-79674582
-50283353
-64759933
8165156
-116851142
-47687676
-13456073
13709306
-69266063
6197120
-60148853
-197875955
-77319575
-82032059
-8615263
-75130336
-101842893
45652698
-31821688
-88636254
-26512016
27163041
-45579983
-60964904
21320355
12521565
21486327
-42475632
-8304681
115169219
-41962501
3329744
59261713
-36041265
-104187037
-21831321
-88372990
-157404672
11696091
-104913145
84448927
-45394697
-86231345
74277095
-24965998
-97286774
24037956
-75790899
-100423910
-60320701
21627355
-11621572
69141826
-107024214
-68954341
-161403693
82276196
-41292094
-60776433
-35213695
71172082
-54535507
-225881826
25706392
-94236605
-9585976
-14609047
86195049
-19534600
16421393
-63026803
-5620131
-66093324
-73218108
-56344306
-60743212
-59596693
-71069296
64526439
-51393663
29072249
44555789
18040310
-55944258
-66650845
-50510534
39629948
61116700
21403408
-36952326
21631176
3097928
22848349
-36503550
81290648
48891783
-37832985
-28084707
-12071302
54382576
-20279520
-44504078
-15645444
-26598721
-24182775
32821596
-16254268
1008872
41975352
-22189189
-57540838
-77829075
-12556707
-14831656
-31927771
36621941
-80132618
19272412
56508977
15834569
42214629
-76162186
-32939774
-28413756
-106218345
74851538
-29580261
-127623234
-60829402
-22125800
-218458239
9916462
-55686049
-10151906
-63990818
-39869655
-56366709
-38699604
35126937
-35091914
26424922
67912774
-20656077
38751806
-65753798
26544031
-52368
65910217
-71998639
43928148
63639158
-1552655
-27848864
-115971852
26529498
-25252834
-94205540
-10439129
41210675
-67018258
-36894397
-44280329
-95644702
-45708008
-125778457
4513468
19334594
-12924041
-19681582
-32019625
-162708105
44165287
-15204238
-18896276
70340272
49978797
-60116288
44002988
-24047024
51199510
-102356429
-21488955
-57080417
12439802
-9033976
7058463
-103911931
-78950105
-45648102
-62006930
3983398
-91021519
-25809068
120166405
26097074
-27045051
-109863044
-62461161
-73387501
6060435
-5357100
62543385
-54495913
-10329385
-29328085
11495769
-17554251
38580225
-42127043
-112319459
-19933174
8903926
-5496093
-24786512
13375563
-97743724
-5866738
-22644078
-14217767
73159967
24435043
46254408
-66202995
-117699009
59774298
70745874
-39881952
-39840036
65111324
-2229329
-93431000
-45044718
-39702960
-7942992
-41547353
22414206
-373256
-38917346
20589054
3424298
-69337185
-128633587
-36286976
-24631985
-30437750
31372070
38259933
-11324755
-5859180
-82510602
8975364
-10129482
-93430134
16115101
-53602211
-47503256
-90185596
-64504855
36535049
-41009386
-80773429
390679
-107224607
-40330534
-51951422
23999767
-32963871
-58052562
-18326774
25840324
87256254
-21971541
-25563237
-99967801
-31827370
-53552674
-64154107
-63266873
26761204
-25631537
-96977094
15779860
38386397
-37531824
-84233954

42752620
-117821973
65116626
-101761606
-89291986
44035853
-18361238
-90896947
-8491933
-98839380
-96473701
-56265079
-99302073
20510887
6396730
-61818923
-82788395
-123307815
-40716240
-34760005
-54691520
10556522
-128959560
81134468
38309857
30699019
-16541801
-13722916
-16508109
-92794844
-9924872
-25613844
16100056
-82379119
6148215
-31686104
-4633366
-67361284
-23360747
-32841498
-104507923
-44267804
-80480722
-3338278
-24287759
-70485508
-91419330
-26768551
-660375
-113862544
-29188486
-79255660
23869252
10320041
12091256
-37306870
-88967262
-38558098
-14684266
-3850171
476508
-6682227
-19295643
-36508354
37609747
90577719
62287076
56186317
82619953
-37485637
-59117753
-69326869
55251695
-81516935
-50819400
-186489217
69942198
56606640
-54634420
-102996864
-52995140
-83905688
-63059652
-165690818
-26441769
-67005092
-98824705
43379623
-34275635
-29460889
-21195183
-74198703
96110855
-27615303
-79654991
-81155232
11618019
-9601372
-82216952
46181640
-69436605
-5576585
-72102524
-4667732
-135468781
-7728997
-76497711
-35808737
-51699905
38892968
18271792
37821436
-14788562
99765206
-59985522
-82543500
96534946
27052547
40055557
37873985
-117830438
18992878
-10010050
9041539
-33166923
-79334411
-75071385
43719163
82811459
-21406040
-22153750
-27438717
-107534362
-89645392
75430582
-1153066
41176189
-51767856
4205182
38145855
46280857
51002535
5581366
42441322
-78803657
-3237661
22907687
-39318298
71999025
-45743914
90974410
-67825540
-5545005
-83005777
-263816
74409455
20026051
-44945152
-15156707
48856467
24609042
59934948
19816331
25117010
45669230
62454326
-48177723
-68687928
-2758256
154021
-20317134
-23374957
14099199
-21335730
-87882699
-124203356
46814923
-69553511
-52857782
-37578318
-53157886
19973990
-13059857
-129634722
-8642942
3139817
-27122648
37953432
18355241
-26807478
-22873434
-107136225
-26347223
-97634811
20803078
25778746
-118868246
4510285
-47832211
-25766099
-128911470
-38436282
2699722
-31581993
-24622375
-37595062
-3807501
-64039380
8645385
-4451796
79112847
42604944
-100812708
-32902415
22582526
-41166421
-143609272
-15143975
-19836980
18084807
-59341870
-84076371
-80958868
62684718
-22396000
-9504818
-106338578
-133565318
11457239
-6999631
4616681
-10536097
-60368476
-20570621
-42933053
-71129379
45610899
-132607941
-88575474
-108496273
7682145
-63420556
-76332531
-77629282
18439877
-48491667
-15895039
-43800590
-44921044
-57146733
-81935043
-116341683
-31184202
-50102606
24304997
-11449944
54694312
80225520
-99212167
8399000
-427182
-78941473
-39304315
65275933
-48627901
-68507899
-36011315
10060971
-38793616
-51939234
9152676
-24555882
-146435419
-24785269
-3191390
4425277
-36159305
-38039612
-47639719
14712997
1997893
-46064718
-67956135
-87034882
25585853
-101133223
97819674
34015690
-89238210
-23125009
-21002909
-36688262
-48020066
45346179
9182506
-55071906
25103859
76319711
26934092
10336705
34753127
25440668
18146544
-21559418
-60566398
-38329726
100713853
45872847
-37495367
1886956
38114004
14452928
-32556207
12427638
39422915
-40526891
2440416
-111223111
-5614346
10456134
-76383500
-84462718
8449209
-26905434
-139685176
-29133829
-114675769
-49687746
-91508313
-4594628
30847906
87782946
-17011137
-101798080
-18268182
66601434
20024568
53399248
-150720319
-43487913
-101014954
-45645832
-26818360
-101849091
-36185623
44405273
53286839
47375912
79579690
90566225
-32551257
8642457
-54331152
65067808
-20442592
-43249139
-11959804
-69273164
65466754
71911276
-1504731
-60983733
-51936916
-30014193
-36070949
-99519367
-34333794
-138374598
20201934
29349878
16676623
-58412962
-21661252
-121950753
25139418
-23313197
25209614
101673348
-26507423
-11311058
-11466800
7510104
-27779557
-92209386
-127443358
-9042165
-22925801
-63344834
-49824727
7177638
-42204322
75793962
-159955823
-60777818
21156207
-59794135
-21386735
-72741828
11958398
-3061860
-58918042
-106527466
-143697185
22787216
-68194092
132823507
13611455
-5047535
-69697591
-48637036
34334413
-17647614
34181774
-87074427
54556264
45400835
18321808
-22161525
117639086
35853127
-53068819
-25729101
54945782
29044882
-254653
-63658896
15986297
-57608009
-28980938
-4356599
-31969164
-118850108
-15682107
-23777411
38239009
-39997831
25554651
44068648
-41968662
-8382622
-47279399
-53548423
-99701688
-77983942
-65768690
1518904
-89918957
-86322421
-12161335
-57687129
5581483
-15988518
180286
-11428943
137720340
-41836412
-62700135
-13367317
36982097
-27168977
-49538399
-158220762
-48173846
-17871568
-48252996
-32018233
-87511782
-74124845
-44231803
-50751513
-104858082
38520650
-50034987
-28853438
-58081134
81177931
61007644
102793871
-79699557
-51045560
3833269
-15572973
-97861318
-73753175
-3309248
-52474311
6078412
68615153
-26874367
-85924458
23486316
46444642
-78179673
-53501221
-23891370
4987692
-53195553
17419350
-40009698
104560891
-91983032
-78177745
-14556486
-16248551
-50654530
-34425461
-124234847
-28106389
5701884
9725679
-56039561
-5987223
-3257326
-70062991
-51508538
-13671087
74648070
-7647725
93338920
-67928001
-74625555
-27003037
29731856
-90790182
-15235786
-117606764
-91842104
-23623939
27874980
34891191
8339774
46930711
-59560831
-62546829
-13991370
-124538661
28885044
9411346
-94329702
-55446769
36436385
83806989
-127739948
-10500340
-10150341
53793641
-39861765
2389298
-12392816
-113010738
-157468059
-77362043
56446588
-116414262
31937131
-28537031
55173964
-36620616
-29500860
-69307640
-13938887
-58730718
-57832772
-92411139
-27498687
72019072
-157084322
-55735462
-102170110
-79845624
33355252
11206177
15556410
51207941
-53136454
-115738171
-175510645
-60792436
-71948378
-65774874
-88546033
-30436865
-131663855
-72421379
-29561205
6692812
-96908284
-103648618
68240954
-11892368
-16928730
-37572375
-68443446
-76763601
-111864158
-67313666
19085522
-9891658
-82092821
-89697640
-23210793
-37745919
-30520624
9745885
53441744
57640210
104182187
-81429066
-81679070
-2611647
37505424
59975879
-54092447
-118395286
-49850033
-41116005
-23664594
-33379545
-71673931
-31918456
-37277506
-118996634
-126132034
-26630516
-20429989
84136380
-49748786
-35737640
-41107500
3221894
-48508576
65142492
-165193458
-54848252
-63474617
-6876977
-111009443
-14721820
63724576
-42489275
41000798
20007282
37274339
98583691
-83790293
9947901
21107028
-65716362
-117717001
-61289667
-49172546
-38016070
1783157
-40925587
-71084498
5470238
-23612072
-72559304
4651409
35821008
44122392
78628874
-117389685
-104051181
-40819826
-25225147
-37818434
-38349685
-61252044
65167287
41236671
13002110
41511789
-37349724
-80521928
-29709474
-78403925
-121149674
-67396026
-55808398
-27573382
47283720
73938328
-68844858
-13358805
12932164
100271454
-15219240
14629693
-59898439
80203968
17361863
-69954269
-47669768
-6632580
-15576164
50008833
59411024
56681606
26710688
-57195464
-74677992
50958810
-2435143
-4444483
-2540171
-87192738
13479605
-48842077
89435382
-99614350
21787725
13117507
-26126184
-63096747
-36375763
-124462314
23808424
8633324
-74623467
-117251716
-22826677
201930222
-44103212
-115976994
-137948486
-21101683
-59629961
-5117653
-2274997
62490032
-64976635
-76660194
3938086
90877908
7030487
93528161
-133702337
-86602492
-30715229
-4565462
-45342086
69614353
-32857504
-44151059
64223001
11727833
1948054
-23148623
11535715
-61429030
91790372
-52058005
-57553822
-1058829
-22330873
-139426633
75512556
-471782
-57036155
-7589804
91834253
20478800
-171500423
44941985
-119679538
-28435619
-19618292
-40302966
-84045489
2971504
-51156391
-66901503
48510153
41715420
-31136484
-121211139
27799721
-38795942
-40223041
-4663566
-76067301
-12077954
-98505631
-69096957
-150088782
-24904243
-46555233
56008197
-94536299
-101612081
-56850006
-124063127
-1343039
28789528
40372047
-59819000
-5813345
-112343749
-71240275
-15303308
38417273
-6190127
-58301676
-14018261
-10063696
97745330
33617210
-20827881
35210433
-105736832
57936613
-33533441
-46291707
-20623477
-91310779
-61172758
27008929
27433094
28703940
-92179852
20587959
-95900153
6564589
-131061576
-38736923
924315
2151409
-89890681
14896914
-23386440
9512240
18686933
-41152920
-60127035
18737511
8605144
-18663189
-4051965
47984484
-70370414
22557316
48724125
-6703894
-27307236
-40684669
-39471509
9062854
5702311
-102101295
-57114190
51411016
-60871507
-128423066
-13742853
-26260655
-21714492
3069260
-65972499
68777433
-90470162
-103343215
-62157514
-33012361
-81772723
-66473207
-54143046
22155192
61321760
-35252073
-91431394
37302209
-68224607
-40936238
30548026
49378143
-16139223
-4125192
28884822
-33224075
76267033
-49352678
59211919
-102813589
31012305
57370874
-14228731
-90849862
-26728841
-17106444
83539879
-61057934
-38869569
57229207
-114270278
60837836
-124299493
-53095588
37508995
-110679579
-80201341
-54328147
13165532
-12524249
-25016397
-31209971
-33627292
46592272
-107524202
61443286
5472355
6383467
35413003
-37319352
-68009078
3433084
-73213139
-163277035
-48127873
-64387547
-92356272
15987890
35611131
-104244789
101718411
51102721
6809470
-18352955
-94599042
86787358
-109030609
-78264743
-150857413
-70764650
-145956394
8174642
37935484
332915
-827068
52850040
-26072059
-94356259
6758687
-91015747
30961543
41187481
-75963112
-60086455
34036300
-42180648
-38123294
2533578
-37818019
74064355
-60233215
25845894
-66403706
94916962
-21838290
3992830
-95373716
-153228797
-114312922
-44444502
-59500538
15831628
10601189
-21157136
-22636074
17289639
52501482
46062244
-15686723
-65414966
16943705
-141821807
38771663
-55230073
46488850
41556197
-68809811
9825530
21379209
112843301
21509108
-39600825
-8009905
-112448533
23767586
-94668455
34576578
47784764
-90045247
-79802240
-177831039
-66663889
-123748603
-89941229
-98957513
-54335454
-70935417
53053372
38877612
-85610723
-87972240
-112567802
30592104
-9567186
-91541833
1932967
20032446
-7153322
106099466
-52207425
-136088441
-69348956
-50855327
28489456
-30121716
37483189
-69171105
63439179
1745781
-114076285
-79509380
25544418
45331744
-42335644
59341278
-16417010
97153885
-39449681
-56737933
76422733
-14651778
-41331228
-113809408
85282329
-39859647
24893334
-118319621
66648404
114107553
-38563728
-69393183
13029921
-86917319
-68423195
-162302907
-23915797
-32448402
-79580341
44495727
38171376
-34206725
-232507875
55150149
-82227674
-44589345
-22739397
-88096913
-6260351
-38420945
-40373232
-113215654
-2639339
-59689064
13543721
-91562401
-25166918
45098908
20679486
-102052758
44398462
48805983
11939787
-104707184
-110370202
-17406541
46646264
37617062
-11101900
-97637045
14274157
-44781627
-86675786
83250844
14467591
-186463570
4044794
-32365196
-49515462
40471525
-46134647
-26218871
-18839733
-35269655
-5067254
-31269068
-64199930
50296716
-46490763
18314101
27075450
-30171243
-69205711
-12074000
32735446
-80756027
-168989032
19187218
46370705
-16697305
20055057
-47606235
-75732865
-29662417
-18319830
16415054
37447499
23613780
-65167894
-115784792
-43045618
37376275
17124184
49986108
-18687030
-48409084
-29273142
-35605857
42982860
2666316
-67560670
-5720424
29521465
31181560
20427981
-123886370
-97883837
53339247
-50077147
-27866124
-60732266
-62318323
-57915573
-1602119
-45355020
36025620
-47181744
60609108
-58448638
-6925616
16552077
-33408205
11490945
5505258
-34708000
30990233
-27717114
72377867
-129286717
-31168640
-13453004
-68680531
-74993004
22646100
39050012
37589817
-15545129
-18566758
-7872550
-129986356
-51169921
8988607
43924228
-41666178
-36962107
-56185726
-24754770
-132497911
-62607835
-72717959
9632764
-38653903
-26775357
-128775083
7623779
15554799
-55873598
37848317
-180371670
45756640
7755575
-34610638
-66920179
-80279562
-86654340
-59538613
58859716
-4915935
-62072481
59520261
37165157
15915030
-42422816
-33918775
2068596
-11385968
-47542777
-54229937
23626254
-21143943
-55319246
-14872225
-83130244
-82275938
30785538
-93564804
-36994413
24348955
-109165657
8105141
-152264742
-7092215
-609897
-30929334
-54286644
-47644494
45158505
-18934954
-72052135
25622925
29254030
8190091
-20028283
-49844964
107092258
4124063
-26182505
-89231528
-23932396
-31167417
15799720
-12264095
-117781235
-37883077
-50363745
-40056018
-53106058
-36165604
-75294562
-16990792
26179049
900910
19845467
5000205
48085345
-71907551
-128694938
36516655
54872835
-98866982
48014289
-32015451
23307471
14575343
-65944641
-257150784
47944948
28916004
31524151
-23834189
-27126345
-70003927
-86481240
949428
-9346665
-76987020
-92397415
-74250618
-11421071
-40354084
-31249720
-102618080
-135504489
-37089876
-116882264
-58336621
-34495739
58239986
-2085524
-8261698
45528207
-98275386
-57941994
-63477354
-47571223
-78508794
63234660
-32024969
-101208655
-88846037
-27412475
55917973
36185848
-44051072
3906031
-24763982
-6942395
-67219453
-30409701
-59636848
-42329738
-124337443
27168642
-55975321
29328022
62731170
24603502
-51132770
-95860614
-33518856
38128912
-135407962
-122539390
-24800421
2280084
-30482211
-25519442
-58733913
-56561007
-32858821
-51415443
24556949
1289294
19611284
-136665672
-95683340
-80829851
-91800176
-48158689
-100776910
39491928
-21564771
-138339577
27828390
-41498849
-31864103
30969607
30803782
-93395058
-7545822
51758571
19723041
-2024679
769485
-76364804
-57687128
-62907828
-6395121
-31509760
-50833173
-23032201
34332979
-69240509
-31138317
-33249246
-117500114
75752999
-21651109
-122259457
-88179803
4022495
8688147
-50570098
54080133
-46472151
-91159436
74982826
30348119
-55381779
-9302942
-44051789
56211265
74983984
85121775
-106962486
32713155
-75373961
-65636131
-26572869
-52927479
30504707
40708255
17366328
-51343915
-375498
-33832888
-56471655
-41928457
34827307
-80864053
60385265
53482332
-28273224
-36719657
-40140933
65873869
83742131
24985999
-71959719
582148
-114967871
63600573
78460865
49873823
58359855
45644814
-44616739
3495913
-59317444
-45919123
68210363
79684904
22761596
-80368983
5198083
29813403
-156253502
-38978826
-70393107
23637517
17911076
68164032
-73079673
23641220
15015340
-608090
-63324563
-115809096
-48486102
-58805476
45217643
38467108
-21681716
48972042
24738689
-115803561
25659107
-12060405
66132873
3445732
58909631
13052783
-72202470
-83213400
-152006537
3297811
31482750
-123539264
-66992548
-26335933
9753707
5719360
18203194
47458252
3684762
27025941
-26191013
-12272782
76236754
-37423582
-35783362
-24700712
16248763
-60960589
48681686
7841835
29362297
-16720390
8566493
71454866
-10855534
18314074
-49425135
-32160373
-36014561
-76400585
-59151939
-29171514
-13092213
-2985180
51412239
-42697864
-77129364
-127291
45458682
93681953
-5117656
51367783
-18595915
-113421941
88756
-11756101
-9251347
52792203
-10573336
87017487
-60300752
-8784052
-74816411
-132586876
-4628429
6372861
-47976433
-53538888
4774064
119971612
7444181
24467206
-44203697
-71957795
-6393383
-75238371
11571667
-151336420
15423868
-3450629
-105148809
3424634
-121883886
48405779
31967289
-56819964
44926513
29431587
30711649
25967149
44492812
24921350
-79836915
-35747992
79106836
-44085182
-53298410
-21441580
-22519427
-56986302
-38750163
-37374810
5867501
30850503
33699770
-30642305
-23381536
-25252303
-39685005
-33791420
-33004990
14859392
-78547737
-77429207
-103239224
1228978
4665212
-84966640
12589962
-122618718
-54822767
-5498492
-60462013
-9614919
57219842
-15383893
-7648164
-37048371
41953004
-40209704
-30757284
-10979946
81857537
-21198214
-30069499
22606555
26929822
-7536968
41510649
16681822
-130445728
89620967
36920277
-132645003
-37010964
-51009058
-42879206
-26741049
9879752
-21529676
-73651276
68188873
7874400
24181359
-116666611
-60608404
-57081099
-57894227
-30780132
-50830300
15433299
-61195483
-15830819
66015949
-2441836
20090232
-50654094
56081020
-8910790
-68205338
-82966867
8275758
13786450
-91323564
-63742766
21578441
-61714509
-37271221
-31209867
6885268
31471811
-31391889
-58263619
50738759
-77973220
48660596
-69483714
-41122993
-78565386
-37402442
-97289136
-44879150
-93415174
5733058
-114963648
4040039
-33853407
44458224
-48731631
-25472810
372563
-10069088
-107474950
18095263
21542715
18017960
-148102635
-42196529
-53484146
62597169
54023235
57384665
16512237
-19320187
-62801285
-1912108
27049522
44313832
-50859793
64284343
1190171
-33723169
-101779491
-78838961
12651559
-61133506
-86235353
30145766
-54731257
21293776
-53375543
-99437462
44930444
50487551
6092323
-14626699
-51835236
-5859526
-92240258
1178699
-67495739
-83209022
-17610704
-41162758
-19182316
-74919128
-10775979
-80101309
-123568408
-72845371
41129940
2077253
2388209
-102814122
28273145
55816378
-47047435
13097789
-7578447
-19895068
-30207679
76866146
-77582070
-18499502
-84602846
42694057
1540608
35051589
-8551665
-91765305
-95170158
-67596897
-52626439
37648057
-96479581
12267222
-35213586
27103627
39377414
37451606
-82657098
9520816
-7147014
-4479423
-50027937
-19831775
12678711
35891271
34048779
-95048037
-29623680
-26052894
13279589
-30682135
50304397
-48991206
-40422061
-89454231
21074070
-74564428
-43026406
-130000669
-77559138
-9911121
49263750
-25567831
10490843
30223617
-9164092
-99639744
34373115
43084948
-5451939
-86603542
-34244660
-149684219
3332586
-14751476
97083969
19542183
-33564815
22463123
82834908
-65686355
3196703
-54701768
20962541
24394948
-4991575
-878492
18207963
51875970
-42352343
-69480642
-122340401
34866522
-122519893
-12445442
51736707
10811725
-117667937
45764398
-47974861
3629717
-31591612
-34452146
-90578441
-6754214
65943770
-62706265
17624896
14024719
117285158
13471499
-32833298
-111563056
-15318938
-15493494
-51592125
74838570
-46372210
71457129
59571274
67810391
-46479607
-2801001
67814218
120832245
10770360
-58359299
-70413225
40920478
-103607465
16935625
-28663737
52028588
-48686342
73847855
-19894558
-13874502
-68613097
37134155
85684988
-29483945
10963734
-59465860
-43781808
-26776797
75843003
-17749599
26818020
-117094130
-31727504
-39179442
-28619216
-2148326
1500728
37974127
-22453073
-16213036
-20243989
-2344680
18125883
-47509196
-24941269
-46980995
-22536423
-86928718
-29334272
-114760827
10154999
22563682
-14097124
-32374704
-76991098
-100597203
32630752
-68312189
8236401
-106733529
33725195
57501411
56223804
18584348
-8523949
-103336629
-115580694
9945966
50415006
15713230
28688006
21663178
-20707072
50616025
71024861
-70140288
-96598476
-76591102
-11617931
62648744
-97722665
1593417
-103321518
-71014939
-84547820
-42283948
-33593129
-39562396
11059109
32115028
-15061076
67622744
23537654
-13211473
-55426064
-72510836
-72620664
-97781976
21022906
-151051004
28728266
35282178
16356403
-23752681
-49738987
58011773
13916032
-5329028
-62801848
2261959
33206790
-19151441
-62249344
114305164
-1529605
-62532342
-57814836
-93596487
-25601224
430901
-54634350
-29784862
-315113760
23510633
-34748830
-75227415
20925424
-47052228
-126104520
42578479
-75435942
31208510
-74819196
20579112
33275965
-44412453
-42745637
-54312538
-109356348
38642523
-148550737
-27819783
-59861094
-45066284
-46545726
80394686
-9413283
-57381252
-50894523
-34735309
-57587103
44361385
-6031567
21612190
-39141265
-32299811
-33031398
-86828563
-35259098
-102547357
90805129
58861416
-723447
-19111402
40054228
42808608
-77958690
-10249522
-29261249
-34862980
8164177
-76234551
-42690723
-60613151
-75312188
17045769
-117940877
-104204779
-165814358
-29246827
-68092302
-35749433
-39489850
-22600486
-66613314
2884634
-2110842
18079686
82677873
-4653025
1403541
-14503299
-34804170
-2992705
-99800649
21602750
888444
-3627674
-11310588
-29567681
-56354922
-13066430
-64730546
-96189430
23586740
-67945321
6964626
12393398
-5441368
-20744074
-59701883
63548816
11766717
16263940
-26128885
72863495
-63763392
59955448
-65539946
-9916356
-37804588
21144454
-51347438
65839365
-19463806
-108116204
-48505872
-11497534
-105613505
-70068821
3141852
-12934810
-28281119
-39859445
27119017
-25814586
-22046897
-85993653
11075778
767482
-15004046
81495887
5358879
79567961
3576508
-77703952
42794042
-53369158
-134292844
12876658
-83103222
29195819
42741757
-67213252
-42553537
88481385
-71090537
20967743
20851613
-74164594
61229969
19987827
-84027430
-67902356
-14751590
-91154600
-119760381
-86031245
7747234
-55838795
-37615544
-24627463
42133375
-44498573
31479930
39070209
19482131
-24948064
-150525952
84271412
17896423
-31902679
-33638180
-17833587
27160484
-35908631
-57687626
-77736235
22453610
-90993404
31700008
-5733784
8678578
-7360401
-62763001
-848158
22211551
-2214231
-15025453
-54700232
-101692883
-110584553
-109658441
15321342
8658681
-17717850
-36445905
-11193568
-33486986
-46261023
-155412236
-117961796
29264543
-73344074
-75859050
-5969541
-82968888
-13165646
-176005773
-91497489
-5669664
-38493110
5233742
45220775
6929976
25649372
-68957561
-54739564
-114130619
34550691
-59770212
-48767324
-33193449
-64044301
-108891416
-33099614
-34769017
28491527
-54683060
-58271603
-30022989
-50290361
-57104396
65162111
-80042483
15582546
-16854712
-109840675
-35876049
-51555668
-53381525
-52348742
-48813244
-45925913
-6692824
-2735862
17734203
-55629772
-23599918
33308316
-63109751
53349133
-62869025
-35330155
-41002288
-92805786
-11840952
28405803
19857519
-81823959
-19433996
-30403809
40257667
-66767937
-48702306
-91419748
16677910
-104742043
-64054599
1133817
2480100
-99999881
-19297673
-118949227
-104588111
-2526312
-39796624
-6615625
-86565369
-54166790
-11041258
87122574
-40850065
-9758997
1202547
-30877425
-99247384
91635654
-116658195
-33913680
-71878422
8939298
-82512840
33653035
23502333
-28313847
-66094854
26939258
26571699
37830542
66746596
-21035437
-50639052
74579725
-266923921
-120898395
-23130761
-32005660
48567278
-81577871
-453940
-82251524
-21307175
4401932
-91623427
4805356
-109475437
-17994179
-24643152
-60789988
-76890535
-48572435
-34989701
33441584
10785089
17980030
3190437
33176673
19407550
-10814903
68663551
48729608
-66451212
-24261159
15331530
-38462912
-108251249
-69579863
-8473133
7181886
-60800002
-42747627
68326016
-29582711
-73924533
17167708
3595481
-50113551
-94930541
-29495844
-31085662
-65061581
-109986178
-86281508
410098
9703328
94484144
-53832810
-165518012
4297881
-18828420
45368575
-21780285
-33946580
-11992712
4462427
32577755
-12325832
-99698046
-12690056
-28144437
8359313
-45080781
-8845579
-30793661
59937497
-28807290
10723760
-27553119
17819654
-103508031
-43890350
-167195766
-137762882
-18355794
-84822830
-71168810
-45920413
-37081042
-61651425
-20363224
48612842
-5529364
-26313404
10829580
-75593208
-7877012
26619634
-106323305
-25430996
-31503536
-5146223
-8422251
-73701341
22161958
-102618072
10410751
-35966356
-82854479
18998129
-1742076
-99919485
-94124979
35135655
-33903603
22520352
28128635
-13137965
14906961
-1962724
-16729403
-20164028
-7094650
-68595108
-49033216
-247924464
-11365102
-14058340
-96459855
-15197479
-117567442
-100240400
58169441
10646518
19339633
-38075141
-13134037
-111115156
-58686285
-71271920
13538226
-140077180
-36247690
-139715148
27767355
-6997158
17838120
-20695478
55204438
-53370050
-82373270
-13362579
-103808615
-137567655
-41497061
-73565579
5138037
-94127341
-28820724
-25945907
55599842
-39302400
-3080243
25519627
-40488034
-48279392
-11776004
-52790854
23186965
-23814239
-31682575
-131196012
-32819090
-96672067
-79488218
-47520807
-17078537
-6304742
35585474
72216523
-107278744
50859331
-21849288
22896632
49708105
14151787
-99632601
6940053
70589111
-148846668
25045197
20805732
-138311450
-45574450
103003624
43871200
-130258072
17247025
-22882685
-68884433
-31575351
-159330404
28811926
-30521772
-77598253
67565964
2526499
-19753314
-169283935
43094608
-69058833
12382572
-25885814
6735912
-52673597
-12099749
-53410398
-85625531
-16190280
-137780773
-18309508
18266094
-40887769
-167582294
-37684528
1853990
-17333905
36921982
-21398695
-45467010
-30408403
-37381976
17004503
-112248260
-64251989
-42685390
-55052844
-28332453
-167110919
-108473191
-1572551
-115409101
27030167
25998284
-109382589
-82299512
-120763008
-7886878
40266418
-12172510
-68682655
11512584
5854683
-27494735
-3681662
15797247
-27812088
124206842
-111116932
-3347693
-119395543
-4715393
-3577115
21328282
-109965360
-64080540
36174949
-9006430
-68385903
7845108
-55750034
62907432
-89369902
-126734179
19138616
15970460
-30149864
6652699
-72614064
21954848
45089569
-79634539
-10863711
-174988004
-729961
-29880546
-69428660
41906058
32822756
-3857698
-32478404
-127638733
-71422421
-144145921
39528435
-68764778
-54744258
43992776
13938471
-34233875
-1194505
8198348
29781840
32614720
63668848
-60205547
-2062562
-70101858
-1767246
-21324739
96789106
-3768808
-22734876
-34215420
-120791284
83307811
-91450013
-38141088
12833652
-7779621
-51790894
23635093
-1874600
-76936971
39301897
-52925028
-109056164
-185930824
12697009
485603
-50249066
-56869780
36970723
42514413
-63553489
-59271592
-53859099
33763749
-175468374
21839419
43321541
-42061601
-207392644
-5216405
-14433003
-67599707
-27586064
-95998289
-58946235
-93178619
32675932
24076583
-26271131
-7533787
-41040338
3493957
-26474373
-23624952
-5278249
-11717108
28830267
-115854085
-43116709
-30052678
-101047837
24140991
-63647693
58606387
-35496718
-19796989
-108140750
20115364
-25512816
-153104887
33154088
-56352610
-59142188
-1612443
-9975079
-11985495
71262428
-44204676
-95768118
-65669211
-86370247
-97402468
-62994779
-62818325
-60329639
1586509
47280669
-74675533
-90417408
-79573682
-45743031
-117959214
60038239
-79146129
94655775
56213341
21790757
31984479
9592284
-105886441
-88553814
8099570
51152541
-22290144
-43822687
-4908466
-97014440
11074497
48547820
-54528427
-24900834
-157554821
-23969198
-76803226
-12274425
-32970215
72213613
-35646490
-36332356
-38477995
34812089
28772595
-39416468
-17821257
27212491
6873634
128003820
34423885
-16716149
-70426304
-58747867
49395717
-110747065
-57311264
-20554223
-77603585
-33931926
3564570
-4465473
-62847086
-64226663
-6227174
79612624
25174181
-39677941
39001024
46216890
-104902048
21204563
53704611
-17245050
-6254919
35986274
-12871903
-79656184
58990343
-55285424
-48332010
65798345
-64376415
-111289054
-52164522
59138450
-4527058
-77493987
90429448
6744821
-108919012
-89446900
51161986
-14207214
-48128812
17714700
10859832
-22554116
35762562
30312544
25739353
-17819167
2467396
-46309041
-65460466
-37543297
-5990886
-17391721
-73220483
71900897
42208638
33223261
4781970
-25110967
314997
-30244922
36537088
19225343
-28866031
16530065
-4106156
-26689668
-1882504
12521943
-127203922
39754957
-142999496
-77149203
-19023723
-91946886
9572742
34783484
34225337
66053365
14589711
-6213375
-65485147
-55480677
-26842604
-12882477
-30461274
-53130149
38549972
99076974
5375299
22636493
-33825537
-9280565
-43970619
-76499661
-20579441
-72131382
-13486945
21423216
4857675
-29943452
24109858
-771698
-36873958
-78585138
5133235
31689096
29225708
-46776299
-64662650
12257800
12367011
-16561145
25129577
-89728118
-53263384
785296
-4042128
-73011775
-58855635
-55786229
-76556747
8299041
-64454602
-28963947
-84375202
-11573681
27175963
85854523
-151244176
-135793409
48516280
15025711
-54644879
-66609736
-128396343
-115678715
31012990
-74524816
23171206
37493620
-77232311
21112137
-36654337
-69975941
-37883536
-43294189
84273487
32817858
-141263294
-55031016
-42723422
-36115758
-145446857
-102436399
-5939181
-40440682
25138290
-125309955
-211588219
-54578084
-58955529
-152897160
61790420
26389015
37683306
-142660640
38823300
-58036131
-67604015
-6189434
44462674
28412186
27684266
-57257387
-26593860
-15660577
-46682293
-73513435
13198064
-95830120
-121856958
13848372
40187219
-119287331
-3548179
25961109
-43361051
-67173270
-68417849
29579980
-71745275
-51116209
-59252368
-46552936
-46424834
3484422
15807176
26137650
-16226687
24631417
20368495
25208663
-137726950
-61448660
-19435626
-84198596
-141464224
-68984137
7180856
-28489388
24635180
-40391083
-60751520
39954713
-153257245
-62156004
-211528324
74814108
-25991923
24684008
-325719
5662487
16114883
-63401730
50596903
-72290052
45145857
-32112360
-72461851
-25213028
-46094062
-72209360
-150374913
-62657137
-76300656
26261731
-46304353
11421094
-59249105
-119088643
-16167577
-9975604
-47283990
21328202
-51790162
-69672685
-128383936
6692018
-86873778
-40790736
17168998
12730926
-33089270
61957345
-130451036
90855092
-12502426
-5360358
-85290255
6027974
-21195607
-32882750
-67712886
-67968872
-56151399
-36330957
-53188520
89616717
-25022008
55101678
-12258590
-30347547
-21014119
-107193005
-15341825
46951778
-112090242
-5076600
27005728
-43627896
-70009154
-169833435
-51074996
44218134
-101286876
-26574158
-57995420
-34771560
12359460
-22901135
-37246694
-55882600
-27456066
85613900
6940194
29719945
-54704896
-31167568
-108625961
-40949488
-65346732
-80452329
-1681179
-24730950
-179525789
-140893126
-59954114
-97171238
5320252
113555745
104150923
-119361562
-66213544
37762222
37924306
-25612058
67004645
-40390126
37803251
-46147475
18058899
-5236304
2864040
-27481950
25272415
-47832935
-42298999
5966478
72891638
37337465
-25027639
60668521
-38336857
-22398596
-113918
-84734542
-111268868
3700748
-6540304
-45701469
-80899678
-84632807
-87708548
32478634
-97076215
5823802
-29182403
-110729956
72324371
-75049963
-126927861
33855799
-99841359
-26945950
2434437
-22483582
-6518505
-98297471
-36516
17944086
-57005026
-130977037
-49971400
22635341
24086906
-103821997
52841702
-2344061
-116275475
-61309806
-103993853
-49814582
75473043
-104895297
-26429213
49550584
-97420683
52065221
-28809568
202141
-4152857
-33065856
38746637
47613900
-34783818
-37274616
68506885
-59663059
2234613
-104277956
-82647353
15780149
73625249
-9701804
41324869
40244115
19610319
13802826
157975010
-4710915
18080042
-19153381
16606892
42115878
-19900811
41727574
87453109
-8903077
-107012203
-87222018
-21468218
74807837
43403657
-82800644
-58563370
-6418841
30151187
-16558133
-8105691
-95598214
52394003
9097007
-119878078
-2903559
8210091
-37755469
-33425966
-44888726
-22145821
1628580
50257280
-22697670
-47330149
-39172140
-73292761
-21821976
32181613
-45450163
-33752621
40110606
-23260088
-107620702
-4338397
-69279165
63730872
7290200
-37324502
-101476391
-52549378
-66337926
-68770580
59078257
31945783
37079212
-125973873
58272081
-68037338
39894789
-33523536
65024331
75772458
18918690
3047834
99374084
22466529
6316499
-24196903
55116030
-28923897
-114075642
13088499
42422767
-32036842
-57037346
37044802
67278792
-58838040
62014731
-44627221
-66393600
-49324364
10011538
-37973303
-93020166
55370335
-123204887
-7613878
-75996074
-101426047
29122723
10739487
-77251231
-29724459
-37020061
36732229
-62292725
-47947944
50926
150992658
24415760
-24973082
-89298897
-151567856
-19545989
-28741731
549316
4800989
-31258052
-118616723
-13188138
-53358930
1622218
-35752270
46590909
-56200365
-84123444
-17429371
-28425185
22326433
92249125
-50435426
19472077
18151810
-5907421
-2004204
33067089
36232177
-38733617
20909812
-13491594
-52293959
8773682
13271095
-95426456
30113804
-23405886
63445335
-133351466
-27461306
-43916295
-97222888
-18413412
37091766
2888295
-37042794
99742514
49066203
-16153339
-72288124
-49219640
26889273
-55876744
-142766949
81852312
21880758
-168353606
69321896
1299062
940741
25772321
27279321
3106711
71666169
-101683026
-179507341
-8324345
-71212837
65029645
-175993976
8487702
-5580243
-12804189
-114942533
-15290704
-32006907
-108676887
-7368885
-26798056
-17866513
-51719339
-16537675
17777503
-11940783
-81802415
-77962741
-13878523
-40075433
89223540
-9788885
-24224524
-9129396
-174811185
-53755510
2528919
21738774
-77900244
-192242704
-17138666
-27810486
-59134775
-4166566
22488818
2750091
-111910116
-128748548
-77592720
-433225
-99821810
3646978
728413
-31713293
-40325585
121921799
14140863
-8409654
-30688093
-22788595
-91744621
-123109320
-25787259
-106776313
-25235675
-6495454
13534849
-71752674
-79704909
-56154819
-34795557
40900765
-150973992
-23935280
-19578692
-49150875
-30728415
86232352
-96010563
-40738437
10099501
-29137870
-12227344
-21540479
-32296129
-33567574
-13987691
59892286
-48152755
-45095591
-62381104
21971481
-66981769
-145397936
-45780372
-8313894
9643838
-20730762
-52921762
-20278266
-27905792
-11919868
49989407
-98864081
-2638048
20687523
58189325
-22325284
-82993491
5339842
-85883811
6580926
-50226863
16304231
32954509
30003821
49658905
-18019024
18937256
3158122
56229144
-16434251
10565198
-110236996
-67134434
-37286396
-39258780
-103109988
-8676852
-22926032
38772592
-113176390
2431933
-53894125
-58682824
-31679004
-68491594
-57800986
-9518917
21861410
-50461741
-91189205
-91241604
42425759
-100562052
-66948100
40283186
-34318218
33082127
-95375427
109921334
-233261464
-11564928
-49545789
-103414731
11345498
42095560
59585452
-58422003
-91420487
-45565954
-7483691
22572627
-58464006
72405610
-3728780
-4466654
-45372395
-9608268
-108548928
-132403
-107042347
76857400
31132902
22981442
47870816
-23065448
-91624472
-76772237
-69703590
-102774837
-55779400
-65174276
-5095900
-26270824
-83286446
-13031459
47546666
-111909413
-44463314
86891000
-38235269
27443211
22431195
-25947294
-24713515
-25005252
-97039014
6600335
113394761
-32626831
48230309
-56214122
67542985
13319876
-204190774
-35672367
43548687
-7247468
-5210596
-23075608
58525204
-5934413
-67885429
-76788097
-61864086
-24135359
79006218
-22659786
49044639
77556818
-27310673
-60422611
-147767221
36171587
-1450537
-88374291
51337735
9243188
-74151007
38046407
-77053767
-50866789
-66848390
-33743321
-31055338
-24482419
-34952309
-77774694
-4306371
-122497691
18066872
-27623268
-17457910
-37316746
-21905456
57603157
-25987562
8835556
-43630975
-88256983
-116272711
57236967
-65330753
53695828
-66088937
43162574
91322239
-108806612
18108515
116035163
-6207968
-27417830
61389257
-69262524
-87824582
26243414
-100680158
-2192215
-16896722
-68566581
-167809057
-5644888
-23064225
60010628
-71438290
-124153173
-39328828
-47655098
-40775863
9877186
45879270
-8164298
2509199
-55271083
31776913
-92387411
-74209358
-37931167
-68224383
-82703563
90208771
-41217876
-27634748
87966103
-52141268
-113928348
-44002974
-116757844
-84504399
-80338583
-61644718
-55220553
-112555443
30906155
-51215165
80033594
-281182127
992171
-128239823
-65449605
-83428278
-46624241
-15572377
-87833777
-115266758
-123870062
-6536487
36053958
-15693276
-4547359
16177552
-23212599
-2771109
-62474114
35394349
-88059218
44384723
-103683147
89452785
21091254
38397234
-42943074
-39854469
55941600
89282050
90688460
-68683946
-63183096
-132929025
-81077762
-1009946
-50820453
-49778554
-59436035
-98234560
-83852754
41417423
-164801927
-67566079
-23780105
-24633954
56700257
7628447
-29542217
18973426
-70057569
32563970
3161623
-59053025
-99529983
-65074162
-124439897
-16819803
32593053
-55979857
-10557032
22846441
4530958
15214347
41298565
-12061255
-51239773
59623664
-47202664
-5312857
4789690
-39483943
10350375
-55479221
78859973
52078916
-33757118
26602837
64916251
-44439758
-52075081
-15078805
-12638745
-77450168
-34102978
-97876340
-22031706
-100067031
-54406043
-33854506
-69193054
9216240
-118766570
-36491263
-46930269
63852437
59183538
-41605708
91919037
-2137056
29978551
-106395642
-67116701
-91522773
45177539
23687847
-30474363
-8002657
-50133356
-118804127
-102523832
-18186924
-33315072
14348169
24375002
-7302465
-41120329
21147051
-5782444
-102779157
-48677008
-46842812
-20919912
-81389389
-130752278
36755195
-83284047
-90524503
-82429
41964886
47537891
25997224
-81971935
30681858
-10697881
-66221253
52155878
-80923285
71366460
-33474157
27438070
-55048109
-23445380
-130388001
-52251494
-19302056
11289274
-181656898
-73237742
-75469691
-121474984
-592690
6520878
-13184627
45753342
-15506682
4765829
-38020623
60464166
56694378
-69076998
77260095
-175613648
-140705013
-72396027
-53963162
-2183558
-91299109
-130229401
-26914561
-86076733
22504767
-30386527
-108180166
-83855981
-12427488
93652748
-13833650
-29887953
-72438197
-67913073
-85347938
-49623891
-88024237
-43580440
26702361
52190504
11192042
-56403080
15489740
-28343465
-40295952
-52046596
-36890950
-26884795
22592748
52590609
59575903
-11537617
-105028643
-26099760
-18593462
-92722253
-37340585
-83897311
58508689
18718761
-64077850
-77647666
66358258
-145803066
12665795
-112026454
-15372530
-124249140
-51490464
-81460540
-2991042
-50284427
49714798
-31598694
-12188848
-48034267
-53215312
-42579252
26893156
58545116
-46636373
39781736
17535686
-8482330
-115141091
-37471693
-77132263
-9263993
-71117618
15886809
20974631
-27654679
14496117
-30380319
-41615134
-54897618
40115397
22002260
-43284730
-61108070
57698834
-51060256
429232
-147121098
-91195928
-134447767
-44691036
-19131792
40437938
-50240636
-110896619
-132578030
25164431
-22656883
-126957583
-63800614
-163018566
-14546445
38928288
-66566411
-30540409
-13973111
-8063614
-48513716
-47544073
-92972906
69611357
-65208251
11292598
24574095
-13522849
-69205229
33188861
-53563533
-25190996
120233669
-67187023
-67343947
-37525274
6013799
-113468753
26267403
3675596
45290980
-47093016
-59217532
4403615
-121842733
62098391
10356654
-35015603
35950529
-63576283
59905704
-59933837
7738584
-37315526
45654921
-24482963
3046654
-81327953
-1122896
-49734025
7818702
-75933800
80409106
3850782
-132229059
27538570
-121144609
-85518290
37807064
24375380
10211716
-7743832
-81114926
-55579623
-64969771
-60545741
-46013731
-61910824
-43337851
-57186789
-7804445
-27260558
-30532390
-12896473
-67796318
-83660882
3636033
11734166
5461116
-31093112
-92422441
-45672813
-88729096
-57913391
-58435040
-15665364
-30736685
11499761
-5429751
14564529
46779281
-77705548
41329360
-85298532
-36414189
-83193706
-21144874
-109444229
-42756317
-53490604
-41481298
-51008844
-52323957
-62528348
-59724947
65803907
39462405
-123091356
-69699407
21655214
-52951056
-24275154
-563987
-108838030
-52401209
-106591764
-84917131
-90453578
-106552824
-18926513
42563240
-18583261
-117850630
34474466
-60770082
-34989207
-25778002
42149317
1121850
64143613
-43071842
-51800809
-28607602
22480015
-64570064
-21095683
68593005
-1666081
-32566629
33154071
11785282
-95017295
-47668418
-105248331
16718647
-39146627
-145892211
-76259472
-55014762
12690773
13514678
-32242563
-59559928
-21718509
37865451
-20808029
-5816274
-83029785
-19045212
-33712291
29750293
7523051
-90293116
-7507110
55620502
-41515707
64233506
61525197
-28882348
-85782206
-69917731
-46918409
54982766
-92261137
89084489
-27783547
-77828636
-130626841
-1970455
-6419419
-43421744
-678796
39105026
-48561828
23517606
56104292
-8967803
-6088816
-72505075
28513746
-59800487
-87462889
-1682140
-49999013
-53533177
-56008387
-71968877
-26879657
-119988700
-83887244
51476427
-1405793
1887447
-6798857
-32068545
-91313985
-28227424
108632
-88145203
-126033829
-55119631
-40053313
-20390656
11907647
-51181520
-29583410
-125925351
-22513106
-11525624
-59561552
-100564356
-56328080
-34854707
-42024415
23785167
-329164612
38877518
-107786848
29125128
-32933497
-87630608
-2141498
-57916077
112642
-24086984
57584076
-9741110
-18856848
-22815140
-31967312
-80350566
7448894
485383
-62919698
33211363
-42975120
13197830
61249681
-34216663
-86759953
-132279027
19768806
-18411203
72664522
53614748
54481477
-64103417
1785157
-95132339
1551528
-125663829
-40730394
-142936725
-87454171
37039663
-38101747
-42655256
-74994463
-3373611
-26561638
-72729197
-141621905
-76722861
-29446233
-73529865
-82704625
-169356133
1759115
-131924788
-5629031
-23980907
-128312602
-121012412
-89466710
-33003946
-6255652
-52580071
-77589607
-101145703
-76590430
-38599025
-133076143
-69160316
36912231
-45111180
-14586394
-31932341
-42393252
8132605
-22226545
-76788315
-24060277
-56819639
-52933324
7951029
-42407867
-74895937
-53644277
18461185
-38870612
-25263152
5905291
32806531
-1829965
14834570
-8916026
-56467990

-95786129
-141905575
-23306193
-33642881
-106332161
34969559
-26811095
-51877300
2655684
-3970076
-4755495
-48744878
-124522607
-50407694
-50310219
-25846003
50980646
-62133826
-101729191
10262942
-42763200
-14932986
74483976
-94243819
-3202194
10056324
-19140717
-105862872
-81824549
-54285332
-273792600
-41145853
-60779032
-14938660
-34313933
-82248895
-93275335
-32157411
-59922021
-13889399
-52492056
8596407
-22062890
-98261902
-25729518
-23437558
-126011424
-22209497
52026688
53945615
-78120658
27514498
-28720947
-5661265
9152007
-35468721
437433
-39872431
-85431369
-75593
-22929976
-55877062
-19437826
-6735164
14365023
-144554141
-88136494
-38543605
28875739
578563
-61617837
12327306
-62984388
-58297180
27265729
-41894783
-99084719
-27150424
-145954413
34694775
-12337224
-3669973
25909106
-35161806
-49252033
-71117782
-67099903
-2843886
-70488161
14230791
-108784096
-72657772
-54360957
59492069
25007310
-62362916
-22880779
-27039419
3090542
-19427181
-66179085
-64965278
-46172913
-72425779
-43089886
-28383031
-27700807
-76454043
45394648
-51226697
-79364779
-35961430
39192261
-38589723
-79519559
-30697259
64829787
-40904675
16253294
22424535
-53818908
-16161386
62842819
-70788511
-24892480
-74386189
-100540053
-37645440
-30110267
-74391969
10064042
-80630516
-39941830
16126269
-26557633
-4961104
70338833
-95334366
19204446
-116552527
58527890
-53621999
-23335302
-136854959
42242181
-10900009
-43292854
6910062
-28940441
-11067035
-45172929
-32413728
-43795340
-64130985
-22802863
-41431531
449174
-4267373
-9577459
-38625938
11844482
-63905892
-10511734
-37276509
-99565965
-160159855
-73514149
64594446
12748237
-14146178
12203650
-66075628
-83173036
39439323
23248742
-25325763
11989081
-61035283
-144445067
-62131604
-99204097
16671499
23043256
-54293294
34949194
-86028823
43172313
5703653
949334
-30059218
-106629739
77385390
-30339229
54627081
44234393
-32665244
-20260641
33305761
-9494540
-161535702
3985891
-33064244
-64341145
23452168
-144767917
29112428
-108963964
-70287811
-18458212
-86423996
-59967024
26257958
45037983
-13321190
-84537394
12061074
-14583715
-43953342
-163146093
57253454
-51914378
47839432
-89417517
121783869
45285019
-3540777
94312903
-76512530
92099903
31852360
-6270176
-90495321
15638491
-31910824
7906071
-79389748
-63618626
28269703
-9689453
-6607861
-73961132
-3874672
43698598
-17851471
-44275450
-40263294
20544177
46034713
-12183166
-26682278
-70057067
76746373
79701479
27435033
11223795
-16398167
-61777108
36035698
-13409749
70436083
-33051963
-22726444
24614977
-51652750
-38233578
-132108842
-55408055
48997962
27386710
-107719517
-103531033
-88481392
30753728
-70416592
72460841
-61950092
-33965695
69996119
-103821888
24621073
-44785576
-81371537
-87876207
-33718369
-80690045
29885301
-7928091
25879146
-46326216
-32320700
-63807994
8157802
3318952
5102564
-138173573
-99396358
-58049251
32064161
-45716845
-12445355
-56294565
-30067142
61150452
-29295633
-103254171
-74256298
-75310536
-19190609
-40566174
27599738
-115816681
16305900
-102047797
4170228
-33249287
-21920478
-53711566
-79522183
-12461507
-83739246
15337917
-22805656
-72221783
-43926556
19219959
-55660825
-22727151
38352346
5942541
-57282427
-35597785
-21829314
22695094
8581090
20382957
10395720
-74616798
-53402223
-117893475
-71931828
-1219876
-1299890
-70513136
-19218165
-3341429
99132146
27487192
35295409
-49610223
-82208036
-20586154
-27977166
13399424
-2318379
-72079522
38270030
14113237
-23625143
42183454
-62235116
94621052
-125742730
-39117426
52685107
11553127
-86559165
34229176
-21651277
-9289462
-123078775
-21570382
-39594528
-126404652
-57393523
7904820
27394785
-30143020
-45452997
-14608407
-211686484
71975029
60006627
-140339845
31552002
28210961
49011841
19016051
30240774
-39856893
-12021203
29183206
-75510227
25048929
-100006843
52421051
-66739992
69690617
-176270488
61052144
-68317756
-30990417
-133983057
-142965840
-71365240
-58748429
53337540
-56189010
-30828623
61402566
-26982110
-36832641
-43698430
-80336720
-31102503
38878071
-151033
27490220
-63106355
52484965
-23028047
1021773
-98341853
71592525
-41365100
24464742
-52037909
-119135702
-41860739
45066904
-145526856
-65712132
-25023779
17851099
-63659822
-47251296
83738145
32292288
-53366926
3646289
59126346
-163144675
-133267377
28922996
-91097091
-62266778
-31011152
10475486
89891459
-72165521
-36280600
34887691
-46622326
-61988657
-75714626
-32947433
-68188743
-22169748
-104001089
-86325539
-72386501
-95366547
-23785594
-85658030
-31376072
-30436219
-34515951
-103597554
-29947398
-45464700
-52354902
-108507617
-28448505
-120745990
7962349
-32895687
-26682558
-7004230
-127759289
-23762529
-45207372
-73289133
-83755747
-61603842
-59022063
-41310058
23183045
-2842424
-56905836
6901306
-87653135
-49116930
-10491944
2874361
-68964738
-32535576
-11104876
-108818360
-59597091
120768482
15984908
-67615568
-41579633
-84704998
44963692
19418832
-18284481
33972140
13852852
6386297
-114787976
-51179604
-76300087
-30453865
-13163863
-44212694
-206692498
-121275306
-70607372
-7303945
45799324
-31770249
-16893086
-122074839
-30808254
-42229670
7891495
-51427624
16724740
-63781532
-63130200
-15184366
-41504552
9440825
55180936
6221892
-81511794
73045114
-33304720
-109770276
-79073776
-13811064
-40643686
-122488207
-46752188
81282443
-106948571
44318769
8647721
-3717052
-49159059
-45370679
135221535
29719926
-75336553
-8084170
-46282005
-95488250
-3229964
-76806783
54654408
65543389
-50803215
-44713727
-43454039
-23170538
-60532736
29023192
-6324526
-126813790
102235590
-110385528
-18353890
-68850554
70243036
-64406107
-42380070
-23728406
25016333
-144470067
-33849919
40020096
30651402
-40730880
-859566
-12379577
-4697531
-13492690
-67354643
-25974451
-32526445
-17641139
-27732526
-74479524
-94972114
-89534505
-227722357
-29289863
-19968118
16950917
-2486737
9355720
-45485124
-90448097
-150248592
-132887619
25865403
-26928663
1129001
-16052206
14123040
-2931081
-1570004
21157995
-57210596
-103083126
15972433
23815671
-145272242
-50242024
-19643278
934522
-12766642
31603612
-3986459
-52772332
-85393728
-7253912
-77179300
22222022
-3100019
-20598008
-45521277
-67838456
-87267329
6393890
-31990175
-32290121
-52792319
911454
-40748419
-74802545
46176975
69547304
-66293594
-154566203
-67682047
-60749617
-107779700
-36965928
51950370
-63729795
-35574971
71142561
-24768244
-171218333
-95875591
-33213186
-108900249
53909153
-44605009
-153798448
-33942498
-49660120
24541881
-15601293
-109964758
-105396466
36367788
82436559
64267356
5485064
-30701539
-41959814
-37573202
21323214
-156876355
-141248578
-25974119
-11479979
30235315
-102828405
-98149073
-34953658
-5823947
-161660734
-30040872
763841
-29046547
44018692
7719974
-68549854
-33903817
-92056229
12988261
875384
-98865605
1915199
-56309314
-29334684
1618135
18465776
35953577
15667206
35457421
-85347409
-50644910
-53045375
14873015
-36154489
-29786023
-1625588
-10652892
61959186
1670337
-34400884
5855500
35262769
15173517
-5144866
-78201090
-49899610
-57208436
-68975770
-134687523
-7487051
-22942587
-106743148
-54213211
-50749122
43349566
38671975
57386929
-82296036
4730958
-41444732
29100869
58971440
49908893
-65584109
10889615
-135247298
66573325
-5918426
20504300
41795938
66194365
-184581517
-49695393
1638772
-41338124
-87125405
-17028442
-101709304
-61661311
17149802
7592458
-68083326
-384719
-32835649
-60470853
-25228434
-38124642
-24422497
27004335
-76907814
-137572416
-49151077
-77408441
14938792
-18230507
-14517825
-14247676
-31246912
-118193409
48343244
-4237210
12299401
-57589899
-64837814
-66550652
-41051158
4139369
-31230203
29019145
-1697668
29154890
-49761910
60751771
-44013058
-56079916
-39710505
48834851
-94469286
76868060
-8856291
-49232610
78799009
-79277828
-106341054
25169766
-17517401
59385494
-37768326
-21853235
-12266659
-133667179
-22295231
-16842210
58011619
-109926561
-7467327
-63300609
-10861096
-172275254
-44493277
12246695
-20287856
25443805
-9384529
-111127053
17344224
-34240535
-37096846
-62418487
-50525179
-142955987
-19946072
-103386627
-68976132
-14576941
-17055115
-53569011
-142745603
-66047981
-35301920
-52754144
16772294
134007559
-21105771
55736976
-7775416
21420461
26477093
4702615
36718254
-19728320
-27212199
-104784193
-103846716
19639724
-101546911
-21719839
108050928
-43891320
-93900903
-37622238
-112340005
-109118767
-82576913
18206068
-65060434
-71455899
-2183565
67313023
-23543777
-59741884
-20808482
-127116179
-46139315
33505481
-82769715
-357638
-53873491
-44960842
-408882
982639
-59288946
-132052175
-97442205
-88027147
-11030459
-324883
6635224
57370647
-74639418
37667539
-43656521
-7141689
27639748
61178908
-19238877
-56722032
-16163859
31897914
29537684
60524204
47120922
4287291
-65554671
5641982
-81147632
-107295385
25366074
-73819014
132506508
-58960822
55605773
-24210563
-24287889
-21624306
-84467576
49663067
46672220
-15881481
-90863092
-80040144
19691671
31775074
7692090
-23669982
-28036410
41976352
-358399
45191433
-49709613
-8990621
43968412
-26067546
-94233625
-8504244
-23552324
-49505205
72918825
-67997677
25488694
-70009246
-67345070
-70387038
12982324
34736333
-31114378
-41587386
4320614
-43889013
-19781247
-46485888
16687661
-10013843
-32438611
54520183
-41174111
2320394
-76312352
-21844924
37257836
-79126956
44062797
-59072629
-108343498
-19055945
-59159060
-67859591
-29374816
-54625631
-84525893
-61532359
29315737
-139306003
-69712615
-17972675
87195524
22092467
-87604188
-63786194
-116554565
-15649694
-57584912
-96351905
-14063104
-104286643
10985773
64449481
-50594535
-45099561
-92881488
-25935472
95194263
-32450794
-46794682
-62915193
-87284575
-131841747
42300083
37246155
-23644820
-34347833
-14651053
-136914396
-74988823
74200311
-84064427
-41902321
-14690549
-179861575
848900
-40862599
65157710
-42065461
-11629664
-21383916
-103849605
-94872283
-80583756
-10420151
-80166886
-60352092
-50779799
2829010
-37761549
-35764962
-81145866
-53743801
-32675287
-104441584
39538812
-159222824
42733797
-27520161
-50449856
-103790828
-90533551
-113070045
-8917065
92351665
13139459
-81670146
-94007714
57006709
6651920
-21474392
2545
-95553929
53100979
41382938
-25552269
-81601298
-11577870
20750548
-15885616
-73442693
-60603743
-38057887
-132649040
-87085466
-10738641
-74743740
-65080754
-32250586
56658078
-13548474
-14948621
-21225213
41575988
-72517527
45102506
-115093090
-14844660
-47785984
-36121297
-99387395
-25920984
-17803538
71720675
-33985917
32620481
-17230057
-33656857
-39167474
-10090339
79263489
-73324582
-109434231
12056360
-95371606
-102124016
16941897
-105985423
-122996712
-4025423
-50514259
39949566
96373138
-35510286
-121497007
-12137902
-25816101
-49979834
-7295262
-108078988
-46802541
19779384
-93373202
-25463876
9591229
42630656
37143538
-33886580
-56408252
-27243790
-63498249
-37803670
-177990266
36251606
-55101305
-69242438
-56424398
-29336758
11151166
-192803948
-34447449
-118159493
-72752803
49194489
89239989
-78899397
29829468
-174983677
8809498
12962901
-69913065
-21779500
-102135184
-96065284
-68372210
-51851795
-3177683
1253739
-54476209
10434917
-89401257
12894701
117831249
-97981615
13841500
-131021552
9396112
-85337078
-146650031
-4048130
57700427
5264393
-18694418
67366889
-41854461
-58502002
-2384087
-72391574
-16415668
-30025191
37717665
-33184853
61564381
-25154794
42912687
-73202724
-82916218
-271255562
14296097
71407923
-12484999
43855201
-32269401
-51820803
-35885179
-156201048
-2445205
-73899490
32078032
-123360161
-32536154
-51207414
-63742903
120966246
-22278140
110653171
-55282279
-90228311
-35813179
-8112018
27486188
-62656184
-13487697
-61729403
-36672893
-115150036
-77248986
22220318
-37302552
-18829210
-26439869
66888901
-104801612
-25914581
-61395828
82513727
-38319104
-16543486
-36492258
-54926360
1953414
-108100243
-54276275
-61185788
-32101093
-63000537
-12472175
24907961
44274537
-29582015
15969782
-35983282
69779066
-6338783
-7749487
-72171565
-57641693
-64725479
-78210688
-27699160
-64391208
-71895575
-9431998
-16102680
-10348334
-22688204
-36848444
-66307533
-10272844
-36026432
25247270
-59442573
61994361
-41885775
-39348330
-12946563
13962952
79134784
-10755871
-28792067
75180626
6609887
-60144487
-10555511
-13890493
35883799
-149485003
-23859541
39775051
-28233973
-87698758
34430261
34221419
-10465813
-68645506
-14721906
23166735
-15268187
-96507510
7522291
-35075463
-9431977
-73301478
-134920757
-154073765
-23026189
56213059
52358312
-95784520
-19910358
-79021195
3997527
37835275
-21173875
-95640607
69745726
-100104184
32584610
16587609
84010778
-111895013
30822909
4475911
10165018
60021329
26611657
-56678655
-45225621
26776191
20431917
47957857
-167880422
-52399956
80139577
-22065238
20315247
50684623
-60756405
19536703
-151803156
-46263108
-81374639
-55813122
31140695
65974364
-171214749
-89173313
22653731
-56511912
-13286694
-68310214
-95462124
-53109055
23833753
-63497386
-89293431
89994657
39559373
29247710
-63882635
6755911
-64926666
-66653973
-69897937
-62980126
-54060995
-581202
-61487085
29516834
-31482431
-109008653
-110396840
31197993
-129868789
-10353174
-90104465
-108676908
-51435127
-73283556
-39015896
45107102
-36780902
-17979809
-29560746
-4770739
-61464813
-9332039
-45536382
6323711
34834285
-76203144
-53122066
32203748
20567504
-73152534
-10134485
-20359425
12324746
11137870
-45085002
-46863129
16665849
-32785187
-55776524
-146303639
-18560849
-1319217
4785324
-35550488
-61386908
33888262
-36630847
-40408322
-98554805
-27099004
-29044775
-18553064
-63112740
-1633597
-111758259
13576333
-66765415
10687593
-4807445
-19672149
-109506584
-54491878
-74808910
-10620230
-98755834
-80424794
-14282065
-36495918
-7010473
-30256230
-74492193
-65327407
-108489177
-121580732
-81659184
-63099350
-122766108
-48482166
-63458569
-70218084
-57078062
-27551401
-64049073
8751440
-40485105
-165823015
-7862440
-40924754
-49342581
-29559169
-43616149
-18553877
24720469
-82814395
2411221
9345208
-34835582
-25404345
23270913
-32524916
-48823414
-45665565
-18443683
-23263939
44945487
48165067
-37682774
-11288450
-52388502
62946291
-71119977
-1680790
-41182429
-8582808
-89650827
-136386054
-126706771
20828813
-39860606
-36298853
13805477
-26478417
-61540803
-64687903
-27159646
-119471176
-69969282
63007164
14284198
-110159661
-16097660
-116690151
-2377539
9637638
6250032
-96190589
-42400364
-104210739
-66120440
15743250
-52624488
16412090
-91071496
-42080861
-60706881
4168427
-60499721
-37967136
51183258
-19258107
-35677639
-33444634
-69053256
34295260
-73957374
36464333
-92612129
-35556906
-10794435
133583146
-63514854
-102365104
12857438
12485510
75516572
-29107078
-14887870
-105649109
-65749726
-39964309
99894557
-79894497
-19774542
-53121453
-33242401
4912106
-96137758
-31208013
48011113
-55026479
-1768088
-111099613
11609990
-48917618
11954274
9659032
-45844912
-8617979
58369764
-114248062
-24535869
-86193739
-22212641
-78276448
-55204604
18110359
-59471835
92043909
-42458466
-78530408
111896554
-129840108
-35277817
-101575945
-38304029
29820541
-43889900
-94047229
-57916428
-86932297
14258466
24145188
10481441
-44894350
-72742636
11765478
-75515616
-719083
-11870579
17534035
-4760606
-75128361
15295944
-52674714
-4105586
7490215
-29050953
-2254651
-28933179
-95136552
21200035
-99909448
-70259327
14914297
19157400
-41023093
37469366
-60486743
2847706
-55301628
24228567
-126824937
-53983813
-15207320
-90399112
3153356
-152356295
18214030
-57957404
3866073
15370441
-25401504
-40777908
-3288160
-13044796
53012318
18684091
23245853
-88531630
57116036
-10907857
-55331961
-57348214
40888864
120195230
-50913768
-65680547
-105839192
17083552
-25776551
-88466133
78508567
14491451
-20764824
-32265660
-26578672
41659933
10700614
-87138932
-60756281
-52258716
-99011863
-82343941
-21330331
-102925871
86207579
20310393
-7282190
46485891
-34333273
-142815305
-101207609
21926576
21431877
28605973
-9060727
-44468966
-62508226
-75558977
20937532
84337792
-22868488
-7494406
14890460
-20978133
-28043486
-91602536
-6860985
-58764336
-40381324
-29009284
117273477
-4263191
5621853
-53592314
43825712
-92859048
-55608898
-33280111
-3960450
40567835
-50101360
45965765
-39186524
-15476145
-85034482
52181419
-7126757
16873459
15529174
-16202922
-18617510
-164352914
-36394295
-113084292
-78478391
-13174428
14265925
-46220173
7535729
-85017438
-65110650
-154438186
-51957036
23243315
384675
-17765857
-35686047
22686236
3022483
-11317672
-4326898
-31140811
13263392
19438395
-15195438
-80965119
-45859561
-46358359
48101204
54824542
-2749222
-25015817
-128243661
-73628621
-30933455
-39596414
-17514939
20804586
-53140094
16933194
35151867
70120521
-50933925
-65864272
-58154929
-20766253
8912102
-58505708
-29704974
-50425999
-43625300
-22572872
-124782633
-73942726
2568628
-67994308
-71271099
-34863328
31004105
-1564555
-44034043
-35762571
-43458568
31375688
-156796988
22799571
1772374
42099179
-15838617
48711521
-18590667
-17549449
-65771072
-140875876
-2680312
15543124
-4318717
41063839
49272584
-64095561
-39928745
-46794014
-23399383
-21946164
-70743322
-13897695
44734732
-30837274
-60216445
11058107
-6291717
-38746682
-15593747
-221840605
-26588280
-130805665
5070086
-12501932
-139911859
12261386
104416841
-134956310
-45485173
-50588483
-83323595
-45021786
-79483646
-45996431
-29657888
-9470406
27519437
90700844
-3361026
-49540695
-59097393
-9146793
-59323239
17854322
9187793
-24027873
-43630392
-17654883
-13554286
6316513
-7656594
-110508698
-75090935
76745112
-50201930
24482203
-40019822
73536583
-165447055
-15205105
-52462509
-83408277
-3372749
53344196
10227870
-56285140
-34465238
-48745679
-97596981
-76452886
-12876453
12944925
-6281246
20086228
-121538579
-20795609
-12107910
-32588196
-74357202
-47132334
-65215498
40499318
103338191
-66706577
-126801357
-26333212
14534310
-46110313
213490
-7261007
-38860568
-26992676
-7738002
35899225
-33887689
-69477927
-97048436
6529251
16738093
-64013985
-18255726
-26173164
-13578343
-21881238
27505764
-36989357
-64894292
-64324640
-15706757
-17085238
17739365
7584452
-76330281
-89463962
12241237
-66556602
-45403527
-95335087
-72197204
-23529523
-128316927
11199816
23175382
34374940
28340170
-51874256
-9321003
-17567988
-79367580
109495536
50159482
-24035347
-60322588
7324501
-147704943
-32934413
-42793962
60109269
-13760735
-75472768
-121431618
-84534507
17087305
42119641
-74549096
-22502856
-763863
69219596
-3171821
-3514911
56321468
-78337759
-46298327
-60217157
-116954253
-73267007
27958691
-98772490
-134546730
-54656517
-37029577
11652425
-30214804
-54857611
71582643
-54435828
-54887138
-51020056
64683278
-41163244
-8961732
-6761475
42996974
56051762
-58531121
-75631891
-90456133
-45068750
-71085379
-74834993
2974886
21948602
37215100
-56305656
37693370
-24630793
-139771399
-40421748
-116403287
-92500475
-100372670
18739854
-17002283
23343775
-30040268
-25209180
-98746904
-73475822
-5688746
3345479
-22161791
24920883
-44437342
28044790
-102493615
-1602016
-64273244
-72237500
-91767533
43318981
-82053940
18875851
-115421876
-54226976
-25552980
-20834779
-37586263
-14383721
-18373866
-23998978
-80468792
-49489944
-40684149
-53928956
-89499673
21796406
-130762155
92008102
-16042363
-72508721
-39426533
51744925
825727
-55802470
-21345007
-24388290
-134387299
-74091918
76115537
60103564
-91515540
-78368952
-90654705
-6854658
-92273484
-51935726
21794517
-146981295
-49360989
96638763
-14218053
-38604722
-83552286
-653995
-6938125
-47198200
125280761
-15927389
-22504895
-95845956
-19135719
-69390531
46445619
26034317
-96662863
-17124498
-88432969
-16701609
-19502484
67651713
-3208311
-5981307
6429069
-61056368
25960574
6614172
-41806636
58425137
-179542243
5307605
-18790134
-73675085
69834857
-73784536
-4489840
-25384332
-77955451
-92192620
65683387
-144246977
-68024324
-20067065
-80632136
-14283713
-44515148
89476416
10724146
34045343
-42357909
-131299037
32652914
-147808456
-46125989
-22553778
74710162
-20580880
48620653
-54232012
-79647490
-118296734
-130133436
-7587715
12975655
81061303
-86738125
29256093
-6685742
-34425918
-25576868
9654788
-66802004
-68098296
-15944557
-24940247
26399786
-35997064
-99223225
-97016776
-22904411
11522480
-26795366
-60794912
63600263
-155842311
-120319299
-111049732
-46452067
19888666
51992847
-24787989
-85586930
-8606880
86904491
-3196441
-40001608
94587671
41534504
15243778
16154845
-26148469
-28180585
-111650168
-40871478
-15102426
-53427943
-13667515
-51545647
-124026762
-22426324
-38548689
-62380760
-53845272
-24434408
5099530
-86519378
-137868242
-99972548
-5948412
-19818613
-59318536
20074745
16074839
-22672609
-67637664
-61416934
29550164
-134277285
-18370600
-38476182
-33622133
-22199554
-62263596
-26455206
3007358
-10887694
-98709107
-5742766
-68049140
26921415
-61553550
-2802068
-56622192
-43045211
8536837
-175072971
-51822693
41327213
-131893918
29278173
-42432100
20133840
-11491213
-64058974
-6695421
-58385910
101661540
81260229
41887346
-18070793
-50125147
-50379105
14033749
-74268075
-66382071
-89764417
-21605316
-56454072
35022215
38153709
-125289999
-76029580
-42644038
-66057398
-78205727
16809168
121111868
-110535102
14494223
-10026489
-43996487
-49173192
-133577416
81410656
-33382173
-6118998
-89009580
7786811
-35176730
16380446
-48156599
49684715
-25424930
-21341462
-57546071
-27395247
-24393653
-73616956
-91976584
-102280721
40554251
-82182324
-68852993
2671483
3113885
-86073394
-31052153
15974248
46749318
-51132032
7425347
-20876156
-61417903
-61960455
-35895408
48033013
-85975941
70556478
-201636
37241553
-54832299
26781090
-3266141
-114597354
-163904084
-58694930
7200775
-92229884
14822313
1581434
14044154
-53757010
-29857246
-55923635
-84289828
32207718
-7288226
-45437403
-16615232
-79024119
63889431
-111457423
7221406
-132423970
-85578155
19069815
47924377
-69788860
51852390
-68101354
-95110716
2053605
-22606595
-96341005
-28048601
-92786735
7477364
-38659215
83860062
-95637074
24075691
36923017
-39401243
-72223417
-42719060
-61838099
-16903086
-22288821
-114414233
27351971
-85802187
-83351434
-8352244
-41059732
9147554
-56002315
-60143904
118181967
-39043719
53629792
-49234385
-71450383
-104420874
34055354
-59884996
17927026
-114256287
-14776010
31805086
-3549179
-32169991
47906589
-50389387
-73490992
47099311
-73887016
11730255
54612250
-66106527
-92463844
-52259191
-45640813
66290232
-24338622
-61443933
-56016962
-36984296
-41597803
-55882225
-60391642
-25881750
-63441203
36290518
93700404
54808940
-13784140
-42912946
1775409
-336134
-25851926
-87648794
18075754
-59962852
-174647092
-55262761
-110016750
59282767
-28896830
-72070839
7141143
22180659
-89469030
859151
32272247
4434944
19503630
-68072519
-45302211
51369239
-35828000
-54747595
-89737460
22320466
-52312449
63321116
-54156278
-22595094
-64032782
-56461255
-18537837
-24748050
-3420862
-13455952
-74173212
-11310877
-31891414
-46542146
32851987
-99733719
34405790
5565737
-16536842
-29777549
48187171
-4608601
-112049884
-81485575
-78261541
-14769174
-6896154
-8484651
-1942587
-22661737
-110139806
13476165
-27195432
-118157312
-95254432
-106697917
-53374024
-12925512
5831977
-95305377
-67080594
-5379348
-97383074
22878897
-47784688
28744366
105867832
-104286123
-34731167
72798245
-47605534
-46316104
-37413057
32807530
-54756832
-10425659
-51998246
23145209
-69189329
49241207
-77150685
-86534356
-33100036
-6982398
23474181
-105705787
-16425179
-36154179
-30493805
-21426197
-63902006
-18214304
-70892949
-22827954
-100287935
160719
-78363790
25897729
98415371
-31054575
-65924504
-78940539
95457848
-3860401
31543987
42599135
-104827653
-49423453
27932826
17138950
-86798547
-21363308
-58822917
-117965034
-25151046
-57906729
60519352
-47227553
-34581465
-60214992
-95739179
20987918
-109260495
-72071735
-881106
-39759611
59846023
36101673
-70283130
-23570793
-20950000
28357298
20726371
-58111488
-118913270
-23336864
-31512388
18395454
-73872162
3062943
-39930984
-41558392
-77837766
56714454
16147731
47338519
11965479
-57498252
-87919470
-17968385
-77883750
-60974261
-89950282
-9738982
-58971020
-54767229
-2087695
9799192
-19960065
-96087730
62640598
45388819
-37041498
-12427417
-88941761
-49511561
-51343336
-73979560
53882585
12347128
-40870431
-26805396
755473
-17914796
51848126
-81496960
30527230
-114677617
-26660557
-91414227
-44474805
-8468471
4495020
24078432
-97742027
-57311009
-122694954
1402203
-24044768
-35366481
-10457871
36236438
-9699079
-154801174
-35262021
-39046740
12204500
-86872356
-13698887
78609326
44861650
54560908
6784667
-21544220
-16575097
8785930
-87712402
49456841
-33832846
-19171984
-73823323
-48347957
26739290
-56982861
-14514136
-36471812
-15548461
-51450964
6213107
-95762397
51608254
-51731805
22164469
-54131599
-107967375
-30753786
39023979
-94808443
-68831387
-45774712
-28297571
8713489
-7808484
-54646298
15045117
-34161665
-167957308
2591058
-122794025
13200611
25347193
-28427868
-30607293
-59998502
-34879798
-102770082
24094385
-7128293
-54141720
-112398680
28368103
-48652065
-28757667
46323318
-60054009
-2705800
-30472530
-28801053
-53673177
-89666099
42391942
73328418
43993446
-615510
-53305252
63408287
73586921
-58197102
27312761
-134730938
-102455619
-30046290
-81046247
26811847
630829
-122487115
3792378
13663658
-45672357
-36590154
-51127643
4798705
-94896203
-96760322
-273906765
-26412635
-116182502
-90865834
58635765
68935932
-60884185
-55080063
-40167095
-79910556
45172236
-70434775
-80829075
14641500
-134497750
-3900047
-53052753
-73370403
-118045624
74953450
-47759791
-64295011
-149741606
-2135006
45092382
-44319548
-2279957
-147958761
-84737417
-5330356
-45990547
10484819
44030265
52598974
-92341182
-47743716
-85234951
-34760879
-87068657
13278769
-37614762
-89335462
52465753
-9595434
12423217
-74285587
-17954553
-85359390
68432551
3006312
-139988162
-12531267
-92242947
83579967
-32710889
-9621457
-156962481
-14306529
-49808151
25719753
-23474408
-60981750
-132806982
-111997180
21558602
-77893361
-45512107
-68170950
61001330
18267582
54493360
-21087337
-88749262
-24674846
-50813940
21434550
21568445
-84758677
-72593944
-24179254
-83640730
-21518258
22167735
-32061812
-92483393
-51855872
77347370
62342779
-35084744
67585267
88537959
-4407331
-24147415
70482534
-112415730
-53900690
-79105504
-55081747
48197153
-75450337
-98284903
75600255
73365169
-16100889
-49660608
15219009
-81554884
-172279098
-34643780
-118089659
-43808478
15001629
-14690050
-23920735
-37537679
-47746279
34988627
-54937536
-28296960
-39883057
-55433924
78839056
37476809
-21363111
-124508
-41624830
-17744830
40545593
31944421
-61970800
15991757
37160273
-23636919
-72194010
-21013642
-110260120
-31167557
43465424
-60710390
-84865407
-21565833
-60060125
-27613549
-18036706
-78131652
50581039
-19037751
-113167352
-127585769
-39947439
-22212987
-161534494
8004581
39727170
6519542
-127358991
-99053021
11378167
-33542286
-167892942
-33195619
-171812457
-87591013
-57827326
-13255071
20710062
-56286213
-53473651
37285914
17661452
-44201095
-90257109
-42624375
-85589462
-97243972
-76328472
34529895
10562562
4750962
-60062114
-29929537
-89097118
-58978873
-33758388
-21066790
-95396667
12330136
-140099959
-200988774
-72287790
-28220877
-19724375
44227399
-47394285
-58945652
-106563564
-120549298
-78300130
-31996737
-53341256
34459117
-113314095
-13946794
1610247
40611777
23881896
-41723487
-38157651
-29897702
-4097319
-17171146
-97712796
38317936
-49025045
-99400078
-16287609
-18717371
-92763558
-117617956
60655705
-22901108
-57352941
-47500956
-51219443
-19951581
-103082195
-62905771
-36725851
-38204251
-23863829
-96332729
1090946
-129123668
-2795628
-13373641
-129355985
61424742
-48433891
15086162
2439259
1511664
-86760780
2469842
-75499452
7053784
2938310
-54675055
33017951
-112313674
-55619691
-82344363
-23971089
-9599040
-9752289
-71989249
-18703133
-184855460
-11550010
-118020802
-19764070
-51011616
-96093646
-52947977
-38299698
-9163900
-24244439
24148182
-52989424
-14463147
-17283535
-80647435
99999326
-27759447
-12904269
-63664549
-73400828
87548357
-49624292
-70810597
-37830266
-41128609
-50952198
13306526
-160093998
-29242395
-118438754
13341399
-428418
39968479
-13783033
-33508443
57963383
-62825787
-58603670
-56550978
-87129399
43023906
-87901153
-29101214
-103772372
2953065
-15036369
-2537186
-41755883
-45907262
12153147
-94752799
39257392
-27970982
58829075
-49904468
34765156
-36923689
51153180
-67100387
-115094449
-1778261
-17470739
-101043992
-11938386
-64375243
44162187
-77813514
-33674383
-27926413
12257692
-112203788
-40612692
-96810936
34405869
33351727
24915884
29910151
-48965980
-65896782
-121467607
-5341462
-120327743
-63266292
-29948709
-19003401
-67642215
-81110722
-48495576
-83859382
-64288363
39089305
-100867055
-85951123
-15058963
-93527401
28923125
1704977
-30904320
-80068359
76008768
31061762
-26766743
-69321026
-54728610
81097110
-133605093
-95083517
-70036375
-29543812
-128792167
-44289430
-75394414
-85711139
-58930500
-53754696
-72369523
67544293
12415860
-22454625
-14559124
-81586814
47786005
36219104
-47436795
-62188211
-40089046
6216184
34345513
-123559046
27826513
-14837166
-44080065
-25706332
-73326979
-74180844
-86508095
21130479
-21120288
13075713
-74952783
-44064757
21322687
-194735430
-130571956
26869587
-6379059
-5909273
-24798716
-92111999
-35585892
-33377010
11282701
-81282375
7884090
-52084674
-3748945
7861737
-106645947
10426414
68470393
-27544001
-114157503
-92763368
-87215954
-18616550
22310188
31923175
-12208966
-90786302
-78574968
-167385368
23751271
-40658910
-48145552
-123093029
-42119174
-58877083
-37877290
-49930804
51131356
93415084
-38800037
-12198813
-39637813
-217981484
-9077745
-58276199
-86501759
-75826926
-38700208
8502425
790679
-101771090
-3136242
-25995824
-94302104
-56210243
-32696568
-15707765
72163900
-6883058
70570978
-60997141
76513867
-79748865
-69195155
-18265530
-56534204
-60482534
-49696356
-76842279
10632295
-16652956
-90198363
71119366
-63825779
-105227175
82664644
-44783988
-59591643
-14336716
-113623734
-10232355
125492539
33804588
32879360
84694644
-49737157
-107511231
-65388208
-64022892
-38432557
-126569182
-7229407
32892072
-32029346
-51658055
-23819572
-26871941
38859877
-121207684
-92680073
-113329144
96448449
-78071585
-101419581
46023992
-94745913
35283464
6493887
-47985868
-9402033
-86894690
-54220611
-91351667
29248244
-128385873
65280989
-17614437
-7519469
-49012940
-118332014
30340173
-25083988
18669798
-106945041
-51360379
-25634794
-62596804
-106575806
-13436052
-51936417
-52168582
-144878046
-31530819
-48563479
-40860596
6157451
-30641177
-2312492
-114959872
-104375202
-16994904
-69960930
-45645373
58919207
-13370909
-111482742
-123325950
-136569809
-80319411
11967664
71035995
-81096645
6211485
-48979285
-90576576
-48612120
20003521
-55746321
-223928910
38961506
-56336889
121980487
-105430180
-41060748
-82990443
-35113180
66878389
-127834859
54240709
-103378804
-8258568
-34809487
-34562070
-74473555
35577196
-107787131
-18700441
13998222
-90516324
-50155454
38873170
-873726
-5949655
-62736219
-56077696
-28517559
-45809776
-121023069
-5976040
18387850
-75204498
1693664
-122316945
-215788350
-27079442
-95138351
20283536
-6622188
10821991
-5528210
22337825
-72654763
46988558
-41458885
-90916423
-50891234
29228214
-27087698
-37175935
47531107
14004607
-47547391
8213387
-24307663
42386066
-35091581
-68837874
56726224
-52102810
-91835838
-51884428
-61322579
-25779587
8376293
40686195
-7138162
12846681
-121162479
-109202022
-175729108
37296679
-1653760
26130981
-60802306
26042453
-50558984
-66854116
-49007314
54066635
26249780
-71265853
-214816818
-76901540
40380721
-95241649
-40054729
12035913
-122745459
-67558764
-85831650
43765395
-63094314
-61212448
-5026161
-30776957
-137364503
-53261052
-61030207
-29912017
-126324740
-21966250
-12855389
-112830036
-72263315
31302525
44626900
-43072890
-13737342
-12122762
-101396967
-15243273
-108940522
-39736112
19460213
-112321332
-61068881
62089336
-80137522
-82475977
-26181077
-66679815
-65118321
50303070
-49441689
-24039255
-87853679
-45144447
8888022
6004589
-81405209
-68616730
-98011768
17597268
-16187336
-100123879
-80833873
-111196199
-60227270
-7314321
-10001539
42966142
-6979521
-93997823
-58987997
5048450
-102113247
-38785715
3737469
-76475667
-41531391
-85635435
-2591328
-124370130
14653701
-9632082
-115506292
-107390387
-26329697
-6186808
-6374513
-27164069
-76773170
-26463988
-50871633
15840059
-32474086
53580996
109829604
-8765737
-103140307
48766682
-30549857
23555215
-65582441
22458560
-145368291
-75179963
-10338850
-58139962
-8838795
-81739392
-21913996
5431988
-106949277
-38161587
-31239753
-19288699
20292838
37915423
89161500
-9213220
-107413740
-20315939
9165314
-44571888
-105230522
-55933074
-7368294
-60815145
-159127781
-16111631
-66930974
-49593577
14920720
-12987078
-111432108
61277418
-55084887
-58672431
-111307734
-26397124
-159112014
16901633
-4014041
-63110099
20612608
-49953144
-92325912
-13366671
-17116675
-11342050
-44947118
-102679821
-101450388
-48556047
-41008171
-14282150
-48507397
4567791
-76325235
-62389230
-61272278
-49007780
-40212620
-43970548
44395174
12474370
36769072
90160685
-18080023
54971696
2591980
-46767276
91303866
-121093062
-39092109
-73062845
53969185
-55726683
-39941428
-15666855
-72316881
-70060937
-59597588
11810719
69039312
-34209160
-40176657
47800022
-104025840
52205458
-62625936
9151837
-10650867
-83794698
-154414807
65712137
48138072
-73714100
-26002169
-3387920
-152210833
-105021796
-67790641
-2930881
-33269687
30930136
-54954108
-83857153
-13085183
-76827188
-145467864
-9552379
-19617011
4722400
-100563173
-13920865
40202785
-108451307
32268040
5918108
-111773376
-87018108
25847671
-27450428
-49271149
-79062354
-50885222
45787428
18276253
-28198821
-36015660
3330926
-70989058
-65719395
-26740738
-40936903
-12631410
-29223307
-25367695
-70439212
-39931695
-119385021
-125392573
-76924693
-9794226
37483235
-10045800
-62345603
42835781
-20395024
-24699312
-173144039
-21322635
-44099289
-105512453
28510099
-22408153
-29745846
-98881929
-76988378
-39583499
55682830
-28710579
-77302021
69617313
41485641
-35124482
-88453665
31159387
-111612446
-85789637
-122652385
-47096594
-13635966
30519058
-59047324
8325038
81775387
-34140378
-106058097
-17300181
-53490705
1947545
2559767
65759286
-52231401
73769457
-9123620
-9380613
2928792
-24218308
-10148622
-108345639
13019453
-57446070
760381
-15343144
13153034
-14576397
-90719033
-24571508
76816349
44127595
38643179
-41512129
-46782484
-59150564
-45793156
176223
-70140632
-55088494
-100534397
-84145999
-84552677
-70208584
73889640
24890229
-77082205
-79475068
63978865
-28358549
-51611355
-236667245
-18164148
-42866098
-35298346
-2706791
-66796300
57421213
44837627
-21769459
-70284261
-70931034
-18875699
31108930
24049862
-80677544
-64388147
-65077494
-477821
86228565
19540322
-14042460
-58800919
37849001
-6130503
-79256381
-104191815
8636087
6030494
-93148905
-62059268
-64715142
-30432593
-39809065
-82889149
-55364249
40828987
36540947
-49142811
33179044
-122815803
-14824272
101237934
-51896926
-125041530
6843092
-85411927
-2639144
-141500666
-7010741
-82413530
-45368935
20870179
66824577
-12587746
-37411348
29880366
-3951837
16090040
-81626637
-128578857
1059774
-82293679
-101684423
-26434764
-24330625
25124310
7447439
128095173
10983967
-131098440
-26345739
18884105
-92059401
-142124535
29461479
-49161643
-85600979
46903975
-10822606
-16413969
-58994004
-57030738
-54096927
-165320063
23633327
-144690994
-75998293
93249649
-69970417
9712020
89799059
-109409766
-115900344
-49141315
-71614571
37635186
-5247386
36920739
-60254451
-196806408
-16702399
-9088010
52467897
-45666304
34155279
-114296602
-59234038
-20353542
-10179134
-50297547
-17152780
26971897
24989625
-60861375
-72694610
20387538
25030214
18696725
-16626256
-22984409
-18371559
-6619110
-28851428
56007313
47892864
-61639307
-79089761
-63297717
52482730
-140785037
-26725428
-92343195
27378908
25057539
-53578368
-37624418
-76363372
-34039405
-61630021
-36363410
-66633861
-4089518
28425883
-15734991
-78829085
-87618618
7576014
21319390
-24258289
56552859
-80566939
-31477479
-87854298
-36678702
-86788159
-44581141
-57066479
-70781625
-63534871
-13573202
-64623203
-54651002
-86565707
-28883649
-81786422
-159420164
-49700367
-84021694
-57475204
-13501597
-53484679
11055263
7757014
-34681166
-29553025
-55641662
-52243502
-71762521
-55605099
-34553179
-20756683
-102304308
-45216234
-136428840
-43240070
-88483998
-29945231
-72137703
-71111256
-25391253
-26978035
10306516
-68093342
-12811188
-28331934
-6045402
43778466
-2988804
-80616448
-77090214
-133846017
-157019370
45516333
16373693
-115321442
-41036610
-32355641
-16287921
22087942
80451470
-101054072
-5376796
-59236357
91438211
-12537869
41697435
-51826675
3155027
-65345725
-145558581
-34902981
14032819
-36593922
-112501368
-52467963
88674598
-66286634
-10531927
-103286837
-30339464
-74392124
-115277376
-13011162
34545253
-73025000
36686641
-79732649
-6200955
-3463168
-11508907
-55575182
-92874174
-11656302
-55220015
-5181671
-27810265
11510804
-36100119
-105378104
-40393223
-66974143
-79268126
-48653771
-85167947
-22708854
-26821251
-74810850
-72400916
-74197804
-32331844
32108633
-84403993
12765008
6648955
-78094207
63701930
-39509096
10293924
10641493
12476661
-32775871
-17253979
42326951
-8622690
3407290
668271
-115858187
-39069457
-35760408
-24415251
-42376749
-95515824
-143719688
27987625
-128751204
-70083016
11945573
-8884512
-78451373
21228765
13348067
-47755008
2828683
-92843770
-78302770
2444061
-112071606
-147216703
28500926
-8899316
-41454794
-71047041
-21254335
-112072155
-113221450
-51055237
-57139969
-43499821
-53599215
28758262
71764447
-112451289
-67646491
-111658204
-74755032
-93447735
-40176834
67173326
13511157
-35765879
-10426330
-37294224
-62750474
51386431
13154035
-136805306
-47447205
-34020673
21308651
41077960
-14536957
-66443636
-101808715
-54398181
-137534435
-72950304
-59683939
-86060930
-4303454
66608303
7694735
53731028
-33110642
-89403792
-628442
-71586331
36848000
17556487
29832996
-14091777
-112395626
61364764
3894105
-149771115
-30612857
-52335132
-20811553
18629442
-6571458
883782
-58980671
323181
-116282200
-6205306
-49963434
7115704
-93541458
-13009499
-23211843
-78260279
-45668223
-49727174
-50116411
-18720671
-67737202
28462724
-22211658
-88623480
-12355823
-50898115
-11157718
-97971217
-21250881
31682836
-86169725
-73088677
-22503377
-47063431
-65942863
19232022
-11969322
40528100
48054826
-52067443
-42280837
-95677670
-31009122
-25040027
776924
-22353380
-20174556
-52890168
-68877961
41021307
-6257275
-12222796
-65873020
-32931345
-82593977
-97208926
-2953807
9449357
82400441
-73416228
26173688
12165065
-36331573
-94112113
-52683876
80410041
-17265729
-1193763
-107233723
-14596585
-45796830
-80359267
-42616068
18655906
-83548453
24615071
-148288191
-12481208
-40479802
-48968400
-76733624
-35189208
-91683034
12337299
-57939962
-75176836
-55943652
-68551247
-20215700
-32433041
52679881
31417849
-39912109
-37566742
47267796
-82127494
17793393
-23881993
-32781764
43421852
-53693607
-92770633
-36241077
-47330666
-74475158
-17250416
-110193599
4900233
-73781203
22342352
-250861750
-21906416
-87617722
-59795871
8203043
6225963
-4454542
37784497
-148938089
-19769528
-33029498
-9494879
-4150162
-64195762
26349388
-29800337
-75205633
-117773336
29340435
24713294
-76068512
17967228
51470097
-28145248
-13954955
43099825
34565633
-119319302
-151521865
-81484294
-74693657
37530475
71904799
-37014074
29305709
-24592402
-54551585
53103084
-68427339
-140283842
22598380
-76921980
20256166
-55093961
-134482010
-122048075
34708223
42229682
-38691175
-32732245
1256961
-84219295
-112490170
-81497192
32181270
-106591675
-16051504
-62656920
-31032033
-42484088
-112373169
-10229337
-181613890
-7021428
-41865701
-95911007
19052194
-86656520
-96477852
-74075287
13184604
-73864018
-22840662
-82063711
-54699617
-23060214
57268056
-81877072
37380674
20283568
8870823
-55561106
45459330
-36585781
-83306322
-20622657

5006037
-4113074
-2667490
-26508869
-10627180
-14700822
-30966253
-46813637
-58017457
-23539254
-55518590
-95806052
-14457863
-110824968
-11970471
-87100740
-103157836
-73794928
27002270
-72031150
-33229624
-81181635
70300394
-95508363
51242704
32637906
-54840704
-131769979
-17055405
26122720
-16762619
-96265274
-58087412
-23773596
-48957607
-79691498
-127708550
-53068350
-88642695
-113631519
-92454800
-22699655
-92783733
66150618
-149621595
-76904045
-26215855
-88183735
-72534403
-12684266
-36022027
-47576776
13523450
33794166
-95434110
29228620
-53781563
81915987
-28333940
-61436479
-18748765
-12011596
16902360
-44424642
-75117884
-92589331
-32608162
-55328503
-9109752
6201217
-12539084
-115969195
-88598778
-70197562
3785226
-7617214
-2502639
16352289
-34205778
-28532480
37471142
44358960
114698897
-192481242
-64331284
-103777172
-112305142
8709194
-56001841
60081079
-5783744
-75403332
-49939607
5260214
-65852167
5790200
6579280
54802675
-43280767
38437909
-89362825
6362284
-109989321
-56534542
-59377818
3615682
-89144285
-65741584
-5250853
-108483162
25349276
-44446766
-51956802
-134064584
-70289325
-67685131
-11505061
-26976830
-61112212
-76216839
28384327
-99214722
-13552043
16135146
80941937
2471067
-47309172
-35706484
37642574
-21546606
-11817059
-40837860
-8772377
29752056
-30175715
-28509832
24445054
-33896651
39166901
-71084845
12113305
-40685849
-150385444
-24969527
22976973
29732326
-54505740
-35565917
-51395768
6892575
-28033184
-93380323
-76206815
22560310
-29298304
-70352971
-6686304
13373922
60052147
-1704890
-54582632
-6662298
-84586029
9689234
-18152023
-44679347
-120024384
-24289232
-22196944
19308940
32102761
-31808067
6513702
-29822328
77958897
69672644
-1714122
92736830
-2248251
-57648744
9777427
-100359909
-40703943
-78436637
-56985912
-103164270
-36086100
-53291091
-21505231
45526416
3827224
46599968
7271399
-52084276
-126028732
48996095
-75978717
-191967
-33963327
-64970240
-125573455
-21028578
-31150140
-78356479
-38093013
-17873551
32294375
-35766170
-76058806
-49307216
-124702477
-267272550
-76280303
23303192
-113735
-17524388
-20485737
-95107062
-30742258
-38623976
94682016
-35586402
-69131026
-85289611
-16821742
-62915106
-13918184
-10173559
-32471011
-171130337
58145676
-43564447
-7794294
-29863581
-78700191
-15912142
26300077
-29530505
-14943001
-75135995
-7625929
33550613
7055606
-8752403
59795505
-91793867
-21920532
-3411515
-112305613
22553068
-13081532
-91243561
-4079907
-111200073
43382929
-37910472
-108340303
55623912
-110756227
-63723879
-23318693
-135185426
-69336897
-53780742
-76023385
-73853887
-67343913
22301322
-105651975
-34193286
2959398
27991582
-33513775
-41734865
-33553452
-9844360
-96582776
-29087857
-3401171
-18768462
-105198614
-42100864
-46903348
-50161428
1283942
-35354082
-107904139
-800867
-113465507
19581144
-55957019
-64983943
-134397774
-43936687
-54191683
-6687004
-110618047
-24901019
-64113812
1093874
26734669
-62368682
-64950270
-4699294
-4421855
-17292671
72344325
-80489790
48130713
-114964701
3138733
30847850
-3538599
-26099514
-9352107
25734372
21074731
-42117013
-72306602
-37247534
-37717928
-76756448
32056637
-133232719
57740525
-42373790
72994879
16620235
-102036741
-54570166
47415426
-101823751
-55144783
-134194943
-131594573
-104262393
-40883718
40587334
30627997
-44149754
-82615966
-94724827
-89153849
-83390734
-55027021
-27265059
66625209
-32092431
-16623036
-97153510
-36215407
-91159816
-101966231
-8024266
-97384681
-48726336
-35701995
52788461
-28896859
-36789035
-48762629
-80947298
-11360410
37010801
-139066571
59704100
-45069362
-51818203
-22999363
-18452915
7679736
-47323689
-66975389
-88155265
-44764476
-47570940
-83098599
-66914165
27948057
2673977
15557638
-45348455
-59256540
-19909291
-56869619
-98792524
-76419240
25303929
-44336619
8463998
-42190473
-20222257
-89612431
-15053069
-12660504
1288858
-19905658
-14362109
-108571047
36812224
-66417599
-17175235
-164323221
-36817263
-31911254
57726623
-127173785
-26173274
-36623434
-84243930
58085491
40522756
-22645399
55429329
8020269
-48354275
-76994890
17085657
-85090584
-39570830
-29153603
-8039387
-49185956
-2601720
-6494544
-119304507
-7768081
-81042058
-27717362
-20208661
-68911269
-89586565
-63897859
8505736
21624852
9387826
-45207416
16569362
120243415
-12308207
-28198867
-139587340
2971476
-82470413
-38011696
-46253065
-7613904
15428083
-20380355
291920
66810476
-85638156
37263771
3853955
-5871692
-77626310
-135339700
25273436
-63020859
-97536152
50148011
-125851273
-50100210
-41428244
-63538798
-53426797
-23412404
-29670127
-115181726
-68382594
-126043713
23310662
-6584487
10672177
-61198089
11175450
-77247259
27615766
-51413202
28971042
-43880739
48466652
73650564
7797206
6357683
-69401395
45427217
-25461803
-71040888
-66874613
-78554015
-136504237
-26310478
43335890
-27326346
522719
25861467
-9860894
37925057
4409376
-46250109
-50743021
-114367393
-25782169
-10766059
-2148837
-59431998
-108361891
-9559701
-36146382
-123859219
-67157407
82168706
-144024680
-175490744
-60672517
-114529481
-26608345
-76744617
-4480878
-95862564
-70003685
-36679340
-111441306
47648839
-47872410
-97536870
-117332958
-78034006
-59099883
5093397
-45308364
-1459247
138337071
-35039049
-10189884
-31902279
60155305
-15463468
-64881146
-10174106
47909943
-5280081
-32184073
-31323437
50871598
-30236170
-15741742
-68258663
38004841
13525571
22144055
-78430796
11422914
-57214919
11112759
-19739259
-54681416
-76624932
2415197
-45870472
24613343
-76621992
-11699377
64275620
4905093
-70591790
-17233245
36413198
-30305120
20717891
62283218
-111437412
63589819
-43885493
-3047365
-83258838
-4745410
-55744476
22905278
-4656825
-68268315
-35110321
-150738042
-75849443
23621749
-19653384
-95752817
-28847185
-68212583
-93906245
59997980
-89063542
38484076
-5988516
-57999377
-36629707
20351774
-59362635
-58715469
-95425663
34618757
-79865284
-88567764
-569284
-71150537
13504608
-87443331
18556792
68436300
-123074191
-139012453
3354251
-49553277
-6961436
42717343
52189192
-62043782
-207833300
104022234
13638331
-10810006
-20384774
-94245594
-64344438
-42323992
-4354672
-24164570
-39103212
-12251513
-15582950
26397990
5457171
46063824
33438090
-59039374
25257634
-114084755
-114564544
-59979073
-26171027
51518024
-94443243
-69947682
-78931670
11922298
-34063342
-78823151
-28924711
-84738165
-35225017
-126244081
-1584065
-38054352
83708885
-37381783
-16271457
-113622309
38539265
-9568009
-118762990
-66636511
-95576145
34653367
-29487262
31577038
-107736296
-30676481
-96225939
-79837834
-13554817
-40050274
-5402766
-1094764
-57130527
22746988
-105292824
-72836812
29214851
9425988
-31680956
36972353
-74844017
-12902547
-60966322
-79336912
-20260531
9252999
-43407788
40825538
56806384
17215835
51045487
-1801229
45019743
-94446747
-100129857
-11486971
-19544539
-37823428
-110737118
-48787017
38134754
-166682867
-73821761
52471641
41398051
-77454371
17859741
50677897
6971895
111310470
-62998138
-67286205
-155729966
-102884949
68178057
-58411015
-27968237
-49988397
-141842235
23745647
-41382563
-1694637
-35195191
-109303002
-86861786
-42987124
-143972565
-44709165
-100425492
-100042158
-511560
-93696847
-71157844
-21963228
48678044
-50857481
6161336
13242435
-32105092
25795999
-140796752
-58648758
-46055948
-93905696
18531497
-63799442
-40558015
-47368976
11943432
-35000287
6489433
-48932901
13477506
-145799842
-50466963
-91970452
-70621896
-18430623
-21178477
59526260
-53999486
18966569
-143511538
-54225139
-142299198
-53917824
-31146495
-71021790
2537783
-594347
19478898
-11037319
-23090627
75028572
-61791201
16487656
-30222538
1874787
76895837
-44033817
-11566940
-69566991
-118101281
-50595623
32685933
39683917
-64810368
47523309
-13234085
87832052
-6913222
-39902079
-21269572
-174608976
11647617
-87204599
-90033386
-136135801
-77758121
13884930
-75729385
-42702455
61608625
11366067
-25421115
-37480809
-45373083
-42818917
-12570617
-38431233
-10534878
-470398
40999200
-11045455
31529855
-103302414
-16922609
-111107978
-78610614
-31143722
-46962552
-106036709
17920965
-101641472
-21858177
31798941
-12896976
-70385279
-29744759
-58670601
-8744977
67640533
14719014
-5747849
40219632
-153829568
34067558
-108076388
29321261
-37137317
-41209342
19687069
-35873667
26284945
-103042990
-90450881
-8547899
-75995239
23302232
-21363176
9678619
42562655
-54694370
-24250530
-36256360
-38622634
15584908
-61499334
-30710250
-2376078
-37622452
-1212431
-120700560
-5053436
17645846
-30707735
-67621544
-106627079
-61182120
-70471218
21476290
37065022
-97644030
-124685996
-50606056
47443145
-35887460
-3438222
-37876687
-59106661
67826520
55153333
-58711672
-5016376
-72354405
-31652610
-106870843
4269218
-18435163
-81082080
7355833
-78386028
-59938176
-87271518
33644065
-99449309
-122565416
-31096818
-118653084
-29721548
-29812884
4755085
-14768091
19768039
-62004999
-88459467
-69686756
-38741159
-86911436
16439097
-78470819
-8805851
84795488
4259097
110305711
-126476643
-66028613
35455452
35529043
25154724
-75255951
43317482
59688179
50235631
31516547
-66358633
-35742975
-76824459
-57468738
-62594427
-72810147
-33645981
-23987053
-56279725
-8610006
-101251010
29181120
-32365745
-850309
-107096316
-107299928
-59880743
-103438193
-37443982
-47036594
26329996
-88159686
-74751262
-35387050
-88797006
-16705358
16313554
25563417
20210384
-8987194
-29476055
-134562336
-43962517
-84057540
-68817884
-43741605
-44551073
34309339
-109381301
-28824592
-13746083
-64520349
-25216666
21444848
39425867
-91557473
-34794548
-87372739
-30370483
-139352564
-79283463
-138623595
-94335826
-83066546
15150930
-22874746
-11651509
-82658550
-83913890
-45441477
-86911714
-47592837
47721812
-96869296
-124305710
-144535383
29606994
-32441437
-82745144
-48770494
-107230878
-63465497
-61018543
-37537695
-44390155
-83369213
-8762735
-10507334
-59111244
26811747
-2472154
10482674
29390674
-54876746
-39624321
-26424794
-180828255
-36286254
-136506701
-59627159
-33118614
23610663
-9233912
-48329946
11426259
-22931630
-55686052
-146792107
-27353174
-88132031
17239697
54078478
-102542042
-126595028
-59659313
18068778
8891906
-108089569
2812229
27417520
-172053935
9875644
-36171395
-11593394
-90914588
29676366
-69136730
-39698611
-96826718
97460551
-127744211
-80400764
-32201243
-12420816
-58582385
26977458
-66186921
6573313
-65357105
36466038
-36004135
93038844
-39609107
47259424
-20821631
-69966901
-30881090
-51523132
-30128102
-96784693
-14375805
19238655
-25694732
-27433539
-83917945
-29368996
-38026802
-27881195
34811657
-48775785
-34165210
47364472
-15694690
-53280706
-28435955
30804136
-84124635
-110821183
-51568918
-26373655
-59902840
7462063
-8149478
-76310733
-71579453
33475501
-43110587
24530991
-82185611
-28592616
-130384339
-74225123
-77224829
-56457428
-17560368
-156492522
-2971309
65705820
52295376
-68663741
-39677703
-1184021
-33302954
-15931524
-68605481
-8411194
-55320936
14201669
-115537470
81393988
-114693292
92305360
-57295438
30579145
-6757906
-67463640
-23035676
-91189151
29699126
68218002
57116347
-73145650
8786116
16203224
-73003684
-52097480
-20425546
91581783
30654589
-56146375
-28620746
-2001852
58843215
32635615
-42820590
-91429162
-53222116
-126164629
-52475579
-71747678
9652125
-58875657
34406922
-17747438
-69661465
15446996
124079446
15704812
2921362
-52244350
11448147
-36696123
25228650
-103910816
-330591
-73885188
-74307258
-126020614
-40994323
11479877
-16481450
-4826920
13572403
-102796088
14711229
-12618722
6838819
-126892130
73910945
-28568079
-61385352
-75990502
-13664300
-138833475
-89125426
4913564
14581531
-110321741
-22227007
36026637
-46977813
-136121908
4777855
-32352873
-66700483
-31949549
-59076544
-70315045
-133451454
-118904896
-60551047
22093629
15776261
-6541935
17724719
-37105897
4902871
-21964918
-53770784
-45979825
-91724955
-39584515
17204735
-106528209
-4355381
-47033089
-13285222
-48762447
-73055754
-11621867
-14824272
-76281714
35981537
-59823616
-2059105
-2788900
-31473371
-126905722
-72494090
-5665702
-64641341
-85098209
-71285705
-25000495
-58678976
-115898118
47839156
-48316302
14601570
10469512
-44659221
-69927615
-52243043
23569214
-41307794
-101833160
48322291
-31665292
-91132884
-44433842
20406610
-82826164
-9843077
-27891749
-67895793
-70805663
62660773
-93892209
-16662457
-2605440
-122615747
-12189995
31968317
-38390920
-118127764
30289718
-26525546
19736382
-63389280
57743577
21649092
22520956
36225292
-6370424
-9184315
-109139787
19134429
76882989
78718820
-17886277
-60196859
-104817435
20169145
38688749
-61915766
-89888989
1015953
3767230
24859643
-20054675
-138528175
-8950186
64232181
-88282848
-3101429
-122579054
-63982050
-104151454
-7135035
-53156866
-106436429
-39024554
-93257887
-128885048
-31695652
46212197
-27505950
-36433498
-124463437
-66962
-61233302
-64728734
-106903615
-36238707
-18015789
-2331479
-107955731
-4973673
-20876271
-28971874
-4376149
9323630
-60842794
-17299764
-30930447
-10501178
-110288341
-68797307
-19125539
-34103238
-706023
-35883501
13208112
-79544580
-52616201
-151547307
77492207
-67574926
-36157581
27636992
-38250893
495548
-65378084
32610481
2056068
10049880
17581146
-31057239
-116522243
-44903801
-57233576
-15210726
-101579169
97337050
-137797912
83780100
-28332322
-66024773
36529602
23372261
-33004863
-6982973
10610923
-53364278
-55534443
-120124361
-74182020
-169919319
-22732664
-83765749
833455
-30520913
23832770
53493483
-64738993
-23225164
-54215884
14687113
-45326652
-28889895
-73581464
-66737145
-81506561
-748289
-29969982
-107896514
-11748744
-2684634
-18052584
-35684753
-42750018
-135728530
-181135187
-16373264
-40368191
-55661012
-32084189
61179090
68045480
-55374982
6257815
42889476
-52350394
-97992926
33060177
-6560282
-168253350
10642038
-4867104
26280733
71542898
-60073811
-30237268
19678908
-39108430
-80185168
-9822896
-128162333
-78471222
19787683
-28051923
-9809545
-50767374
-42211366
-85934923
85509996
-30396549
-144367148
15631620
-34315145
-5267059
59509179
-40187175
-46456851
-18395872
-14632300
-50674719
-137562390
-25536591
-5213925
-47656357
-72132363
12128174
-93920204
-37295688
2800281
34127880
-73798768
-80468339
62664912
-60419439
-105703120
-61725023
113673649
-94629194
-29989741
-44900246
15140636
-134014039
-89439745
-78392570
47570780
-514449
-44439972
-38036331
-144587615
15983608
119523095
-126427331
12994764
-70505425
-112694830
-89013191
10611145
6931022
131306
-113270901
2159674
115730252
43431796
-23890259
-73071285
-26733945
-19822553
-42567754
-38769826
38125260
-15202526
35093564
17814533
-57115869
-5889345
-57204290
-102122826
-27439498
-37845991
-6618525
-52769166
18775148
-87693642
22838866
34947288
36422162
61998936
-69728088
-55934663
36973395
-29749122
-25838878
-9934876
47264683
29518221
-110060951
-38113196
-9180826
-38280033
5636625
-69940100
3451814
-83639067
444215
-64632122
-39341086
-2268943
23195370
49245937
-138256695
7135017
-7665868
24497126
-73929722
28209657
75557314
56976085
-113951715
-63217282
-69468835
2997137
5480771
-18226645
-71817434
-45451755
20247234
-70112549
-106114327
-23758888
40318739
22401167
-63642032
12381249
-90763760
-28100254
-69694043
-84902360
14010228
-147520796
27785089
-87999882
81963103
-53404233
41535555
-109804949
11648862
-35789548
-57893815
-92054677
-26272464
-66431905
-111741047
-55123060
-80082131
-43280158
51540224
74005203
-22953895
-34024386
-30251378
40989568
-29195064
-66684215
-695683
-8392996
-120191325
73535363
42899174
6206070
82587532
-15106375
-8957154
-51384452
-114924319
-76668893
-46067050
-28555686
-2445187
-36086518
9537596
3734585
-11421388
-51267087
-110223154
38915298
-57584948
45906492
-25998747
-42853617
7824260
-129216328
56654552
67590649
-63423025
-37346006
-3936857
-90325633
-131236501
15917840
-109246856
-110043048
-110812871
235573
38651098
22053950
-119650878
33663888
22906623
-215224740
4822258
-36569611
-88659544
6282411
5024433
-109349711
70463369
-8529905
-15379969
-33043447
-149581615
-18335993
-88626682
-41762285
-2386374
-49928202
39200134
-132112088
-43843253
-55469543
-81792444
-121300826
-92544434
-37205710
-69087459
-19310059
-124179673
-91903014
-47506623
5112960
-70324471
-22812793
-127238769
-144187241
-65933480
-73526599
-65946844
-82985266
-87073650
-26519477
-78066441
-16476325
25040535
-2827879
-69253650
-55663364
-72245830
23626777
-126880128
19334982
-62255152
11032684
69633638
34349100
-35389652
-47091460
-16250385
-4957832
-77049377
-49772625
10828797
-13023998
66410364
-83502450
-36194783
-11894267
64591931
-59247463
-49589521
-17833240
-99257516
-36007161
-11733437
-85252699
-61683479
-62328552
-53031010
-23923201
-86071720
-45236182
-72946720
113701866
-19904561
34792944
-73431923
-81322345
-3724890
38437351
-92201636
-21501978
-47472529
-102040548
-78974747
-44161835
-128293092
-48624326
-65759064
-54489735
-12038999
-107258062
1590636
-44871759
-125781604
11879114
-76421250
20040698
61720474
-51233348
-9115537
78190364
-32239458
-69146698
-36049139
-80978073
27664749
33834170
-60747098
29974764
-49415231
-51315583
-58060558
-92716102
-112476712
10645194
-37477609
-94297495
-77484652
-48671387
86009862
-7482222
24712012
-89012465
-79664607
-152792267
55962302
-77106340
-35787823
26949894
-68659542
-34199103
-6543165
27685259
-45252949
-87448411
7046014
-14409516
-80326985
-22580603
-105997941
-48019654
-31202789
16832741
-26161774
-6646408
-74008789
-108826772
-72627764
42699886
-15940547
-360273
36541471
-93793356
-88402671
118428451
-47423512
5047110
-47743890
-49461652
41549089
-72296079
-10824463
-20600200
-30193449
-128447935
-56871186
48278554
23280750
-29976346
-59675543
-77591278
-67344420
-41630196
792516
-91675082
-21373338
-31762311
-94143156
12733235
16881930
-44074242
60387076
2210137
-117511990
-77048090
-29713425
-18389378
-63755123
-82194183
42671501
41115450
-10959518
-90875797
-66571302
-60517754
-77001099
-133029713
-74294087
83021496
-68218017
-41478251
-79596338
59230782
-39813134
29535406
52768817
-94381205
-52032952
-53983181
35984978
-34625583
-82875863
23343413
-76257089
-63034345
-73894662
-59628746
-38856046
78947541
-71089189
-39901069
42816363
-114908310
-31933583
9233906
-20886193
77675685
-11445509
-82087792
-31064830
60518353
-3530757
57992914
-67874657
-116417574
-27739931
-93971201
42881136
-48167619
24415045
66278279
-30443733
-53774382
-60462937
-81522781
-49628676
17426364
-181203128
6656593
-48698758
-42694208
-67765877
-56674879
-106719639
-141108325
-17576322
-96131369
-18215217
-10953169
-17403466
-96952871
-122495357
-124946902
-49621771
-55084785
-69813791
10966583
-47799235
-20205643
18349926
-47914282
-104567892
16078076
-95753945
-101691829
42452102
-66066921
3798508
20893882
-18268390
-44832694
-77233068
-253439
-22762625
51317892
-37129553
-46543493
48295073
-39316499
-139388091
-42597059
-52650486
-17654475
-32813957
-14726287
-168474155
-31391144
-60393273
-43570948
-34043664
-28394298
-23392428
-10212174
35762948
-79952803
86243720
-11032662
-33860960
-3225438
-36445014
-21316331
-11475260
-103445678
62335905
-10166702
-76447041
-12227489
22367493
-46535109
-92973478
-58397664
-70698436
-55665102
-70021198
18285662
-23399248
26108657
15004428
57008209
-16877721
-86872725
-56998270
-34430566
20106918
-33728613
-57556994
112971257
-10454417
-61402638
-47792106
-47999497
-47574219
-11884306
-135258458
-44673058
-92900608
-11658448
-6544668
-124016846
-18808462
20647291
33771085
-57392109
-56002758
-43224724
-1521439
-80025599
-54063760
-36809632
35401343
-9168271
32510908
6295579
-53261348
-30958251
22726348
12888599
-69768684
-120090123
-12464997
-15693398
14795861
-95009607
34276089
-87977280
-105099245
56783169
99673266
-51201649
-14248849
-25945831
-29273624
-10664905
8356720
-84881827
-140653722
-57171596
-69006115
-28877862
-54216264
-38895637
4122742
33838561
-74584768
-8645924
-30321572
-89841688
-88032020
-14483159
-46478425
-36186536
23264143
-31938203
-121175233
-89162870
-46675370
20278155
-58201989
793640
-2052922
-65898257
-16479871
-62041620
-83839079
108684239
-24793552
-70408413
-67545376
-28600351
-116985906
-20591997
-59226386
-17170548
-69643351
-76136145
-33235022
-13911219
35502790
-91898274
68539741
-83655855
-86969886
11851737
20476352
-59292370
-71486232
-63542027
1875725
-68806386
-166258856
-48311927
18718608
-94724571
64148680
-33979602
-75978524
26329431
105167138
-91042389
-40706069
-58065130
-67588186
-50281185
-67543086
-70112291
10070661
76850447
-93361047
-87320339
-71874111
86117878
-15377013
-82512775
32887569
-6294434
34538167
-29588355
-68966133
-17874167
5055980
-39998207
121231701
-43341537
-46153259
580332
-16946974
-17112148
-54831983
-43085545
-87241156
-71557932
-1146896
-50185750
-23641674
-8199932
-37226231
-11559824
-2978652
69069704
-46889467
-65465448
-27054740
-103832753
49476
-25326210
-26743862
4423948
-18809520
-74555137
-98253383
-28575324
-98441670
-64082381
-49972219
-248167763
29362124
-80483203
-103112297
-81077466
39630176
-23853825
-134655834
-84752041
-30961598
54153441
-115388247
22952675
3836553
-73571132
-1685609
36058945
-96832233
-30132116
30918693
-50458448
-146489795
-27499629
-87097114
11495633
-78082099
-100384006
-198345167
96905793
-44271526
21674015
-30288520
85087466
2535422
73000205
-121589481
-73558868
-34783433
-140658240
-84152191
-19117073
37914745
-10303473
-56288097
13991960
-72320093
-67425340
-97741105
-11474688
-69451052
-121713923
-81671260
-83487608
45130154
-35968454
-106495587
-54035350
-39479553
16903696
-79123872
-96746418
24541197
-9995647
-18510303
-101967179
-10029054
-3497631
-136227478
-108758003
-119284015
7331931
-108946920
-27131564
-95633199
-24426513
-136837261
-4482023
-47619150
3942518
-31319298
-121008063
-4747748
38840534
-80569324
-16731573
-69859776
7792234
48451123
-35219987
-71187505
32287207
-1055528
-61770388
-122311667
67920425
-112603877
88576558
-28496313
-8927147
88754931
-82186625
15252848
57574596
-18356552
-82134768
57352093
52543676
52773326
-75973691
-81413927
-42232842
27134743
-110747242
-75023914
-86207110
-41234262
122272
6039490
15226349
16826677
-14924160
-123980954
7208805
-107624552
-141639132
-96567371
-6818991
15176676
-46480516
14594588
-114023688
-64387545
-5001506
-108226965
-67974605
23204993
-31960802
20207185
9131965
-2151037
-112323144
-69389936
-54637036
-97380007
10789745
6335604
-50076758
-129463244
-37386301
79652928
27758074
68704525
-1773823
-74347328
29862242
-16925219
35508492
-68914104
-98838892
-56654000
-37845515
-127906602
-83908244
-16778966
-41122871
-60632344
-39684230
-33744804
31749497
2484923
78504656
33612114
36139089
-13016608
-43024486
-55867351
-104576869
-39422339
-64718725
-97534302
-35315565
6820456
-56685235
7898244
-111023240
-37249729
22266836
-166547185
-21561614
14347436
-64114910
-12164407
11009329
-49961085
-63158940
-11711908
-109328893
-159965667
-16127013
-138833772
7456289
-69456512
-31905361
-26881441
-50771328
-91020159
-139191577
-74533116
-1163944
-75734528
-39063614
-131226061
29476230
-30286624
-52110235
-81670323
-26783649
19264803
-102843853
-1377824
85519499
-85267586
-41451072
-33412795
-79321130
-108075482
-109470682
-105597496
73147248
37607084
-101168176
-44967245
38105787
-40063401
4177456
-66091176
-121309253
-27011897
-26002716
-35061248
5964985
18406357
16455781
-7182415
44861722
8731380
64224989
-71327755
-138421414
15855178
-74016792
121140879
22217877
-157804619
-109657816
-150895580
-6251180
-34468130
-36867899
-95279851
-59386610
-90403027
21386298
7480791
-59043393
-56093005
-101366770
25030760
-33247378
59312135
-89899603
-87115517
-27642268
-82495013
-72648187
-110091047
6227409
-13221200
-26408664
-83213414
15704077
-131860081
46970516
-60058780
-18446078
-90855976
-90128068
-182217675
-124721813
-74034379
-56866615
10339317
-7080954
-31919219
-52952450
-55276566
-15856705
-1400708
30382085
45859811
43315037
-16718801
-17248732
-187689
49222950
-15725770
-29162667
46817087
-12190051
-58445137
-16814739
12068774
-16095333
-126611563
-35965426
-150264411
-167808316
19535985
-38591084
28842342
32895298
-101565354
-74804174
37430308
-34795601
-15028338
-41927938
-93180383
28382932
-89779461
-7668323
18702946
-81118326
-11875824
-81463819
11545270
-39474979
-134204977
-70086051
-21868335
-148928762
-12688101
43792036
-86790944
-8535288
-59974972
115582156
-77657836
-109443551
-31781861
-58662033
-45468959
-74222918
-44331759
-104107806
26317191
31360061
46236647
-40264974
11748380
-138515023
-88674030
-18835062
-54599738
-83209054
-25222090
-94561220
-30737237
4262805
-74961493
-3939791
30355428
-69729584
45887035
45313277
70743942
-112012448
39366903
-70583270
-62726658
-46133226
59259255
-14433995
9558210
-25579711
-40806079
-16013613
-4228155
-82011394
-119913274
-20636189
-71162429
-25577533
-89652770
-48152114
-61200255
44087700
-54355168
-178267059
16584050
-68804002
35057657
-173163258
32271172
-28463877
15171850
12606619
-70440067
-123675381
-51385861
-108378295
-22362464
22943351
-7616851
47882372
-42172639
-15341705
-2761764
-83158908
-39498414
-44823490
-48584384
-64013652
-63093583
51839922
-28954572
-35448120
-88700999
-50157319
59880085
-20329297
-134978980
-42994829
-109749406
-49783138
-99922109
-115465564
-82388536
-13229052
-46493957
54414709
-57642412
-103362878
21135371
-140669258
6011709
-46238305
-9027423
-154164895
-37231549
-64485596
22151239
-100911846
-33620761
12519180
-37247968
38222639
-69870295
-63278293
-627471
-39131806
-2022889
9138815
-60272242
5178791
12909914
42793556
-128350611
-92839985
-55176678
-21786942
-57423555
-75234326
-39950563
-44743297
15507926
-103454368
-83207938
-2744435
14408205
-59178514
-97884368
-86107247
-26283022
-79955112
40024701
-28360966
-48121922
-94677520
-42274212
-7083405
-28698037
-164148928
-30953719
-95312503
-12923546
51382554
-35069400
-48610224
-40263249
-2183473
-115734460
-2429835
-25078686
-64687906
-94908673
-22157085
-47633533
-41756800
-56050943
87969133
-60725157
-61466260
-107698698
-184944559
-66690730
57082032
64269416
-114819051
82660320
-94405199
47020843
-33985180
10161866
-33366145
-12976123
-52880825
-34786550
-40330386
33123988
21787207
20175558
-44532932
-81352953
-58437670
-44706293
-34631256
5445601
18478541
-33940757
-32808308
-39574234
-77636138
-59861307
-22777860
34232619
-44450872
-40684817
9881022
22885093
-108532968
-94773352
-42185876
-5333867
-33792280
-79196790
-124427616
-48052202
16652731
84904285
25787380
-134951607
17142594
-97791412
-23416147
-90874193
-27851880
-79543510
10730317
-43996197
-71145289
-20727466
2996126
-53314039
-22959162
-206140000
-40405242
-23683949
-30237864
-115855126
-92343167
-85777433
-118405006
-38208584
-87213279
-34176498
-39686643
-87145934
2276597
-90274570
24877226
-77034525
-29534043
-82479362
44108199
-82422060
-37469326
-34240156
10108179
14765701
17033889
20652537
-117996834
29467978
-13141733
-56644401
34823449
-105677041
-16648830
-24068171
-24641876
-30288225
-69753382
-33949727
-54868596
-44323906
-128509777
-112408823
11805546
-7491439
-71525567
40305237
-67543262
-48412402
23507492
73227823
-29215851
-73746188
18611188
-47025969
-40010112
-436669
62552467
29335894
-4800810
15639643
52140053
6861450
-13349656
-62250504
-55544222
-69079677
-38820704
-44850044
-85205699
-35120149
19979145
38767254
-42669202
11831296
-142803243
-67784042
48620912
31966782
-74691913
52171875
-26678846
-87389323
-14876336
-50069103
-24585976
74259976
24580857
-153106362
-64286538
-27916254
-28201498
-46242657
-29327218
-61118358
-258624543
-75167694
-128733353
85244895
-39589285
-120552141
-51328220
-61628452
-23752879
315471
-62680096
-105348885
-124087874
19038594
29622729
-1026183
5870033
19273021
-84789072
-50818600
-80420996
-99380460
-46237303
-80651631
-136713921
50849172
-4511475
-59125983
-139367768
62730487
-43339267
-80304648
-138810614
-16694686
-77069799
-98651023
-17275242
-113619600
42885821
-35037124
6089964
-44949863
-6137383
-81587051
-66700993
7730499
-58986715
-98204128
-5860292
-39707214
3500460
-10608326
-61406564
-18944937
53536845
-77324825
-71976563
29152690
-92226282
-36284340
-40263445
-107736260
-74493264
-116751067
-61410418
-24362322
-74323032
-119555957
-48327649
-53313449
-52443676
117307115
-45943253
-111160609
-34560804
20624928
-37679884
-149347553
-33612144
-67230268
8512182
-85030017
19259534
16268658
-41515432
-75438952
-70319942
-10020647
-121984605
-85792217
-79692794
-71406949
-30437497
-119905877
668483
58290641
-45058999
-55169218
-23315622
-25569975
-59099752
-24864851
12382526
-94754170
-70078108
31232787
-37896491
-98041173
-38435354
102244687
7414905
-56194527
-93172928
-5689634
61826596
56802167
37833870
-33351739
-35871283
-47960233
-48069678
22029905
13779393
-56363518
35292516
-28974740
-25245854
-51535555
874708
55027215
-103193881
-35270915
-48020729
-79669758
-52115576
-88979093
-39460715
-5440335
-12604926
-46542069
-72110224
-14129054
-14872293
-53558983
-55086782
-20754706
-74727796
-169115565
-8031376
-6534140
59079889
-88029541
5949047
-15499308
19140122
-51647723
55492317
-106803598
-59945210
-43547087
-68133673
-40980586
-40236063
-53014636
-134917670
-55669199
-15576760
-61547540
-25873458
-73372222
-41959362
-54106627
-27502007
28522307
-74076694
21472698
-74092858
-40445060
-42293813
-29023846
-62134144
-79095064
-123645897
30599292
48061081
89466049
85261785
-128573154
41154636
5541417
-81088324
25423511
-21575602
-11343579
-110582755
-26778052
-84866050
-91611616
-106872187
-95175164
20303210
-13014044
-16982310
-102856625
23867273
-53219761
-57192852
91881581
-151855047
-20561786
-95289977
64957655
-68982324
-83191559
-73280114
2651344
-11945489
-43509156
80860460
-117827969
-10753264
-36694192
88910433
-14955896
-51956814
-112569557
-9551649
61993741
-103325777
58308409
-87956302
-79991681
-46074385
-44366705
29251400
78621266
-61560352
-34842446
3347762
-76717205
-99210690
-69303491
-21349601
-7579810
-64962821
-96824518
22290844
-5854042
-94824695
-80307784
-118732676
-159548661
27439032
-35055564
-40135888
-113388492
-11888359
-15424063
-60742109
-62777279
5902963
-49915928
-9263215
55813197
-25526912
-88682087
-27421836
25216766
25749985
-76069287
-40993630
-94536487
17029310
-87307623
-5147412
-62790860
-43266463
-45293401
-58583636
-44967267
24186627
45809772
26213654
-69241094
-39723814
-30509120
-74585956
-82050137
-16354015
-51714699
-28246382
-49303793
20151299
-67310759
-44298943
30489600
-8247798
-33625853
78532626
36165257
35787183
-2757467
-22528075
-42003928
11449277
-69615772
-65887682
-58331598
31414829
-75750880
-93173058
-63268097
-61549475
8426411
-43307759
-30920353
-5422511
11950694
-122071776
-14389040
50848020
37280537
-91078664
17561759
-92460990
26811475
32483288
-79521776
-83900161
-38246494
-2837708
-27070207
-111649011
10219318
-49144026
2160219
-135016968
2013242
-832534
-11729430
-81667465
40358968
-75251331
291435
-31975599
-43798316
-50116908
-73985927
-35138980
26155578
-11401008
-38705753
-20314050
-37536286
43412092
-64863551
73114073
-121548658
3806413
-34690120
-86712269
-36536420
-70343707
-37108060
-70637187
-28364481
-8416075
-16168663
-53071626
40905148
-44354259
-47634934
-94298046
-75673899
-112841009
-98739874
29834435
8921379
-35905911
-66540371
-71020918
31635858
-48367778
-51624117
7631336
45822795
-8274827
35874608
69152718
21245104
7230501
-2378278
-173114476
-37096600
25686760
24406998
-81838587
2532563
14576588
-57042237
-112314851
-129212656
1349769
-63675191
-68298113
-52132346
37767373
8394387
-30323323
-42882099
-26406930
-33744379
-33981166
-44244086
-44488971
-18234206
4966809
1988493
-97414506
25724524
-38127631
-43062582
100637412
43242007
13601566
-26207444
-20915156
53265809
220846
-45677160
1564499
108685080
-78097441
-24855123
-109353816
-105653828
-31686244
-48081764
-29024109
42609765
-86631636
-34051432
-44031083
-54748773
-34977789
137802728
-49265822
-98577137
-44727303
-98025990
-12260535
-107663388
-54922401
42735184
-81768680
21901772
-45418738
-90762226
-54909154
-28099228
-46319802
-58291269
13550123
8721694
-34133200
84649487
-3693586
-96504830
-17685026
18283044
-31814957
-51599137
-64878618
-46680398
141156443
16266238
-26174108
-34467496
-7623737
-55774929
-76574835
25134535
-142292664
-14211380
-59789243
-15145676
-111247535
-10398792
-10785397
-19493071
-58940233
-27266915
-23838355
-109983638
-145615859
-105989727
-65719088
-10464326
3287910
-90584370
-2053095
-34142914
-42043684
4933427
18722139
23979481
-26457390
48090729
-17402360
38857381
15539965
-47282266
37259488
-29929283
44773147
-101974659
11923341
-56318518
-44003467
-21386707
-31385019
-64217385
68670032
21582821
15739807
-87906949
-23438497
-164663277
58755365
-34999568
-81605518
-24404241
-29835719
-91393934
-164411463
-38323269
-94246027
-67671097
-71687773
21891721
-53393854
-134618054
-65897255
-12820304
-96853875
-33335331
-98678840
-3586907
-39449232
-128884722
-43789090
11209631
-13910828
-134697685
-80791421
26553854
-86785328
-20375977
-62508192
-90454414
11559280
-118646838
31400004
-57615255
-54276920
-62313663
2394547
-150014472
-101719934
-127504026
-38771926
-149425923
-109968129
-91784145
-28986078
6589988
-22942985
-6142510
-7790153
5447927
-35776619
-98776763
-93765651
-75125908
53469518
-35760775
-110619673
-43473103
-57281975
26428749
-73038678
-46680377
-156403325
-38351264
-9688261
786600
-5427586
-55090509
-71752167
-128180238
-54995149
-68914186
-85905812
-49497428
-47964091
12541945
8167649
-118311419
-21905917
-29775861
-26701415
-110638391
62799327
-18891563
-72995396
-94687265
-21796014
-3148890
-53967583
-94837327
-39267634
-23406641
-76083942
-12711031
4276446
-29690104
-23282302
-101437946
-66010531
-48569251
13747417
94762562
8274017
21949375
-109618282
-61366209
-65377619
7232886
-5972177
-89889193
2691316
-92657709
-23217023
-21931339
48693805
-153223960
-45614409
-27097958
13596739
74527744
22267774
-67467500
-74877060
2676677
-17400482
23336582
-39485628
-77342247
-135708869
-142158444
4757745
1997136
-72280857
-32751259
17260957
-12348382
70639393
5527052
-46429272
-75161425
-104980762
23005559
-65993433
-83268473
-98780085
-5216133
-88736678
22173825
-65750656
33658850
16723729
-94580911
-36894700
-82797720
-46957519
-12260012
65148166
-129430414
-46434317
-25324816
-108569826
-97128389
-29482316
-31233257
-108501796
1695295
-19857543
-69592385
42253101
6930739
-8231865
-34532020
-35194004
34161004
-18125338
-90699680
8257683
-65379665
83206922
-21784781
9966865
34196992
-94664627
-72178654
39300043
-86227698
63103865
42189266
-36847336
78412329
-22722120
-47071934
-130913540
-33019080
-91048232
10108384
16524252
-66485692
-71993121
-47427562
13509569
-33748933
14019004
-49223657
37264946
-21587939
-66911214
-100912823
-15843237
59794361
78696316
-102389303
-22524341
-13724887
10226960
-40814053
-76621970
-44975477
-64120425
-40360902
1065795
-34697910
-36940946
-43242522
24240640
-1666104
-68698806
-101102444
21608562
-38147224
-23287642
-77944780
-74259575
-43507402
-70007617
5133438
-130284072
-2567394
9617473
-73293369
22226647
-63896294
-34133133
26030631
-40174033
-98509745
20356004
7772801
2739145
-69331879
11012934
27933301
-124006047
-54536164
-89580232
46827253
-117934605
-28726203
-141160170
30958062
88949
-13847150
-38149198
-120738251
-18277247
-92265503
-108147786
-19230664
43049571
-281214
82598941
-14067111
-138982311
-96019872
-30318742
4745636
-36596063
-8749989
76824005
-71896915
-27567611
-25794696
-6466168
-114814877
-23048082
-43938108
-44412939
-46303450
19089028
-87625550
56872172
-24973839
-11482630
-7931746
-64632482
5046663
-14427268
-8363341
12389859
-82194800
-27778862
4842163
-17290096
-112512615
-79001775
19618460
-63341192
-44371360
-48737896
-68844394
-91602328
-19703011
-81298002
1614729
-134011795
-11598829
-57489357
-40282371
-64708410
30373076
18348519
5264044
-65870308
-119910050
-62127214
-29702907
-28658690
-193925331
-66479367
71194336
-20537474
-1767825
-93139067
-16814628
58887216
42380146
-88721206
50170189
58414521
57227665
10433826
24528587
-33447215
-89601143
46263563
2911110
-28057973
-48907813
31825746
-95850234
-108331466
-2351035
-36044200
-39746489
-97364968
-125972939
59805331
-197485280
84999118
-52504170
32244825
-110359050
-40661302
-79086205
-27353049
58028177
-64077618
-3992471
-44576548
-50054752
-49848384
-190171355
-71925477
-9582359
-53870134
-27992858
-136519368
-34408559
65828069
3357673
-76881654
-40494124
-51354236
-38900886
-38048440
23134736
-92284901
2382181
-27841429
-17050281
-35988494
-84565601
-56855657
-79546640
-25858702
-3788427
-33319133
-35468504
51971669
-50636611
-12138530
-94169291
3262870
-48631517
8415318
1121868
-61764048
-42390363
-761086
-54204619
-68644985
-112329408
-13806383
-108801382
30556430
81354272
1574773
-71278952
-67894666
-15825818
-53988738
71731892
-116807904
-68577566
9236732
-93230437
-23190616
-98267970
-14112545
32628184
15495120
-47089223
-90031509
-172626402
-76705323
-80694206
26739900
3576760
10105688
-16214525
-48346131
-16477055
-39995884
-108588047
-90870269
-51132524
13357068
-52760
-35955364
-37679991
66441050
-92957245
9872524
-28574136
15196133
72923421
66068543
-92387958
-17850018
-119638375
-17530546
20940226
-3160973
-51110536
-47984461
10728514
4719344
40418097
-9691815
17025237
59191164
-15812850
-27259115
-54088182
-73707573
-36535575
6579761
82745574
-35255849
-106906437
-2794372
-9873381
-107498020
-42592138
-1298399
-83419574
-9148876
-60261907
20565803
-126874672
-28716638
-59118115
-35343449
-32510974
-1986996
24781294
68551600
78271666
17461809
-40506809
13278207
-45033593
11635591
28049328
-89907118
-110138482
-51229211
-16483246
-95371506
-20879978
-26042416
-27698692
-66943379
-91599933
-109140159
-86295119
-22025050
-41216054
-111485612
42369305
-34400403
-37097838
-33043936
-29368733
-4871736
-13867090
-48055875
-91289927
21962340
25911229
-54509910
-2002502
-46411311
-30928980
-75165337
92236426
7648065
-33300048
52833789
-76926060
20556547
-51172082
35590028
-79888842
-34008651
6473066
-2443901
-41821184
-43496967
-120924198
-23188565
-34882872
23148258
46849232
-66516759
60377465
-113767199
20558108
-35607590
-22678321
-20044926
-28625945
-45758398
-27647283
-130615365
-2071449
45983573
-60497650
-6229947
-34285174
-67728961
-181948348
-136795159
51048054
66436510
-50644341
29446268
-12463857
-60000593
56978796
-91353954
-74126623
-27610869
-101220036
-86789017
-32385202
-96534199
-104469565
-103970581
19276530
-48936707
-51490349
-42731768
-3985353
-71660914
-37751865
-50834571
-122091478
1916821
-27344994
33706243
-60841916
2257886
-110830923
-38545476
-55240483
-72780101
18192856
-56838871
-130906612
-32427953
31925430
-88675706
-48938655
7541019
-128283486
-31689953
7526186
-87450049
38003947
-149626879
-113081452
55578505
49025174
-25659775
-32769012
-50801107
71438251
-68552033
-56776728
-21193769
28403834
-51577728
15429185
61044331
-41635950
-37024999
-160735881
-26620083
-43778753
-95363742
-3763414
-217863355
-18533227
-109782859
-3716798
-20868704
33643658
-69777033
-26485426
-80002404
-77809943
-7755709
-61864203
-50311832
-82639961
-88006446
34743670
18165717
-32837348
-30491466
-60156764
-26131441
-83074627
-80660520
-11349801
-114564030
-4855100
-65923718
-64301172
-10640477
-30494449
66259425
24493746
-55039669
-8946745
-19798263
17206298
-1107898
-22094273
-79196110
-65698634
-73125192
-73667752
-19121405
35425946
-2608686
-45277970
-89738220
6887148
7116177
-49742571
-25422721
-19200683
-65701813
-81459025
-6627038
4477625
-54566167
-157577920
-28895168
-6610097
-61815863
-30124518
-153190332
-58403515
-90222496
-90431919
6637966
-78097757
-18848967
-1696985
-42981296
-92810953
47797985
-12095062
-118817004
14719222
10201228
48660207
-7655818
-77483346
16680263
-44263114
-13580372
-17077146
-33012808
-106927562
59429525
-30926977
-68074318
-53934472
11941867
-66298037
-108088800
-106987756
-11148385
-23994004
-98312390
-132004619
-27226574
-70970417
26357830
-53420496
-65526954
-346670
14396249
-59326849
-158909645
-26587805
-54072161
35001296
-176943969
-8632614
-23804302
47540864
-70113875
-73702986
-8664576
14346932

-21201657
-73305990
-40565208
-57825624
88701745
-39559922
-98413830
-28609650
-76529829
-27485886
49708372
-7584602
-28390208
-19485822
-59345512
-82536843
73832186
14029385
-35591358
-36516587
-88979719
-104538716
7854744
-28595058
-85134865
23039766
35072834
19036586
-41813464
41531663
-115287434
-137949753
-69846700
-129711994
-88466978
-141726771
-61050233
-87157993
-4799243
37303332
-63690003
-10347983
1639319
-36165441
-12850756
-90632091
-16539936
22593374
-55514909
-140912392
-109133858
-66353345
-34980860
-4754831
58848025
-82102554
-8396272
-115979418
-77277236
-55956575
-70482875
-178076141
-135836901
30220088
9111504
-21826752
-85526226
31704850
-84339776
-18680929
15354198
-28736644
-115778346
-22510658
-67167110
-2363489
-212501050
-19258068
7755411
17446742
-59111044
82277852
-6199612
-35455540
-80446401
45380277
-76903695
-41320983
-65064889
-33101476
47600922
92720097
-98748336
10079079
-83050753
4601347
4646204
-3637337
-42613986
12524338
15556506
30763887
-35995336
-69894597
39972169
36671465
-124670912
-8170516
-79681921
-72032096
-94171070
-182880903
-16960396
-118057126
69092388
-19998920
11439885
22813266
-9474104
37830151
-72895133
-16634535
-18713526
-17682405
-109067797
-37547530
-13853050
-106359224
59199436
-15049197
38201464
-14928482
-18415167
-107222368
-74023358
-37503907
-12567502
-29535996
-35203143
105134859
35106158
-85740729
-81144395
-57190957
-102597639
-40319540
28234733
-74325253
44515844
19136997
17426747
-110174291
-17099273
6818880
-18618018
-18483726
-6899011
-29628271
-20505089
-58135238
-31346769
40311842
-69879953
-62193523
-84718049
-7094849
-59969198
-21502201
-102189335
-47726289
-58134860
-23733644
-67960817
-61160223
3787031
15781054
66973403
19535719
-27468007
-103492997
-153356718
-21834020
-46006561
-14961815
-72127563
-52536402
-2651157
-53308178
11395508
-56704572
-70568051
15794506
-150800313
67212492
105794753
-52509531
21461267
-82508214
16835366
-78822492
-106482450
61103575
-19182108
-8430133
23947969
19494329
-22030340
-67221335
21139275
-71019705
-100757305
22305901
-77762990
-24594553
-122625479
-61752452
46096114
-58158844
-33401068
-12299204
10316848
-78171043
40409480
-179530692
-72128192
-36777911
-28726684
-60592372
-58442657
-15114015
-56535608
966022
-64895215
-84734508
68179606
-27623033
-103131441
-70097175
9944810
-123180032
67653074
-36314641
-39756186
-80560297
-41190988
-23481975
-135955424
-27205678
-142780058
11531920
-131461642
-65174182
-28601739
104796899
-30059236
11214397
-41535671
23897905
-167178140
-70497169
-8622931
-73593340
-24287086
-28404191
-22245979
9771411
-74264720
-107590674
-79943984
71385434
-38003499
-8765750
-51945463
-40564524
-84467998
-23977447
-93241945
-44677713
2820775
-120008610
-5444561
74430507
-20534548
68513933
-115714826
-18124699
-34812860
-115219429
-2203263
8573005
-23625584
42932440
-114663297
-61553015
-70243475
-154999616
-11993111
-111921466
-62991452
-131534882
-75232326
-52894396
10979441
-133511753
83012200
2366057
-62136682
-77064663
-35011395
-35605435
-52855031
1418337
-23837521
-41350637
-65580980
-59184092
-77611248
-70151718
22381375
-22916986
-103687417
-118783473
-73146358
-34543636
-21764137
-56326231
-136815484
3844150
-198940617
-12329451
-77168296
-19840354
-12894221
-109483818
-63774497
382927
-43523332
-42610448
-59427470
-117327302
26769704
-45792255
-152514902
-20677380
-109839603
32193645
-79155681
-116420521
-63019751
-144944005
-21329861
84192796
-10665857
62132518
-33752804
-105940316
-128307997
19627397
-25892784
-85978904
7172704
-94071764
-22382351
-90597483
30998721
-122542507
-11123722
27086960
-101857409
41828912
40242473
-101262671
-10828327
-14646215
-56047418
-88327799
41147484
13349368
-84581502
219307
-107721963
-30220414
-7558395
1804854
-32158095
-21667080
2584881
501986
31925018
-47714230
-109506595
-88778059
-103842780
-76401021
15026619
-97116449
26063498
-27662125
-73864613
-90449783
33076797
23424056
6473182
-133037169
-18062071
-131837945
50792458
-84961765
14408359
-92984955
-73414995
-34829146
30306968
-78244644
62364538
-33856955
36373362
1379221
-6676597
-55879625
-15736351
27387092
-102692472
-22754091
3882185
-137779423
41339579
10248076
-25216193
-102918531
26531712
-13147584
-99123054
-110531975
-116593767
2831482
23557848
-26869902
-111971642
-107574375
-34906000
-63914841
-103364962
-131058783
118734467
-87911344
-26581816
-70140778
-125623123
-23461416
-58121810
-22835149
-113277543
12292902
-24203481
5895839
-129002639
-19775490
-61155290
-42571597
-54334472
-10028883
-38740925
-26986869
-29809338
19567716
-140577989
-98389739
-99378435
-15816259
-57620054
-18021812
20758416
-123706712
-18069878
-93071897
-84959066
-72322780
-1118228
-22303926
11036386
32680924
-30364478
-43285044
-23746788
-34895576
-18869075
-43350129
10552856
58972244
-112870231
-43148821
-64266366
-39864686
-8191693
-53055328
-47470477
-31505201
36013503
-103312067
-71264277
-20689254
-179010870
-63183611
-47291292
-20372858
-173249184
-68490538
-41175710
-114006915
-68501053
-57057026
-136338031
-59659881
-65281251
-31586328
-117337386
-55202990
-91015591
-42409196
-20996428
3081788
-96505522
-46430473
-57251944
-80507543
-41720043
42632676
38301203
1052087
-49852891
15103525
-22374973
62887462
-66999721
-67565286
29608307
-53471061
-19457450
-39225471
-76365759
9649765
88044449
-53031345
-72676952
-15873513
-9897631
-28471903
-90521762
-81753235
-81386298
-37878337
21816867
-82647529
-84624872
39112131
43425381
6123398
18429378
59888552
28107634
-51864252
-82624889
44142945
27908826
96986874
-2328614
3682710
-40900773
33270368
-41703185
-111576409
-19104025
35921265
-24919365
33005790
16974963
-92270311
-38631627
-106030152
-33390487
-55829621
-78968416
-85404398
-12331864
-10547860
37769973
-33656783
24913928
-70875413
-44366700
-16099546
1403121
-53955184
72636920
22906796
-31009245
-96081017
59060180
-4630965
-37587590
87135487
53295822
-24504951
-71230357
-67791575
1390418
-16857580
-51849062
-9455759
-107534475
3796980
30329992
18743705
61386074
-103262575
-56408049
-59066608
-27978189
-15271909
-39326495
-72482857
32220319
-425267
-53939913
-2111179
63945014
23950183
-3776679
-23140363
-33234752
-97167678
-114701704
-95511894
-17290571
61640710
-39531900
-73955210
-4727953
-9126645
-136936314
-65700643
-86812789
-57648689
16027144
2141213
72644555
-38877790
38222688
-10518216
-2871352
-19785861
-34118600
-11235155
20865137
-44096785
15685073
-51417185
-52331464
-104952083
65816506
-72628077
-9493828
-573344
-39460203
-151792242
-70307621
-38335548
-94051495
1877869
-1068800
-29267733
13994005
1711093
-154998675
28188426
-48826220
-247785420
-91695515
16131779
-23374788
-82715281
13276984
-50234644
66923796
-83743988
31178365
-59740008
-43278386
28134409
-96483303
71788196
-53930520
-53943137
-13807727
73384615
-58358156
22573776
-47281839
-35280729
-82667647
-17505237
-136263324
-29174238
-105745040
-81350406
-66305922
-86142768
-44483218
-92974887
-94206772
-19839132
-46706960
-68573818
-97920544
-62966634
-104402447
-26413046
3216182
-14504487
-54016677
-46035923
-5647689
-54475691
-62631331
-28574193
26819035
-46586293
-94451243
-26114195
15111347
-86732045
-107831076
-3731131
48317103
-56058924
-99623025
-29894708
-108405301
-48773722
-39931772
-73280786
-5361742
40173550
-134695337
22175975
-71020998
30321212
-128365726
-95700655
98589675
-37201496
-168737395
-81894693
-89590629
-72410363
-2479454
9055941
-14620911
-49602410
58746095
19224277
-189788330
34979326
37763080
-122545903
-44754555
-6766996
44572515
-59556783
-208187630
99276508
-498785
-37216876
59185821
-130718228
-105357581
-40643992
-72739465
-4661373
-162143651
-77048013
-208088669
-57626099
-30986121
9409314
50995366
32684238
36834895
-69394660
-70957604
-15002959
31761074
-57890016
-89497809
-61760679
-78535388
31258660
-67974033
-52360280
-92706313
-117112216
16084270
-66577051
-50596817
-6771055
-13373008
-66670745
-34273849
-54111856
31498966
16940534
-56643870
-37635285
-106519098
-45662145
14800223
-36823830
52989162
-89217615
79964692
-13478544
-65595420
20093980
53096325
-30483164
-46326008
-100570141
-195801323
-107066986
-82009888
-90813249
-99047534
-67244088
8140197
-59781621
-38788864
-31710045
-112678197
-58834339
-7854543
-45615382
-39417800
-24696416
-128130255
-84200878
25766657
-18768250
-101724021
-41099403
-32938170
-39906046
55437139
-59854420
-71446697
-7084878
-18339423
14769836
-111571063
-50453182
8451289
5242758
-19238441
-90613300
40176890
-43446529
100563632
-18751396
-103343367
-89512968
6550030
-74193193
30054673
-94439457
-78237858
20829958
28303488
-116159242
44863225
-9127728
-25012578
-189163696
-53893016
22662313
-25507385
-31558848
48089687
-48561168
-94572607
-14380446
-66218081
-3404482
77290438
-88639637
-22091333
103757594
-49789324
48010239
-86092337
-64026876
-120611513
-93804014
-174075906
-62547614
-2495748
-110084627
-15207451
-34127440
-68898609
-21448941
-56422817
-114346714
-13369965
23728069
64705559
14553587
-90874097
-64883061
-6457421
62733765
-2654522
-1511816
-38187041
62100326
-46955844
-14656209
-19563340
-124469312
6553298
-109792097
-42912546
15419039
-67349214
28392929
-26552729
-19934574
-115590347
-97485909
32733280
-59877701
-62746710
12044119
-10732360
-17485657
-28082282
17304864
-37749676
11237085
-100248425
-53780871
-91801122
192619
-76622421
-17258954
14499226
48901517
28466847
-16845149
-60198965
-42337942
-106732145
-90639447
-57730900
-61426351
19887974
-18160760
-72958808
-32427300
-69978894
37267756
-35202724
-7277492
-41850640
1068535
4230276
-105282034
-23470154
4349250
-52851449
4076325
6379107
-17141571
-28455012
-184818616
-37482386
-76712362
16290428
-91145489
32517266
-79160236
-43809803
-33349399
-35398281
-52834709
-21148522
28358582
-77970478
-20946568
-36806890
-31919463
-47844570
-111415808
-105441211
-100771407
29972780
-103629367
-53716069
-106901702
-40515490
-23038786
-60358155
-93635735
-106761619
41435308
-14787964
-39528437
-59081335
-89180713
6918987
-83010050
-157812
-63786341
40693126
-150941753
-102417300
-81482731
-41378025
-79005801
-29075013
-4374475
-17026855
19189423
-48702741
39511611
-71404368
-76918452
-165293457
-23331841
-4943129
-100813840
-60539620
31819025
-82701398
-3906976
94850677
-7793668
-22035043
-128310075
-12431093
-92029212
-114290446
25860560
-24774527
-51985572
-75335819
-112373290
-19328148
-129943564
-102330425
57990935
-59420152
-98557589
-2834387
-73081705
43541681
33540302
-35248854
-114896130
-19621753
-8100004
-71591129
-63252256
-15119359
12069608
-13538655
-100238968
38929964
-58573927
-98315054
-161214335
-71075600
-29457654
-12010392
-6552843
-95701466
-135486151
-126873763
22481120
-85069802
-41161852
68387738
55649536
-65122601
-129698731
59590622
-86074975
-25691030
-20173968
91117590
-33424116
-654957
890036
-38673832
-3456295
37855469
47944127
-51450827
418694
-67635557
40173498
-79631406
-27374633
-105113531
-71724704
-65407388
-70964935
-41851538
-4910992
-21298036
17413662
-12246537
23904498
-55451324
-52509615
-121777033
-385010
24772854
-70719037
-59257004
-46708413
-74618800
22571005
-72081088
-95884292
-18000487
-41110684
-73525955
-49348712
26389164
-58168069
-37384237
-5482925
-91538708
-95683449
-163559586
-60207974
-93084376
-31125638
53391690
-96919486
-35972941
-48709922
-32413204
68984115
-12448440
66267674
4978799
-24223274
85843974
38705124
-4948992
49944951
-50072363
-650427
-57242251
22490045
-30044829
-49000272
-694357
-59604982
-66390790
-50739749
10428335
-20398070
-19959183
-20113359
-50664272
90997869
70033790
-10852405
30954652
-20327950
-39084091
-58056072
-88685899
-89613792
-52000863
-9300468
-50143287
-152270779
-87752878
6203189
63473816
-58231997
-56733095
87358049
-49252999
-12203440
47854905
-33126205
-55525114
-15031301
-51162763
-22365658
-46264346
33053155
98716525
-81018984
36228875
12004972
-29972554
26061055
-78908041
-68973965
-78295569
-87548222
16148970
-100359123
-18601606
-25865480
-53163068
-54752050
41527451
-81909811
-34158067
6722007
19889105
-11769622
-44347946
88818013
62774990
-65205398
55712627
-71960253
-77917414
-72960561
35966611
-29692854
-64333395
-27832271
-125274184
-85507012
45190534
39845014
-56761231
-73354680
-46989589
-45016636
-52800974
75290189
-15961816
-56079963
-196210136
-26335440
-63730192
-27296565
4983903
22384662
-83505418
-157208203
35639017
-38483760
-47350347
-3114870
-95598819
-122756870
-73518366
5078346
-79139836
-71178678
-81244065
-46505257
-111602391
26073391
-49608140
-17928828
-10873676
-8948764
82066296
-45008410
91422554
-115307197
-61245288
-86327571
-33529643
14537077
-3825396
88164067
-82404923
1628185
47871673
-76421750
-131469839
38640443
37486622
-106736624
-33312602
-69331216
-75648866
18339385
-32880518
47786139
27112917
-39405823
-121549568
-11330390
-36667234
-57784490
-34443177
-92657590
-29759802
-91753119
7762272
-21709969
-120470401
-82666535
-110011549
-67033213
-70538540
3030538
-18431135
-80525307
-7812188
-3998130
-20484639
11548856
47930053
-34897338
766648
-37631239
-91374370
-40867707
-22127228
-13587558
-15302655
-55552967
-49030910
-17634154
-24512535
-40828790
-47754637
-28429344
-113046394
-84112931
-46543936
33741656
-47925636
12463876
-61701309
-20918028
-81420469
-63324083
-56747818
-101352580
21529748
-128577781
-52815023
-21435373
-43706447
-21224767
-66515686
16335297
-23324301
-6143671
5887384
29727605
-48394167
37341155
27270588
74122809
-93200863
10323572
28859668
-46840166
-3519778
99382034
-7579203
-38043040
-42553297
101284741
79445599
-26682997
-57049221
-12841494
-39659201
-55853514
-61134692
-65564009
-25451456
-13801573
-103052378
-24483053
-119682111
-54499579
-89388755
-40354183
-4402126
-128570946
-80491983
9126034
-84225116
11886888
-111277883
-71506683
-22174573
-5223791
-106965981
-13960768
56051135
-62098840
-73142706
-46365204
-91980498
-8395293
-161099552
-78241146
-27748140
-49517252
-90687386
8223643
-101495564
-59597602
-23274845
-38974205
-28975207
-102344141
44314495
-51373408
15157460
-49138906
-48741308
-46198498
-83513030
85614357
-80931382
-75274888
-58719047
-30752600
-24803157
-65041700
3398373
52588914
-27414403
-38717476
-166332622
-108991981
30072540
-5145474
-56446934
-93589468
33676671
44581159
-12057906
-48541245
-7005080
814935
80225839
-58480248
-49535407
-67855840
-70493556
20505652
-71250844
-92495278
-59604839
-60488599
-61230282
-48384154
-89605157
373171
-47038108
16673648
-16824304
1463742
-52293025
45327463
-122857241
-62984217
-71054280
-20214411
23770162
-56417577
68869148
26461076
-39438904
120915159
-6758383
-63759487
-28519141
-80755441
13530490
-12660109
-69163180
-76482616
-61459657
-51930016
-72109231
-36300984
-18199410
-81704900
-61957842
-17667925
12376567
32681686
-35595510
-3554144
-112470701
-32844936
-34057464
-65548335
42344786
39880446
1746096
-101457613
-50809740
18151626
-47284673
-70946187
-79779269
-81134638
-98429606
78509687
-110388186
-36523401
-71146960
-81695603
-93668304
-76014677
-51123835
32644904
6084716
-158471947
-6787197
102980438
-76239303
-25730678
-23326645
-81229285
-151374530
44460005
-53146980
-100154319
76164730
19321182
-37826920
-28633001
12537899
20958115
-210
11567987
-101833628
-63182518
-8315813
-30943979
-81834953
-66078783
504472
-13832016
-62728313
-112641700
-5887523
-5423692
-72071998
-144728371
-5252679
-140685981
30977048
-57512955
-107297892
-5502926
43690269
1084216
-25852882
13434895
43385089
-75825348
-86847001
-29932266
-81681573
7255838
16062326
61465106
-102448976
-33137804
-24771023
48700991
-61515980
-129175108
-35075504
68374751
-74970180
-41121335
-144206001
-159143764
-79433473
-29381738
-34699689
-87316384
-18785324
-41325036
3442933
-60995919
69766025
-6787658
-41850440
-36056791
-29087013
-89491992
-60743132
-94888227
-84907819
-161807191
-108897425
-1846270
-103256856
-38960171
-75550012
38906139
-23402389
-45837866
2782020
-115788223
-36399353
-17193149
-28052659
-94754724
43961797
-14711836
-125935635
-18364814
39903534
-97867098
-33376801
-69136931
-75266240
14414775
-34736113
-82863074
-22100595
-90233396
54726910
-20594036
18829373
19388398
435106
-34048437
-88463342
-88864642
-126692822
-15022237
-74417509
13492601
-76051169
-32546194
-70059439
-74303485
1189644
-24140329
32519077
-114234625
-18164418
35459124
-30848883
8583890
8818214
-9529190
-89989045
15353382
-154459373
-2455423
-41379239
-17901781
-70780065
-80887474
-26776243
-22358413
-32577076
745762
-62312934
60444261
-144843119
-54201268
65440048
-32468232
-89705061
62043098
-60151011
-54923295
47888500
-41493058
-47740751
-40848935
-64937578
-114098592
-76298308
29241853
-15844208
-14165954
101211424
-87532440
-29224994
-54787040
-92458826
-98594775
-62463773
-34600581
-96233557
-13460234
-14672843
70788211
-48362285
-32231136
-94089157
-98637383
-31227049
-55468433
-52628084
-66339189
-35453734
-187787
-12457824
-6987466
-81873732
13852280
1668133
31379844
-39079251
21549425
-69853923
-87539745
-10183697
-55621629
-33301842
-67873200
34602876
-52929908
-29466478
-106626013
-76185850
30531116
-102312200
-98871490
-61136938
-102772631
-10693650
-61633243
-8398982
33971137
-25135157
-49395162
28538883
-59418351
-60776117
-101817969
-23085435
12918202
15327503
-128479570
-16993211
-8917833
42819038
-50809042
-20659117
54811344
-91890519
-127851702
-35249941
-60191354
-106551102
16069360
17142265
-103873806
-18725348
40045
-103769469
3160214
-74713621
-64104580
98742161
24691991
-41164503
37311165
27556056
-6779176
-117708724
-53276643
-25851336
-72100086
-10710868
-31142473
-78960783
-23303307
36225390
-78758552
34253375
-19560260
-11321358
12508863
-49570491
-62708635
-72601894
1209329
-8894444
-93887930
-93445973
-46423632
-42582409
43238773
48825339
-1905355
-76920758
-66323572
34105551
-63122189
61068715
26496525
-74435898
51260405
-123739119
47315300
-51650021
7796776
11880173
41768579
6178194
-44629334
19488585
-63881035
-57495290
41326211
-25753729
-40713416
-8652367
-16407640
-19168892
70404752
1454371
-27022013
1411463
15361557
55940053
-116882131
11115689
-98324022
-99338582
-21326817
-97020716
-55712337
-38729405
-25714633
-1084233
-60559148
-123719645
8924447
-105717283
-36299685
-15217832
-89727807
-106867063
-12543671
-77777489
62102603
-111281198
-23567363
-97555861
-32683157
7029169
28767267
-60952636
-22189319
-50477393
-2829121
-141202352
37683328
-32465888
-47903429
-75002679
3308020
-21871920
44833191
-62634495
-24614595
-11404773
61548442
-7659778
-8299848
-100850117
-114612937
11101600
26791514
-67295937
30515262
-36976455
12024854
-91776399
1671698
-51656924
-205407772
-460364
-92659830
-18896322
-343874
-9400405
16997778
14202041
-120058979
48145822
6912860
-51773433
-12751304
38891296
-33378268
-54914958
-82934517
-39857899
-78672877
-17584077
-28844530
-33386326
39204384
-52686519
-40617585
-67067101
22245560
-73648390
-168162398
-9398732
-94161169
-29540488
10411617
-88775539
-39631416
3820545
40970802
4453552
-15754222
-71844632
-18041788
-7403896
-4001172
-32667365
-76978335
-110166602
-39432980
-30798830
35777937
-32163550
30866884
-93461644
-96526603
-63403877
-97593132
-68816840
-47076303
19399912
-20506482
-21881510
-75183350
-49573964
-21668921
-108598420
17429242
29303947
-69979844
-59624888
-34119259
-113925235
-53303122
-19588353
7309153
-51362181
-38004854
-77468818
-36569095
-55375634
-72910076
-64009842
-11994480
-239581
-37812794
-111845488
-83543172
64450082
-52787878
5925325
13610579
-8737147
38371880
-72551702
6249757
-57003257
-50719388
-27155308
-53053313
-54539049
28701862
-89879322
3015151
-89592195
-82181105
-58993270
-31910955
-84979144
-73809713
-96136881
14462121
-15238644
-86083355
-62687408
4628147
-90470874
4745748
17645258
-20637902
-33342114
32819019
-132158965
-89013574
-72435305
-98377257
-41155145
111849758
-32323460
-85103623
20204097
-19692115
-63440554
-9072717
-34215630
-88758431
-35858963
-45408950
-48016866
-113233426
15104838
-90839088
-51919139
-77000151
-91410956
-72372011
67172431
-118804056
86193273
-57101982
-103483648
42980493
-103435332
-44732995
-68854536
-70720377
-134344342
-14027231
92019587
-34688452
-2353908
-64186396
-76243837
6403819
18885502
-39183665
-68072465
19401215
-16371775
-20530268
-42017316
-111273384
49415381
-68072656
59128357
28604913
-57707525
-79741343
-65345660
-112282708
24577311
-113202619
-128643777
-70831997
-24234916
-89242560
28451665
-14070485
3931102
-79030890
-73894355
-66699159
-107913945
-120393496
60630779
-21964779
-10785651
-125019757
-19618537
-26044334
-46779369
18971102
-48092483
13154177
-49702179
-40811626
-117939784
-22657777
-61750369
-48632816
3981419
-79065851
-57402234
-34907257
31884043
21069980
-20484927
-65612106
-25069899
-34584698
-116054914
-8419051
-138374855
-8399345
-53346956
-49092534
-7418857
-13251119
-33554002
-47324283
-88268744
9991963
-18031907
-158522383
-132532226
-68375867
-19519666
-21061460
43273045
-52494982
24555993
-46885236
-6339440
29696205
43186365
-72661561
-33856828
20311013
16092301
-2900862
-85739953
-88219566
4148380
10447647
-23021724
-39097379
-98467630
-59541452
21628580
-17366130
-53946582
-13934855
-25228285
10063501
-64937274
-85440033
78045009
-20280708
3441194
18692420
-24937200
-83011498
70306050
34573430
-45484078
-39218407
25130218
-92401838
-46572113
-179383225
-103498629
39461227
-118992488
-111082388
-46043531
-125106368
36330964
-7428602
-3193668
-120622454
-51013321
-71125098
-87626359
23818386
-30349890
-71456456
-27498304
-26307155
19960439
-62654332
-66532388
13506283
-34978872
41862649
-24132698
2049135
-5607092
-27225818
23918232
-94271075
-100954286
-10256100
-69528833
-51364807
34077817
43351806
21602010
46681452
-51227826
6021975
-3026380
-103120922
37628197
-59225058
-1573108
-37796972
-123218252
-26405358
24803357
-29304439
-35950292
83193816
-101208561
-29460466
-75380404
-24180375
-93896736
-23605918
-24326295
-6495044
-99779971
-83350124
-53110740
30086016
-12781437
-75880218
34451454
-112506866
-14231998
-120484721
23287726
71121574
-67482161
-121496308
43998566
-16825798
-55857429
20976583
-139033920
-73226665
33597166
-87482405
-56374886
23463606
-95520564
-75834911
-51655613
-80579501
40536436
-73468732
-76679752
-21411105
63099332
-80970674
-44502241
27070420
-56900707
26636077
-74351753
49849520
19528329
-116720601
-65786810
1340316
-38812639
-101352500
-93629979
3245870
-86300807
-64763884
-38769810
-70117552
-26190434
-164245426
-95777590
-93236641
-20478742
-66187720
-96450285
-48143976
18926733
-66709528
-97317895
62300344
-37295637
-45693906
43936870
-80326069
-13937811
15323522
-74025726
-91620230
-748013
-27505301
-70286988
90083159
-55045939
-26817873
-36581163
49158025
-14863814
-60134797
-12764538
-26305269
-65033860
-30401596
-64888987
-30472212
-29582810
-129351736
-69301201
-25803717
-48948185
-32151304
-79293039
56539329
-19041290
-7337991
37919496
-39379038
-34577497
-41262648
-25472739
-77533534
-33897026
17403097
7291541
-53177282
73266906
-52520653
-854041
-45152179
-158303278
-48115344
67090279
-34554275
-26557149
-2043530
-63986282
-76167082
-42252720
-54503908
-128794919
-133472997
-86650879
-53165724
28814719
-18831548
-56349281
-71644363
109463283
29084157
-36694376
25338300
-42339432
-49678694
22654640
-8495647
-84861828
-67660746
-28801431
-38524123
-39475569
-65397808
-29239042
-12817745
-92313471
28301035
-70568423
-65682402
-52721257
-118327777
-33515251
66475587
12111096
-54469546
-102230370
-64502418
-62635197
-58627039
-10372484
20387454
-59720268
1951212
74174540
-55877499
-63719765
3483965
-62946322
-116027551
-13849286
-61312799
-128612545
47608010
-697718
-100469115
-39839083
26391829
-84574959
-17667817
-50469006
-50165236
-24339246
53519501
-37095391
-54353518
-75842442
-7038026
-68399878
-60938743
-167049661
13287043
15055548
-38909624
-38838628
57114538
57991853
-129468465
-13240952
-17041850
20219774
-85348277
-75410277
-85046158
-122788115
-136873070
-93304811
-86074816
-32100671
-45573968
-4646220
-116078456
-4769160
-23622664
-23763809
-33609430
-49610231
-16559554
-31605144
-11562022
-18175053
-11103888
-200748735
27637228
-65938968
-24864194
5609582
-101806747
-57988704
-76934990
32861883
-55372675
-36961646
-47597997
-80864881
-141348498
-108573395
-65022615
-32455984
-79617729
2964520
32982071
-71328259
-113618793
-10296268
-31047912
-56845526
-145941756
51038662
16655468
-46578374
-157209862
-16927243
-4526336
-52950470
75741782
-46983337
-1400671
-13844118
-24842166
-8876016
-12517497
-145305076
-63059210
-132573916
-52575366
45836974
-51421316
45038246
-43207110
-120604446
9056433
65672295
-103677034
5839442
-155091678
24935671
-24116406
33389123
-14746086
-55196651
-82602451
-36860564
101320228
-61094035
24206817
-106521102
-28735698
-133156134
18246946
-100991609
63485987
-77083299
-29488478
-58144912
6757920
-7092868
-78260637
-22542160
-52383105
-12725744
20642358
-53132713
-126287691
-110016376
-45231897
-114041745
-63008490
-90568811
45717876
-78114086
-11525106
24206607
-150823087
11063118
-67097030
44566165
3334118
-31492783
-59419576
-49719750
-13544940
17446047
-109207151
-96403357
-115934183
21545300
-117556136
-43568758
-73851446
-164961998
-6716692
-26489335
-101993479
-62069517
12749255
23829302
-24615944
-106989903
33719066
-24693151
-83338917
-85735870
2058606
-84795730
71238206
-12257848
-77973226
-123180987
-80996794
56077326
-36444795
-35648885
-62216882
-62494582
3457507
4590365
-69924597
-71762860
-37817676
54084525
-10663757
-24113479
36590686
-33163930
-111340910
-73094887
63913042
-17553832
-58776437
-31544104
-33080229
58826550
5417165
-38823314
58345371
-62879322
-15746459
-46722360
-57521466
-22586201
-98268981
-26922177
-19016512
-29689932
-39263906
13864490
-26065118
-100750573
-125756809
-98442447
-75988385
-49925145
69788679
-25414009
-69024840
-51658568
-13670184
-32375031
30301669
-140186130
37181613
-56070571
-81272708
-49526508
-125281245
-55558210
63616042
-91688143
-22152796
-137730039
-40930816
3447822
27792978
72442696
-873380
-40220353
-45913457
-13355069
-7245923
-89689262
-66724191
3553783
-71146063
-38172547
-17134943
-127057906
1069569
-35557229
49831102
-89349752
-38975532
-130230933
-8789404
4805538
-15592896
6192077
-44422319
-125181415
-45174469
-137675520
-76259246
-33767230
-110828908
-41862827
-83045653
-43003978
-80187685
-48626309
-3726934
-71237726
12936230
37686406
-87193983
13524868
-5231428
44696643
6132172
-104888217
-92675835
-132841430
-13305136
16567046
6186892
-71847006
31102269
-25270490
325554
-79762631
-40457273
-111414312
-1139311
-44143094
-11552932
-21346021
-58221837
63213572
362026
54707569
21883958
-83063798
16565395
-6279160
8944299
-15425831
-80471142
-64182436
-31378421
-83850120
-62585152
-43668817
12054048
-43919387
-86765159
-34789862
-46129453
-27551394
-7016954
-68385724
19525106
-98505209
-79149110
9071997
-91789011
-43707902
24791130
-19321370
-115265821
-73539140
-26845426
-48038563
-81749185
-43357046
85001112
-29731422
24978171
-26432492
-7542761
64991085
-72040757
-18791399
-11217393
46993158
-20727910
9072906
20137544
-1811610
-95550457
-103190580
62312038
-41741305
-46472359
-30707652
-44201550
-113812946
-115073107
-332369267
-62889338
-46406830
-65647849
-49837901
-12643684
-90891902
-66063423
-34530431
-109000401
-35085069
9532215
-13830865
-13604666
-88580096
-12822842
-52396613
-137706688
-66439773
75450986
-45697052
-50672825
2460714
-70833105
-64592841
60956548
-23049395
30027560
-80168921
-48495773
-126163712
-89890330
-227693696
-51663240
21925503
-33212819
-79978638
-31842366
-39363881
-6509018
8773810
-3914180
-98340269
-90875799
-35074573
72248602
-58058499
88163760
-70649603
-80087212
-41597323
-46516182
-92408456
-98714611
77701301
-47028305
21089733
-41534712
-118881032
-17469796
42018395
-75798668
-90972669
-73941794
-41091057
-44034375
-76003702
-27431463
4596925
44185085
43828802
-83934569
-28010475
-6905609
-25317750
-79590230
88814259
-19651703
-169860967
-25180057
-45320004
30945773
-36551526
-1567687
-44731185
48474509
-61876009
-111690141
44176044
18438942
26076612
-10922162
-18230795
-21398469
-47098942
10569111
3615001
-12724023
-55344714
-17718530
-36216020
-44258731
-52196497
-45313013
-11168224
-38535586
-12897608
-58228645
-74317088
-97619739
37724367
-98488323
30026224
-72032467
-64594362
-36365068
13914911
-97385427
39453404
-67163712
1966248
-76405815
-35933406
-74023659
-34934744
36980284
14649661
-178614820
-41152172
-109047003
5884037
-42379796
8519101
-65828047
-51368119
-150445559
-84306309
-20014166
-84949367
-40903623
-8438626
-26158110
7203816
-102415048
-4849575
38701432
8826009
-42138271
-66322475
-84293409
-52366577
-65414319
-30817906
-26111203
-57449934
85392906
32914381
-101709326
-3481181
-7087970
-85988542
-52702146
38433901
-111894878
-32848990
-48360731
-110598297
-63933370
-60265233
-62546396
-114752075
-94697614
8756056
-32011878
38800921
-13241621
-13839701
-86025595
-37430772
-34317665
15329063
-54399533
-72560398
78743598
-97144047
-14690976
70719704
10493390
1916845
-37503475
-37547030
30242505
-15816791
-129935129
-59974294
-127393711
-59092584
-30622183
-48124828
-93970228
-62395467
32438065
-60689987
-95987180
57703953
20762228
-130608282
-57753092
-106327770
-135513269
-84339147
1714035
-22422321
-24427511
-10923477
-17095482
-123325407
-149099
-57706850
-74170845
-6665540
-18082225
-103073804
-13942799
-36447513
16912509
1354323
-21028320
-88302644
-143966195
-50377328
7601744
-9117532
-2636020
-257776492
-70488985
-87860101
-76693322
-71064575
-12940473
-45373466
-24790263
-69005844
9854740
-89134776
-97213099
-25662178
-25262216
-35922187
-14053180
-12475314
44502318
-12466039
35277495
-199785881
-43713183
-115467256
-14383736
-39860960
2485606
-127946892
17829623
-40698871
12076590
16610773
22777313
30242166
-52637946
-38351857
58475792
2573783
-24617301
-27554119
-28881001
-137904351
-3789398
71840561
-89775749
-135106761
-47566924
18319843
-100431838
-140114473
-153993106
-38559484
-63566504
-37101817
-4327673
-73989220
27947525
37371839
-57302170
18089453
-4175810
-47610719
45814271
-95765205
-62442150
-58340199
-198767004
-30735559
-55617016
18928776
-80839167
26657918
-70679412
39901986
-50291701
-131790016
3798741
10669359
-6838205
55479803
-106830121
-27668297
-38178733
-110983656
45547926
76258826
-13792701
-105257385
-33978515
-66979810
-86062060
49013530
-71766025
28694281
-75400952
60360493
-101683360
-13237588
-69045885
-101794961
-82922620
-76256430
-120486057
-148746114
-14397629
-124501561
-123015540
-11707459
-103493894
25288199
-31213358
-49278383
-123712114
-32118511
-85698844
-98076016
15095224
-131699260
-23812815
-42144435
45806923
25566687
14549597
-86943490
44696798
-93780728
-82039256
-123789893
-44120184
-126297119
5982739
47152604
-62766651
-35755251
144405755
-34835837
-24201544
-68949441
-105209391
-45649934
-33740400
9512224
-27176489
-19017978
-21166441
4901069
39557584
42705133
-96836391
10320694
-26205
-34210697
-120798973
-12442505
-14935198
56028061
-57347106
-35286304
-55177369
-139702618
-34390122
4446889
-137736054
-40651326
-65605084
-61667942
11981903
-127468304
-61668052
-115878954
-21299795
-99491692
8959174
29739699
-68167141
-83983103
-56208809
-28408238
-29412579
-56781823
-63547819
15968782
-29628562
-123679749
-19786073
7961231
-78652376
-61647517
-39165892
23839252
-48882919
-23388453
-91841922
31550100
55639169
-68480595
-91690997
86415672
-65035560
-132560111
-97305359
-38010243
-107935137
-112107162
-60342331
-10340468
-80515141
7890879
-13922491
84432310
-62347076
-111017822
-66243449
-110514391
1221005
-8257295
-48433837
-43561034
-99480995
33210930
-24126981
-78858685
-80532648
15322014
-58058526
-49621546
-7297986
-2193418
-6348355
-51541312
-81590299
-12924410
-97692950
9723646
-111857601
-81054474
288409
-49936879
-61201584
-252169887
32581572
51139712
55766843
-119827375
-113386300
7108792
32521476
-57403513
56804646
57876502
-16788000
-39140769
-129500145
-42434924
390348
-1113068
-42746204
-9061251
34590977
-29609402
-16424850
-103808057
-78224104
-87504384
-121048883
55964299
-93306044
-49689267
-41561742
-43434882
1990543
-17023467
-1388067
-137369491
-96604035
-42600652
-47858898
-72975825
-158724389
-41319972
36490333
-50466781
-54629730
-75530183
-47815014
23856586
-76098061
-55916119
-54984900
-90780827
-23565772
-87384317
-12359088
-73281801
-2079933
-78682451
44434702
8066885
-1455546
-35956487
55660300
-29864368
-15227126
27561500
-169113326
-41939589
-35488761
13262845
-68151041
-34556618
-104398965
-123834527
33256167
-43240216
-59063579
33924396
5163692
-47361869
-66867551
-73561996
-47229950
-216949345
-55113998
43393196
-8446594
-52657506
3372690
79231646
38021646
15440191
-167758364
-59354451
-61872027
-102047922
-36529358
-44557144
-22013025
-108941743
-16440770
-112023945
-76867697
-148563391
-119351328
-139542309
-134462697
-23335996
-93340595
32981401
40111049
-27003474
-20795450
46455032
-93678399
171394
-62657602
-16178704
-10546355
-20103531
-92652063
-97425508
-81074986
-64497375
-342068
16893667
-40595696
-92744473
3671456
-26293235
43153174
-66225452
17171852
-40983082
9296303
-149645721
-5615032
-43765579
-40958138
-59353119
-119589679
-24373606
-32431838
44483524
50754109
-29743953
24899215
-165352463
-35399744
-48714378
-107377230
48133884
67537212
-86293792
-63238333
-8492153
-73258168
-124915459
-4840647
10378252
-13326998
-78059182
-7953021
-35459071
7536398
-5643257
-94736903
25109487
-47718354
32954582
-30152840
-51629226
-68930225
-77285055
21070369
11555938
-60018811
-79639914
-5604683
24204866
6725975
-92150341
-95125437
-127962504
-80103467
1774270
-25336908
-29317673
40600547
-72587367
-55275939
-78297831
-15708732
-34701844
-115508779
6798147
-27039920
-26096003
-20165269
-42951740
59334952
-142370042
62203513
-78606668
-53126074
-129941994
-1482822
20834092
-80959401
-35158321
-105989760
-43540879
-77128180
117797863
41421533
-55187699
41797216
-4041443
-37147408
-73095548
-13580603
-58134994
-138125592
50567193
34619269
-40172723
-80925934
119741266
-120775870
-64237129
-96437352
-95122203
-88680336
-72915273
378892
-61973675
-62201214
9212585
-15725833
21670231
17457180
1870959
-2688551
31197866
-120158010
-47358518
-89368539
39016580
9405989
-7972564
-28461708
-123580372
15321432
-65759079
28203141
-68605462
-26218945
-72983426
-75447322
-1885263
-111615427
9271077
-63254855
-70187400
50782294
-55084405
-65891538
74240799
-70149302
-166455823
-55603131
-76687117
-74825903
-45018242
-64768002
-52111566
-139021017
-30486149
-86571653
-25898015
-40638790
-42316694
7608862
-56523735
8432720
-71908451
-41340672
-86800492
-45052888
4315966
-48988010
-73737509
-42996547
-71272615
-120593794
-28730601
-51350774
-62325251
-80573290
5773139
-53667865
-26976358
4268428
-37297724
27924241
-17456624
58294948
-666532
-24462005
-61726222
-37373775
23960066
-56373176
-93906168
-87972254
-27254553
-38205107
-54491420
-114260414
-72244385
33718930
-88549993
-54911891
-93284980
-28401199
-139413821
-5000853
41301871
-6813171
37383935
-14896303
-8166167
-99594236
-84338157
-69218672
-82113394
-29092264
-107866572
-34421491
-2454345
-108097824
-65242928
-36552634
-16540315
-45800519
3712311
-138016282
21404022
44636431
-30983540
-59444531
-57434711
61481921
25183301
-113268154
-104248388
16540090
14407436
-67458724
-4557776
-57923065
-25437420
-24505648
-124188497
46847690
7606451
-18976514
58865999
-94674506
-11170189
4820610
-145204041
-2514437
-45529910
-5493885
-54016913
100359832
-47418890
-26345751
-71051357
39990242
-32986072
15246766
-49594875
-354796
-14784288
1003262
-30297315
-59434004
-22083137
-19612210
-101557291
32306904
-47928550
-56138593
-54129790
-97513443
-4978118
-47108268
-128166558
-35132351
-2081875
-94512930
-97130238
-138961253
-93443861
-53163083
-50945278
-125791185
-21846337
-12885752
-37497647
28887919
11998045
-26163885
-2765882
-33754332
-72972015
-46594357
-5502117
57070618
-49704297
111155890
-127249390
8795352
26592173
-26303181
-61513960
75167
97885203
-29800034
15430088
52452191
56151516
-21727928
-76396100
-25366909
25700542
-26104250
-74078531
-26578409
-33207302
55036565
-11903091
8701027
-98604278
-59093078
51900322
-133365859
-38946602
-39344973
-23820293
-75207202
-71708382
-68371047
-73287387
-44962904
-15593383
-26142387
-55628133
-137156894
2786064
91895180
15498987
-45275532
-62569208
-46278435
-78990508
95667842
-74926516
-92102095
-74184158
-2801028
38598848
-113314465
-31982191
-129244994
-25351826
-81972020
-85120669
-59275273
53114081
-2599168
-63830249
-100621315
26933989
-58323013
-108107596
15701630
20787998
-98498558
-4291328
-60421634
-42966822
-46452215
-1001044
-52830932
-95781474
16961552
-9051678
-131746951
-81189372
-59009602
-78303741
-72289189
32157694
5281764
3684505
70477122
-9995020
-16126995
-24153030
-76380747
47719304
-22805371
-65523358
-108129522
60114010
-41941370
41088949
-87300878
-9969196
-119433543
-113774988
36659110
-69890558
11655069
-59663465
-125324786
-130152262
30368767
-153412737
-65946859
43160075
-68402584
-113227142
-139504006
-66442277
-128633483
-44388823
-22411113
5761249
-93372259
16678876
-106209399
-60888829
10507311
-14543776
-33636049
13500426
-55623641
-108076561
-50055299
-47788814
-35080959
-5932407
6240341
-35020493
-72840135
32372635
-11405593
-80494605
13216506
-28318752
-70777489
16414368
-74394391
-33047003
-27580223
-13218298
-52086034
-149881027
-78050416
-32586327
-76632172
-47801027
-116827378
-86312582
-79747406
-44275927
-6344551
7861945
-114849358
-66786328
51944697
-19072367
-19053421
-31511696
-39138816
-30826360
-58504341
106232132
-61454747
86510324
-58311154
-47755414
33506868
-91036148
-110310544
2549775
-94910204
54867720
-36405181
-55783508
-50774890
-87597674
31775179
-55283946
-90461062
-22374120
-11108553
-57353048
33452412
1305524
24613910
50541333
-18767297
57364811
-50295847
-3289917
-46745036
-67483631
27131303
18403221
-13789509
-69640773
-3083922
-88171043
16755055
-7320710
20686831
-80349676
-42852485
2229598
-35548216
-83895994
-9369921
-7886944
-153808626
-70923215
-66937270
-73199517
-38959856
-47361307
-106633845
-15755473
-133121106
-44844182
37187471
-13942273
-86808765
-116356
26490290
-23057080
22872486
-57801872
-10047432
-21706344
-37226990
-91004999
-66400838
-73793672
-128668710
-74042706
91666780
-7393889
-29440273
-54009193
28972152
-25184769
-26626882
-93697224
21072664
-94407011
-89384320
-59887414
3048044
-56964730
-84210626
12954883
-76612005
30546202
-11638814
-54006479
-85961867
32458288
-93793984
-38765895
-46992971
125191612
38858996
10841914
-47352055
-41906819
-72775688
-56222735
-26867032
-33559100
-27653690
65780018
48449015
-41017035
-115985772
-56606044
-122320871
-3504368
-56592098
23832218
-152297971
-11314091
-85361727
-106751239
-123120835
7943186
-16372724
-4741670
6024778
-27469268
-2664007
-11983405
-157702080
-63169366
-121986194
-82525549
-96806198
-126568621
-12333581
-18133874
-7613541
-51271921
22126179
11048842
6726626
47767642
-82434348
7346832
-28905589
-143253165
-67136802
-38623001
-2694157
11253532
-2001277
-100741237
-18996212
-100068980
-125523195
-30233626
124312353
-81347380
-14484049
-151990394
-112506906
16122801
7147727
-20913587
-77626487
-35228092
-9141606
-65135485
-23053169
-43343888
7461714
16735126
20833657
-72037706
-35411121
-68900680
-63711916
-69834320
16603074
-122315354
-9193567
-59630762
-95869941
-145280900
-1062603
-99080508
16662175
-39897720
-15577830
135981
-70544550
-13929810
-34659759
-77876607
14280890
-47321082
-139078589
-54033328
25923665
13892154
-86037445
28126591
-52413049
-29934784
60516010
22598909
-39564333
-78641877
-102240561
-104805757
-41986546
-19474352
18809994
-93533885
-15970477
36200374
-19468818
3755711
-41900534
-81695547
-84141032
-183463734
-33492541
-42053000
-97828336
-97427176
-161335209
-68226959
-136403739
-8320501
-26964187
-53125870
-104387215
-52023633
-49662029
-49342404
-31797086
-15257962
-78207096
-4594780
-45526982
-52357449
-57145326
-38657000
-120253387
-53163366
-57449041
-69168590
-87615563
-67615361
34381245
-32359008
-14046481
-96508626
-18867283
-17267317
25709762
-79819746
-34387228
56939469
56146856
-39641049
52289095

-54407584
-8913263
-77077565
-92289911
111564607
-93297352
-60602834
77592039
2863166
17192668
-7832980
-14982637
-41915839
42806187
1547213
-109790926
-9046764
-104605220
-37607614
-11686790
-110732460
-77934052
-54285466
-120059882
-74242629
44830702
-200039780
-58452092
15959105
-60012820
28438429
-96237216
-25596847
-97026008
-67516510
-26836222
-6448013
-43807703
-89358594
-101835669
-75664937
-104760272
-116166373
-39348761
-41215929
-38108282
-97860857
19991958
-131561564
-84554683
-45266546
2833682
-151098540
17313692
-85423383
-46643309
-45399701
-3381748
18410464
-23405446
-11616175
-4709610
-68165214
-24461333
-78289766
-49662476
10284457
-78239961
-146411236
-66091875
28074368
-142933481
-48090423
-90762287
-66020489
39003485
-511696
-84948184
-5907155
-40947398
-67959804
-115999311
-51369124
-44403451
-7928232
94215551
-49397307
-132630049
-17052117
-113218134
-83545959
37474365
-5751214
-77826265
-13751532
-40802608
-2444187
-28431658
-25398397
23554936
-39395640
-49545928
-106040516
-8067960
64111856
-43624863
-16722895
-102769863
-63483557
28232597
-47049849
-66161866
-52882995
-39266148
-40139228
-52194880
-19658636
-80147937
22463628
50602775
-48420830
-84005743
-38739844
82837594
75661236
35507890
55281618
32518595
-79426647
-17057810
9990489
-55004757
47133095
7239134
21636820
-13839979
-74600370
4343504
-49665475
9548511
-46703110
-17414341
-6883566
-47963110
-101835854
14227873
-109248407
-79529773
19678375
1484942
-55345411
11276293
-73937058
10689201
-26476025
-119103276
-81980060
-27799359
17466071
89042493
112920449
4318285
-51112258
-112832738
-121188950
-35221057
-83232877
-67691215
-82898756
-33944397
-54574855
-133762185
10898975
-98372995
23867520
-56731733
6092661
-94969695
-37451094
-102138195
-79216207
-62403653
-17154458
-16810114
-17656441
-8686924
-18358058
-564962
-28606051
3882602
-86290135
14681941
16361135
-26859774
-54151616
-83263695
1302666
-15793326
-48346360
-57652398
-42521590
-91137984
-41222893
-83447650
-27090747
-51530074
-2532607
-99826413
9766896
-81981353
-119717231
26856881
14304213
-102770393
-32986684
-52539800
-66869704
-38873269
-59413016
-36895179
35458687
49085546
-90283946
-160539963
-127051071
13589968
-15759413
45880383
-62616580
-71541783
-68545386
79659630
-224691140
-15210022
-76597849
-118218271
4117437
-11548885
-50139186
-43706931
-10521273
-14545542
-62856784
-9223650
-96884911
-3775240
91056747
-15734005
20094493
-39718951
-109366724
-45074722
-11092034
-100330528
-3993474
50023145
-132314003
-8083541
-14131360
-48547217
-145931754
-37623468
-35439876
-94390617
-64220876
-44363517
-4227165
-54499919
-54460996
-132090113
-43669038
46644042
-56050800
-78301554
-35449691
-52590661
-77964148
-81702169
-6499483
-123725692
-87641855
-30372248
-38476470
-30617778
-94298963
-87252165
-80003025
-33465593
-58646692
371374
-27961855
53409849
16488477
-70209714
-31601871
-73255657
-49306785
-27000078
-15191382
-1710616
7951618
-107434887
84551691
-1129873
-45561614
-18455042
13893413
-115019810
-84914164
-73234866
-108851842
-101847132
-48423351
-36369848
4398989
-40352748
29617474
-37663322
-102702042
-40177289
-7232745
-5749543
-39755651
86945486
-40015298
22871052
-86022031
-92218227
-60666991
-162095915
-19107009
-53021631
-7780443
-105080202
-53124206
46262659
72215916
-87493897
-72184250
-42687385
-1775790
-65246867
-915030
1291008
-41826679
79786561
-73554599
-96035083
-42360006
-43037518
-41835187
-40591198
-43301466
2204281
-12266630
-49972690
-42600337
-46891650
-51973953
-79311152
-65991649
-20403401
2351126
-75739391
-66176540
-50106927
-53579459
-56570977
-110090569
20818422
-17737591
-94540950
6877507
-27881405
17651213
-30387793
1926318
21340223
-114144646
87439758
-101521656
-32323890
-135752178
-47577604
17993559
-22507005
-75603342
37954898
-53009163
-1627707
-144960562
-67313447
-96302125
-123087828
-88317145
-61093457
-145554520
26970420
-24831251
2129999
863423
-147956132
-94786568
-115304541
-155640129
-3433103
-60025851
55011033
-19105643
-58446959
-133020899
-15184820
-27272839
-37888152
-109824752
-104229314
-114139302
-62991910
-64714923
-20934603
-6318431
-27206274
-70347564
-7406692
-30251907
-63602196
-94396096
-17954409
-45865095
-52916624
-50211079
-55106323
-92704606
29098082
-33719685
-18534589
-52547628
-66781995
-71616057
-30443382
-105712244
-85742
-41484459
-6606675
-94175622
48544280
-3834566
-15686651
16683597
-15534601
-57225113
-21721464
44255245
-31939974
-92594637
-4392540
-91584363
-107223030
-63523014
9417784
-81956414
-68924666
-74372081
-37309013
-47543916
-22017011
-121980456
-50244845
13573780
39012188
3173806
-79241175
-52198233
52629653
45956959
-11998290
-1046635
-9217008
-51726959
-75301964
-93506947
-66785562
-2629832
160305
-77656756
-15759603
-33603596
-32721592
-140459797
16732437
-10152170
11210636
27118450
-3859664
-26522563
-42058533
-19859638
-56588374
-105237763
-34701646
50669487
-9729870
-83966399
-90624910
-1017637
-28014926
-10239076
-64981625
-64227449
-25549046
-54658481
-49697051
-45290644
-70843418
-64851138
1777101
-6667599
-56621178
-68776402
-23386272
-203026664
78894225
-57577104
13483352
-32522330
-84290914
-11480172
39578939
-118814228
-55071664
-5688023
96465732
-130417699
-60219855
-62593475
-14921517
25629890
-3219765
-1015150
18158545
35035717
-69991378
-97253276
20775336
18154767
-96987300
-93705302
10877367
16025458
-52634020
21632325
7194083
-92090148
-40129964
-83332536
-27765159
-131155252
-91084719
-100094815
6064188
-43758812
3965810
-48337805
-24532060
-49999833
-54198295
-128858291
-66268751
-2432993
-101128690
8775410
-49885141
-109723318
28368874
-76576907
-78491103
16247955
-27387118
-45388323
-42020395
-44144273
-30920429
-38906996
21581424
-78228513
-32242482
-74330044
32322572
-99057098
64812597
71444516
-26618630
-8624736
-42522593
-127147152
-70252223
-37969877
1402502
74005452
-34992110
-128052396
-57750426
-23731912
-34696371
-40654281
-63351187
-113543783
-10498988
-21058979
42883582
-70529958
21872691
-103086104
-94535694
-18498543
-12006841
-106379301
-22043324
-100136712
2129125
-44757966
-24928550
-127998275
-48556985
-94227578
-12519692
45276593
-34371858
-60271959
-84122913
-31975232
-98211697
24505877
4487751
-29985067
-57806915
-78189499
-15421964
-114196618
-55318298
-159439469
-198312133
-54988329
-103653617
-37499478
-11102721
-19705336
69586552
79347586
-58445971
6804602
-8649105
66687995
32238800
-77365074
-43043624
-28655706
-206907112
25751779
70030366
25824524
56851659
-148471367
-60094445
-38883577
-55877688
-56215329
-47472374
-27561271
-58545722
-117953738
-85553916
-58148119
-21008970
-11034244
-7204066
-30977373
2111094
6976597
-62827051
-18973124
-170196176
-30252887
-30453301
-88780334
23509951
69573763
-72065898
-38872711
-70434780
-76358485
-106774994
-94694604
31602373
-15275683
-72604791
-42739982
27237406
-166613005
-39571872
27375231
-77917917
-9244227
4803818
-117720060
-54802783
-27095746
-61316114
10820264
-82509266
-26494636
-73703951
-101576875
18269224
-91875323
-49063009
-37333908
-43616750
-44267593
-74417249
-35402310
-42119448
-47003575
-152994484
98814708
-114366053
-124469825
-50638317
-24852773
19641257
-94490081
-53465574
-66376940
-66075318
-21799784
-30348521
-109595013
-24960305
-21511777
-34464604
-160879639
-89208692
-62110978
-55028792
-70234039
-224487230
-27690513
62681341
-79819900
-76741030
-50318342
16885074
-80985943
-70318614
30873621
-18054076
-88399024
97098689
-39451766
-71953263
-32638573
-6720325
3976337
-33640288
-87222966
-60938705
1283300
-61021277
12654269
-20274641
-49746318
-66049841
59274124
-70956143
-306832
-144421290
-57134282
-25530079
-20564812
4741131
-30494829
-53811585
10968905
31724980
-23756845
-146127237
-117533766
-20475635
-13962125
-56185934
-65415536
-37446556
27156744
18403022
9540137
-31376891
-30338504
-21000039
-20194889
-112375880
-82381544
-12567564
-74323255
-23750551
-76568872
-120044879
-39996205
40056720
-8050386
-44533276
-131106582
-78111784
11027192
-22494766
102059957
592675
-41025978
-96362848
-44765373
-43901676
-79417718
-39482106
-77086491
-57433369
-17427049
-58178911
53962234
26024636
-4450743
35076854
-121642436
12326458
-114874562
-39010148
20644005
-27763978
15569511
27965517
-7719737
20559862
-7022843
30357679
-55812779
-1601975
-69306310
30537070
6703407
-22607875
69876255
-18275806
-52853124
-52582393
-57489344
-58395135
78801260
-130429891
744758
-117205274
-130148121
-2904356
-64846887
-22488263
-143860428
-42110635
-99600187
15384096
-33736308
-55788888
25341933
-6134957
-125135661
12221232
86325637
-115310
57223884
-57523145
-65698449
-99388185
-70077906
-18961758
26856136
-97113165
-78242221
40898015
-159203038
-110325576
19319566
22510010
-160732399
-62035670
-26966639
38578049
-35733697
-70516056
4201191
26998982
-81395219
-1404139
4719262
6796719
58991828
-432066
32860829
-17391890
-54257225
-40730650
-74587741
-1219229
-63305533
-56616123
-30772619
-36518624
-66498035
12606551
-142159130
-20868909
-51973260
-77320980
-67313413
34862784
-26640679
-53299237
-36442039
-136761946
-37742469
788795
-78930058
4474488
-27712474
-65511612
-87081532
-135711682
-84234216
-5301206
-123400769
-51636507
-29072517
-70564606
-45192341
39744897
26301922
-47786852
40555291
4277789
-95643742
-39618953
28479827
21888950
-35309217
-171396680
-41240112
22952912
-115359080
18023286
-96365585
-35059567
-17473317
-104598162
-972405
-81756861
-139238250
-17734532
25608577
-21217246
-37593183
-110863592
-145679332
-32317950
-61563505
-109512673
-87944012
10127372
-32140892
-62207418
-9051150
-21785659
12380051
11560170
-117078255
-45554681
5055967
-55645406
-78031349
31971471
-43702675
-82622423
19326287
-72752782
-61988088
-48410254
-135735260
-35435165
-44233126
-108389212
-109131871
-3028068
29762807
-62108463
-119020594
-77136502
-127678637
-40054277
63918043
-78681025
-65487501
-46410053
-1926000
-63041566
-64523735
-18409471
-63093971
15914130
-73545887
-40796670
-63450206
-62983783
-53589368
-6313906
-14145278
-21810969
-30992997
-96199846
-157777699
-177654963
37442267
-42802160
-60367801
-26559997
-17376853
-88502481
13429823
-55373289
-168160138
-22911903
-80395647
-105518153
-70703375
-41867685
16219039
-5486477
9343211
-88200030
-33412589
29484953
13533802
-43100659
-81603624
-69734530
-97426883
11229788
9702961
-30845359
-87504823
-65496054
-77768057
35815493
17068373
-11022441
-64512765
13025737
25594240
-64027395
-122867836
-18750080
-10276200
-100985482
-48814415
-13766445
-90319802
92524180
-20965585
41546725
-46141393
-32361926
2271996
-45149644
-73234446
4125071
-22399708
-67515705
-87368506
-103266012
-46037827
-2121328
-82477725
-42678649
-79836072
-117651024
-16652723
-60493210
-112472111
580826
-77137938
14275187
-68359163
-35895706
-25802221
-81007135
-65944392
-87172753
-30042199
-9150260
-15515759
-117459780
83196568
-36751713
-70152765
11080601
-11949427
-58068901
-51462382
-46631011
6291482
-76090742
-19675340
4041153
44677624
-76285391
11221320
2329772
-5827136
-77768794
-41589072
-66543627
-63614254
-37538037
-10055380
64181
-18130472
-74895899
5968600
4646491
-27160047
-19811932
-67165728
-86027396
-137921535
-120834174
10519439
35179272
-73999601
-35072643
-85224785
-39254505
-95204891
-77352985
-33682422
-2217263
-138545975
-69062968
-10872817
8597221
34353452
62511139
13356209
-54856624
-27184469
-28454038
-11879456
-136386415
25221020
-206428852
24171565
-20193164
-9115200
-36967433
-39177163
-34079749
-71709469
-71490196
-172824564
6201799
-87451794
-15777684
-109806284
-77969912
25958080
-36154434
49687714
22653464
17787825
-6359693
569859
-45414419
-5907810
-40957994
-127814176
45484255
4591222
-65272982
-11145904
-76469427
-46150299
-21314657
-23885866
61516210
20047242
-35091508
-10605579
-20637251
3424698
-41580578
-29137641
-60012274
-26930972
-63073128
-132091535
-105258353
-18774017
-61184044
71887760
-13139072
8982384
-82113695
-58968423
-48137635
-89571083
1639049
-30877671
-22258315
-41034160
-21410827
-7247954
-66487496
28017338
-136247445
-146106253
22772102
15744419
26804571
72284796
70954195
-88597990
21796280
-54588118
-9762437
-48428174
-25450837
-135927346
-43026122
-54948912
-71457917
95199668
-7396041
2551380
-38197954
-9434857
-95787727
-10111822
-57652790
-65000198
-92180872
-67986178
-86351321
17045701
-12579279
-15864993
-22469902
-77002703
-74408999
-42265284
-6500649
-33165642
-99393392
-28801365
-80112340
-39467171
-114712461
-11805238
-70341658
-2328379
-90130604
-69543109
-49180592
-10603900
-42556679
-60844094
-44248547
10507682
-147640099
-38751229
-72208406
-13424868
-45805470
-104720786
-33680184
-46008724
-14197298
958841
-79333813
-25478475
-32245060
-160032207
-66206025
-73512557
-63493331
-94354902
-37674900
25064215
-14639469
-24370471
-39581757
92418489
-16287283
-55376789
-69987882
18156164
7233029
-81713582
-36219430
5401060
-52139790
51888937
-111605184
51059551
-79612826
-10241747
-82368450
-42837064
17743620
-35410201
-156554107
-66764786
-64337535
-23942499
30597875
21910040
-61710926
8332345
-38853631
-70222713
1184859
-14065886
-3224106
-72913875
24806677
-30847631
-36558838
105326647
-53802784
8442285
-5694886
-94399539
-74902618
-71631976
-1927424
-20437805
-30299203
-48337316
-62050393
75173657
-29840427
-22989797
-75170766
-44091567
20916606
-94023069
-137031370
-122638050
-25981629
-98210541
-50873904
-121164675
-36713408
74836199
29289605
-46073115
96693238
-9604087
-36456888
-8176572
63233870
-126461736
-75193267
12226487
-67058519
-46262831
3760098
-84037398
21655533
-26670166
-38846846
-29096182
53136925
24300949
-89604253
-25822507
-17589541
-23884781
-90250284
-71758103
20419642
-55290678
-54982251
-15456433
-16905881
-20445843
-70943426
-5603638
7129218
-51247576
-108786502
-2807931
17520981
-120592480
-95902953
-118853891
28030966
-42193946
-68209950
-66871780
-105595853
-59526135
80623021
-35525240
8572658
-118334790
80360068
-30241072
-24254380
-120848988
-280874128
-77853923
20343498
-131199466
-114595535
-61225584
19929425
-4658729
-63330876
-27485836
4289515
-59766497
-69254630
-54754587
-35711323
-161182815
-97541454
-109097522
-119961855
-72948818
-53473226
-73698838
1835935
-11943272
-64672711
20167300
-9821786
-186713481
-57295190
-39399070
43151559
-54881194
-74959837
-11868864
-49751033
-64568949
-94779009
580378
53760543
-16509220
-63025914
-43088884
39421651
-5886188
-49105597
-60346765
23838974
-70017348
42728184
-68934032
-112579223
-56470145
-42031761
-37673534
58716550
-54342798
-46993714
-2745995
-30091413
-51317787
-66872777
-2759520
-148549210
-85271923
-88143222
-21581950
32652619
42296678
-49328601
-10120667
-68991689
-45773680
-59390661
-7966788
53658173
34483520
27046214
-90668467
3315019
-41868840
56207636
-70703059
-58238360
-38639435
-77436305
64936759
-121651420
-95908758
-74129466
-168135161
-38262854
-71203293
-40133973
39209526
-46113103
-27512036
-21092898
-44445378
-81415557
-84538554
-6176291
-109384075
-162087295
-94703644
-38689900
-31064537
-19994311
-86849106
-107270297
-93496297
8799934
33787421
44065181
-15681289
-42327854
-114165482
-36157938
-65844448
14655545
-14363001
-62818680
-116917369
-88496488
-144681857
-108774226
-49550000
-53815203
-147086910
46077499
-72972707
-29929895
-57444147
-66845011
30839241
-128565975
-65826450
-32521342
3293093
6272437
-38674390
-96007214
-2793610
-26989802
16494086
-109208448
-66189059
-79980911
-19844434
-61401606
-36303967
-179092552
-115589558
-89561965
-5531481
-71556594
-54058168
-77877346
-69806043
-51990282
-189974845
9499187
-116855266
-45609038
-110765392
-78377882
-10732651
-64627078
-37546994
15331849
-73415276
-53764683
-127300743
-89693761
-71356872
-38125670
47890118
-117645654
-19451541
25322547
-91302488
-164772803
-83781452
-60495098
-93796207
-43025197
29362550
-40103061
69530034
-23962059
-147520577
25280540
29831979
22456296
-26542849
-94429639
-1652077
82836564
7427683
43862142
-36499725
12269649
-69845127
5619627
-3746027
38761494
43572068
-22179961
-44514644
-62981775
-19934726
-17958464
43064588
-74009574
-212744577
26787389
-15900756
7190813
-139984088
-51925590
-1802270
7481244
-87381868
5594735
-99168961
-56638332
-61256813
-83004895
-70459240
-73612113
-28502176
-96874138
30192019
31841978
-112762763
2613023
-86241234
38901791
-60770200
-81910945
1903577
-77516769
-27946792
21208160
-27786262
-95539549
-64638889
31136515
18911682
85511329
-81596788
-46554783
-5302282
-62907542
-21781674
-72333460
26939137
-79082604
57609619
-79576905
-10617155
29606423
14116587
-96588378
-103857442
-202000
-64822737
-57501075
-52577564
-109992127
-94170187
-173666191
-114018040
-80621121
-101946420
7109938
-39464440
-80078727
-79870377
30567356
-74843099
-83025858
-66835823
-21845753
-77622003
58069779
-43812452
13409642
10014752
-70708404
-48580228
-32308023
-42928372
-115202696
-86081697
-49442566
-36111199
-107984469
-2188069
-131344985
-50779259
-91200923
-15468953
-48266318
47859521
-93073643
-79467400
8765882
-45893324
-29740440
-93080347
-166174974
-77704494
-45367146
-95710027
-80238394
89553822
-4479258
60942145
-61051125
-92268392
10868220
-55820733
7987123
-111720275
-40310622
33680173
-84278832
-78540454
-19443835
14927826
-125927034
-2903257
-24187966
32845663
-75772413
-49306955
-39453572
-41290288
-90437313
-195661921
-20291793
-111460180
-43144483
-51818907
-47455366
-43529573
-9863854
-61400208
35588017
-76247715
25421048
29383730
-44445103
-147263890
-38542105
12697913
-56047503
-147905315
-74215154
-41652833
1345416
-49990934
-104668092
3418065
-40154388
-160030027
-80765449
-91789143
2366274
-103539668
38004627
-42783411
-72043367
-16018985
-43362641
-73143481
33975516
-82634282
-22026130
-61688603
6048928
-100065219
-108994881
-37122901
-66970735
-72987333
-3791075
16641194
-98152902
-18748761
-15718469
-83642478
-67479594
-156713445
33629209
-111892575
-4208074
-62259328
-38970753
-99794937
52085218
-95767273
11913662
-156614326
-69761517
29810100
50298777
-29961339
-8635479
-82700990
-4806209
-136041896
10834519
14103997
-101707458
-110407146
8230635
38405944
-68590029
55030013
-33763667
-72560044
-19165033
-73928418
108734674
-23506143
-152560139
-72422668
-94405779
-77993350
-50926323
-29704653
-22203026
-55910404
-19991569
14137662
-92342827
69566509
-37829140
-41097499
-111045517
-56509833
-111780997
-141371397
-49696621
-9099973
-24671422
-116517999
-74184305
-95652281
-2502638
-36243909
-111318528
-26572546
3714964
-10525108
-24561216
-29669604
-41937898
-17308478
-46923321
-5664909
-5769327
-101080668
-45002327
-93238318
31513194
-93427216
-69022024
-65501110
-92450822
-83575011
-4015943
-46748180
-18153102
6849323
-122387107
-109861804
41393610
-49144624
21478589
-16448490
-54500559
-89371435
-36862668
45696958
82785584
-133658473
-48725767
-42755709
-4639391
649955
30080087
-129118413
-4818439
-15827388
19780548
-36930677
32773896
17916674
26411596
-58484122
-25529407
-53103202
-10308489
35836691
12223969
-125857737
-121850983
-67317605
81318912
-108232310
-62710002
-43381283
-30820627
-167598600
-18724021
2051846
-3775863
-87278456
-53749590
-89812455
-6217751
712494
-102756783
42933676
-8472622
-3013327
-129151010
-112525693
30482964
-33411578
-69256681
-14462926
-48446889
-61956566
-11727623
-111230137
-20699930
-156890236
-109542370
33940326
-141582242
-93601214
-21387926
2809632
-77238778
-2789512
-110578704
-108868633
-24430874
-24065659
-7915899
-107988365
-132889756
-107957722
-112658561
-131152808
-20331867
-16776090
7384544
-4468803
-16552620
-50339581
-53080781
-39546540
-7500461
-76078473
11812116
26405885
3128851
-35666085
-12607066
-13851002
-87342671
-28448332
-44600934
-10403408
-6873992
53085967
-58278250
21695745
-8630695
-47763366
-33068009
-42969634
4582703
18671195
29810003
-72540376
-93528762
-133262908
-1002172
-51431628
-76808380
-53634786
32372159
5112577
-12525159
-10883984
-17454368
-41791149
56947945
-114302191
-51456851
-205603481
-25579761
-18901276
8877116
-77551543
-75119699
-48491415
-69384387
-68495769
-33269743
-33940530
-90005752
-69384609
-62401250
-118746217
-72883298
-62738297
-8140362
-6513704
-50247579
-37482311
-11882887
-88725827
10322432
80546161
45274163
38757817
-75565426
-46114790
-24194217
-72089480
94755851
54283783
67900248
50853607
-85540549
-11524860
-39114911
4884457
-79164881
-16465614
-97949928
-34688526
-11176082
-57154736
-13001488
-80982518
-65389382
980138
-89313237
23231763
-66011297
-91779433
-43905177
-28330905
-73629198
-68167825
10215953
-43224350
-35692183
-64509243
8987831
-30502167
19665244
-49783991
-37535104
136631942
8375445
-9971376
-113028961
-37756317
-122027771
-93993813
-4231661
-79292896
-130448895
8425862
27418934
-54264440
-105504518
5602535
-56034875
21095365
59030235
-55624401
-47755474
-153972665
-124072302
50452122
-4290174
-28979151
95091128
-8991879
-139779680
-80890937
-67352288
-33217672
-40936611
-52500220
-44706304
-165962450
-27442614
-64438986
-142006266
4677533
-1490579
-53262903
-65899853
-62789782
-51320023
-30494256
-2165300
-27671014
-16837920
-71352010
-3725399
-25930002
32899245
-97458715
-13785742
-36529775
-74938420
-64896578
-118360363
-88044652
-32161545
14430718
-38489441
11986948
-64747684
15912326
-24728192
46367177
4902507
-35508873
-55684999
-24113405
-28902569
-33840856
29841078
-6324109
-113375149
-36643873
-15511502
-69679086
-142040124
-95495612
-132418508
-16073863
-33755013
-112921850
-62518925
25519932
-66118472
20831542
74502
-34966789
-35449408
-56587771
-117019181
-117714128
-115965326
1972890
15403366
-48985658
15815721
-17084999
-42889385
-13983997
-59379930
9854844
-30707153
-31704564
58599885
-83088006
-72831983
-20664264
-53230086
13164136
-134626423
26840217
23994744
-12130044
-82155345
-47992766
-170013389
-10011014
-35395905
36628295
-161245690
2780698
47604570
-67208211
-85957492
-22385629
-1166029
13673161
-18402435
-3032195
-7323240
-49088488
-38903408
-94578874
-42339225
-26330142
-41709018
-38425289
-84443515
-62936367
-99578553
-9557659
-82906280
-29506775
7883251
-67338196
-8732434
-37377561
-6543558
-35403380
-11365196
-153158395
58193425
-30026280
-54519262
-83979254
-95713313
9900175
-117442978
32102321
-117054446
-59875515
-76285044
-6049193
-6331314
-98912189
-90112517
-27433980
-64905782
-105581173
33188105
-1124095
-21051253
-25525711
-14657057
-60132292
-106728888
-12966762
-99663952
-31012453
-34402795
-15196340
3719081
6481949
-15590157
-91908682
-44654691
-39372161
23579622
-65157443
52943931
-44923994
-100578141
-121772276
-60550052
-50021161
20045278
-27937482
-1435346
14548627
-76821638
-200609413
-31084243
-27439928
46075770
11343901
-49326810
-151872608
-115186556
16676397
5336484
27236241
-141544501
45800603
-68029605
23531959
-74068783
38037639
-57336401
-97544444
-76450117
-23742892
-15833882
-11488161
-2707941
-17047309
17481863
3790902
-72528521
-55526444
-60582513
-22095617
-96888093
-75051209
-14641157
15674123
-4194380
35120259
-69339456
-29484273
-69863089
27057167
-78473700
25595280
-74562600
-82562226
3774438
28035865
3107551
49289133
-164161356
46023651
-71348248
-62608166
-140409797
-105993634
-68011809
24893529
-3551883
34076313
-22510816
47989951
58862109
-8650734
-10965662
-77853531
-54969126
-116818977
-43128646
-14457943
-72578297
-41510255
-22500980
-45151099
-137678039
-8171287
23819955
-56956767
-40560252
6680914
-94650672
-129582713
-18508308
-72384177
801934
-119745652
50059069
-47016678
-15531641
-32161903
-76719339
31219679
44871706
-130724228
50625050
29489298
-41398499
-72147070
-126474469
-77062104
17802098
4065254
-69971110
-48147087
8361715
-6339240
26478380
-45388671
26070649
-77197939
-72610632
-67193441
-59656245
-34862273
-19108837
-55447389
48382628
44443438
-21182224
-78847094
-6385254
52198946
-28917285
-54663790
-12986573
-10490426
-11472617
32099631
-90425436
16761239
-42567104
-766378
-39075726
-5510882
-8017985
-98483639
-70909856
-82630894
-111222435
-125856980
-84211645
-21267220
-76335131
-11076383
72272299
-82185838
-58985546
-39875370
-73080112
-60461191
-25231185
-109526336
-108917108
-29139330
-64326332
-80051068
-5586401
-83362107
-134155604
10848783
-66461221
-101595059
-13106495
-83304735
-44384159
-10252181
36495632
-34455825
-87340782
44498103
-27776609
11269544
-56570320
-88161811
-25589843
-138709368
-13857748
-62979029
-58373792
-75939301
-77522892
-12937590
-104759255
31742809
-59016788
-156488915
-8801871
-40130173
-46742718
10465953
-11341768
-41218126
-121054993
-25407568
-6751070
-96077224
-85443991
-31292528
-90278849
-61502873
-37595990
-100864736
-128171838
-29737798
31050915
46346348
34917424
13324169
-87112245
-135912095
15436536
-15833806
-60010285
-19087387
-22885134
-8379869
-43237542
-59902159
-12193725
-60338096
-38557503
-68812465
-104889825
3164018
-95840312
-7542656
4302272
-116492109
-22744785
25576699
54616570
-7728309
8062268
-36112211
-87747988
-62233867
-111478135
-106962335
-16644007
-19746941
-124123686
-65597523
-47657298
30266918
-80878988
-58573684
-45261121
-40683971
32990416
-36049329
-154792231
-81786952
-55269616
-46971139
-40450636
25429867
-1469943
-94008575
-11853726
-24930720
-58375335
-130561899
337582
13956149
-43775531
-60570927
-70281635
24162002
-65065851
-67561777
-50559274
12912843
-63072744
-3902254
-85268576
51865924
19549119
-45185642
1961862
-50527564
-182191829
-444841
-8725683
-137567759
-141819350
-6198781
107085037
2661913
-69096161
-122227969
-35118672
-59725399
-56318191
75355332
-134114124
-25352273
-49510247
-54969739
-11419165
-82513664
-9644555
51710961
-86695286
-53153045
-47169730
-76080881
-34957754
-13961913
-27101893
5518170
-27521138
-98367572
22399750
7910024
-101900056
-110835547
1229637
15747230
-77977030
-29452885
-156137319
54816206
-7342867
-106562156
-20293923
-46452798
39530532
79074289
-45948959
8662727
-30558333
1855584
-153502615
-79483480
-44691211
-39797662
42371533
-118731522
10883347
-115062817
-171955457
-66132618
1715895
-133245217
-108883863
-12731238
-6041606
-61400605
-70264672
-88729621
21725284
-63293896
-18773360
-69119883
-9775227
-123932791
-75095538
-120200493
-33366639
-50120804
-49250824
6835390
4364469
-29632768
1342921
-81129755
-33923443
-59638904
44972127
-111675910
-30160281
-43444778
-27719651
-135833791
-40809019
1148224
-6618609
-96088530
3480898
-173498487
-69007387
-9341767
26788520
11610805
-78721099
-2674574
-40766110
-6833380
-14821504
-89487307
-23827635
43068918
-123755530
-39622230
20175787
-61046994
-59995045
-74155651
-33102665
-57599916
-88969615
-83809396
-7430529
3434160
6078375
-58327657
-59397801
-23951651
-14709592
-44496224
-68997307
-29677949
-12468986
-2802258
-18302279
-115203229
60247488
-91570403
-50020789
-75207333
-25242409
-8675266
-55235397
-84298370
-61123150
-78928359
-102304724
-36083755
-75912909
30838895
-14605799
-91972500
-82194571
36060866
-158455425
-17754630
-2542533
34625129
-223039523
-13711735
-113272413
-37011536
-10002321
-6607652
-52518374
-87147990
-98167060
-135843476
3292554
-101448885
2665311
-42930911
-66610650
-110999033
-15566066
61372282
-62545177
-101486549
-44496636
-18848307
-22230889
-10215140
-145872292
-54607988
-82742053
-114109630
42879954
-166605817
-56179201
59909961
19442847
-93551641
-18274949
-6660742
-80111416
-68038935
-4673512
-47661232
-58116661
24512725
-113295068
-101389163
-50174480
2598681
48026196
-133898791
-20294942
11557347
-45527563
-16938810
-189986026
43586744
-59711910
-45691681
-99999849
-22936003
59929158
-51793735
-154884774
11780531
-2540292
-88834568
39315934
-16441079
7157813
74926559
76752523
-66254961
-24746084
-34517079
-14889198
-92372278
-89476878
-92468464
-11573739
36903029
6090924
-41606323
672874
-18423996
-34109023
-55510556
-56631548
-87832102
-55438688
82956955
84259824
-6901516
-46480919
-19624675
-81315107
63360012
-59227085
-114585714
33612479
-47827329
-77879271
32147511
-120802336
-105414620
21298841
-52631518
8180268
-39414781
-76410932
26048289
-45196209
46085865
-63051651
-1967138
258732
-45948050
-63587192
17170196
-4358575
-8825740
-64076765
-92472510
-63431530
-18302653
-45915998
-162245377
-96002956
-75015003
7210005
-5817332
-10780572
-26520860
-92341657
-68356987
-41929711
-101361623
-57900782
-38585601
-38900969
5954187
-33686620
33254772
64524128
-112016114
34536048
2608715
-70248180
-80311755
-2838188
-11474410
31804111
49070406
-75270995
26677148
-99758989
-45639835
-65658387
-32284013
55991428
6513905
-23482696
-166356292
-25333311
-4494464
80583468
-76502132
-89101317
-68287083
16780564
37139797
-88212771
-73569125
-111077939
21044277
-68868313
-99460340
108841022
-64023600
-80819338
-66364082
13679205
-10819472
-8725569
27044635
-53050892
-9820665
-44782719
-69392750
-51470552
39644199
-87699024
-42817568
-80176916
-74778621
-99389643
-87732858
29149396
-1898180
-45646811
-52086943
-54425553
-57758392
-23562348
35304530
15651808
12873375
-104725885
-118645919
20396799
-102040361
-60148360
-56907575
-35628106
-60515979
-154237294
42603780
41616282
-32093163
-38884295
-37334063
41670524
-66582157
-123199563
6413041
-40649033
-5755605
12968907
-100628743
48628619
-46856415
-18487487
-117793797
-38489476
-35446429
-15925068
28189440
-111956671
-59661121
-11017030
-75506504
-35534367
-72713065
-19978345
-81689469
-110147466
109635077
-35697309
-4821487
22300895
11210118
10824548
-129023930
-41116326
20685292
-128259793
-99083534
52259392
-39020697
-122135753
-22354253
-82956519
-46348342
-79491390
-28009006
-149373383
-94114760
-119677511
-8595496
-9022132
-30454876
46888732
-110016684
-59041799
-108030317
-82551460
-93415986
34067739
-46227189
-66172815
-4523270
18944326
5683861
-23653204
27510411
-21725320
-125282099
-16965711
-27740243
-73215708
-93015625
-26886789
-11342919
-33966699
-67093030
11559163
-82245157
9673817
-17190220
-18933753
-23164300
-94522227
-14831197
5699688
-88285255
-54930091
-121523806
-69704824
-84544249
-8595964
103250855
-83966095
-79600513
-29339434
-42778337
-120741763
-22470072
-80301578
-180509774
32177726
3146558
-67662641
-45198383
8317748
-29219259
-105081450
15159047
-45724770
-65229203
32763228
-7873427
-73011668
-46952492
-12643392
8539655
9063749
-6748059
-64458017
-45278376
-82114445
-96248217
50490865
-124745018
15209381
-23734681
-159422797
-97607864
12613015
-129615536
-26521777
-2126498
-25162064
-103611916
-39307041
-73988706
-40010094
-55717654
-11664019
-64437823
-53159103
-50609374
-22453841
1682324
-87053366
-98077033
-27021887
27140054
-2661631
53777627
27923068
-29173536
-73525500
-58964688
-16219473
-60615372
22296829
6737188
-87434969
-66923515
-31434232
-197636373
-90373648
-26150169
42109112
27797582
-147626265
-1052872
-100554434
-42238400
572113
-32116836
-61895379
-62144367
12903267
-11580411
33115162
-94469419
-13642915
-27412896
-7067806
-83672692
-37695887
-90570706
-47788634
-59002489
-104625747
65436387
-115772181
-49939927
-23135069
-96962597
-135693454
73718151
-5766979
-4364706
2110092
-25052621
-21316270
-100537178
-34375789
19864678
11361482
-69254667
-43627329
-43270367
-104161033
-32763732
-60128207
-13998247
274735
54463847
-146806
9044548
-64848570
-58774840
-67718357
-33111680
-20745393
-81227113
-22607222
8883152
-9074850
-21124726
-65487839
-41442822
-4381252
-71910447
-5309261
-32641059
-70464115
-84126009
-131120829
-56619456
55938089
11412386
46061969
-129301949
-52643915
-30478513
65749710
-64526425
-48535410
-52333257
-23827696
-83568917
-116629068
-72574049
44598504
-60730856
16286024
14075317
-79709747
-117536931
-52011844
-6419606
-131466186
-72722900
-78389697
-26929881
-97662429
5461790
50662674
49434661
-25919112
-48162648
-58767403
-5018469
25532483
-55452634
61756617
-134774159
-30217279
-124120732
-105351301
-23892558
-24852995
-28903256
14732512
-16207792
-110776824
-21754589
-46458154
-69022366
-46038778
-122467773
-112105913
26131035
-174155427
-41557111
23566673
44607090
-55292733
29821767
-70358787
-7911966
-61457308
-4066450
-61689209
-7587019
-37848852
-25758663
16260103
13117945
26870379
-45305746
-123201308
-19986568
21110690
-37246012
-84560443
-93371617
-31791105
-74441650
-70739613
-17245543
9499867
-66973670
-34126814
-93049539
-8748573
-75687941
4929778
-41180651
-80623797
-134111488
-79166
-111265500
-105968519
-87129012
-87169237
-38632907
-32784668
-36874841
-25035017
-131173779
-138275664
-83447863
-95358635
-66423400
-141365506
646201
-65371336
-52886308
-65954157
15113492
83395811
-11749006
-50985736
-74702460
-87227601
-147709998
-97422596
-62129076
36111904
-108795405
-18420940
-111727970
-21741908
-62304481
-2810637
-51752043
-141377875
-37618346
29017312
-54714666
22879037
-98599561
-93301350
-22342600
-73696845
-112228452
-37979490
-42962619
-25616487
-37926832
-69200499
-91324800
-46100718
-176176471
-28115574
27415453
59131126
-18145612
670127
-101410934
-158320818
-107562990
12290271
68690931
-80322413
-8639112
78807414
-27026376
-79172484
-6256136
75023661
-105103928
-10621866
-116627688
24099614
-18539650
-51465423
-1405428
-22854740
-15009705
27402650
-33123754
-8383832
-73308349
-125451745
-134043469
-7895774
-162958052
-36986671
-127404581
2502247
-96941661
-150113765
-38283312
-36109566
-39012761
-9492958
25539484
-6192255
-88066257
113516075
20315393
-80774073
26555208
-90794120
-34506969
-56929176
95574138
-36207375
-95265714
-18458992
-87611167
-53366513
16014681
24838460
25467225
-183325108
10353374
-24487156
-25449063
-46864632
-5298440
45466931
-12707247
5193323
-22241426
10892829
-58273741
-76598371
-15599183
27198016
-5372520
38895988
-133094815
-59224447
81886978
-60245142
-148398009
-76265611
-19543331
-97029286
-53330718
-72870828
1052672
-11114347
43253786
-117887950
-59304868
-58116558
-16513753
32281758
-26130815
-211936563
40771421
33962546
18745580
-1547948
-40648387
36692684
-25582489
-127577352
-70150470
58424798
19893324
43416960
-43232324
-74266197
-101639350
-103298263
-61718815
-38811371
-106908136
-43219134
-53656158
-44570244
-58008020
14600282
-47042833
-76305902
-81670313
-32843231
96495562
-12813871
-9435928
-56444824
-9828356
-5067530
-92837545
-98621594
-44598156
-81629891
-34357156
-3365343
-44525378
-10497858
-28325984
-37907894
-13214759
14200860
-57579527
22885034
-49004045
-49791681
-125759498
-8908682
-69268328
-18151921
-73722709
-44114044
-112927327
22364753
-5191285
-19187190
-96254239
-44489452
-14033498
9472385
-93114294
23030960
-123447866
-921980
-56259592
-53254526
-28596425
-61835381
-27860408
-140276456
-26768229
-29730628
-23690067
52027320
-11341262
-130091578
2173051
-42239096
-64958592
-24713804
-56328827
-40573067
-19407826
-35093882
-115447796
18089620
13265285
-1293917
-95113984
-94808126
-117467977
-126484234
-167145354
-69658734
-21063935
-48078454
60061804
-27211849
-27921342
-32716395
-13234045
-23850212
-106096704
11566774
-43168000
-34677031
-31059077
-54440633
49697048
73236137
-44972773
-2503558
-78923646
-38622471
-45741926
-61060062
-91472927
-6057942
-77796979
-89285700
-54613875
4690051
-73332491
26645755
14518376
-36321335
-90933449
-1280072
-61988805
-12890315
-101295452
17984059
8385652
-128354662
-41122313
-36550725
-81392778
-42464244
-91446657
-39981255
-108617468
-126396138
87480810
-325825
5751587
28081187
-100812928
-62932530
-111929430
-51468587
-5335828
-39618022
-86913430
-78256644
-134287606
-116044133
-42544610
-159537387
-107244382
5328711
-39745671
-128865227
-26311544
-93280879
21299087
44538725
13822303
-70489844
-59505500
115729701
-98559120
-137529138
-67065909
-81259339
-39053847
-84029851
-58598892
-66530507
10930750
-118246489
-13570586
-112711328
-9946186
17726944
17783743
-14749205
-93722535
15650585
-86785680
58392660
-33791418
38290869
-69298670
-55703998
14732905
-88819971
29046924
-41777446
-61479155
-117998465
15856484
-52489670
-58204468
-114555143
-9860196
-42963967
-96130109
-15124169
-82540084
-85891935
44751311
-56079870
-85043578
-54148409
-32219760
-721520
-628534
-71789877
-31951126
-71933758
-67862581
-38560675
-88889605
-10612308
-50505900
18463008
-17347086
-56420266
12015079
25728212
-11531754
-10285354
-124685774
-88164628
-4791536
-34976664
-45720475
-43256328
-79181065
-25767095
-101899834
-9682360
-69510325
72747664
-86119302
-138349301
-5495600
-40293433
-90034981
12213178
27359409
-9210139
-29406262
-31296369
-12168436
-73465716
-23440612
-26126858
-32830345
-52360433
-12845280
-76086484
9872652
-105885832
-78579767
-85462172
-86230889
-139107187
-22209636
-78047632
46504885
-95927479
-49127426
-15668565
-14063520
-118647494
-12111334
-48445627
-8499777
-61266334
-68817268
-156696202
-33235797
-71845821
-35867849
-95479500
-21933660
-26421110
-55935453
-55420395
-111874857
-88554450
-72064727
-35541706
-35589476
-17800600
-39202226
20702696
-90486567
-39562028
-34948772
33491625
-30113348
-160587020
-12093630
-47518638
-139981809
-17471075
-96708427
-32676456
-16467018
-30614935
57147427
-86831160
-62573741
-57037956
-30278477
-57408947
-28396342
-63376434
-53007668
-59859224
-55990466
52948434
24730945
-119626409
-28798314
-93664925
-51467492
-36002541
-9629768
-124011223
5125499
3660627
-28185969
-37301633
12877142
-61126719
-46928783
61700993
-82425346
2714835
-92099176
35767579
28726159
-45100111
25877758
1640124
7279552
-30114466
-7853386
-24642014
16546370
-109814532
-74406187
5468932
-81626524
-37337099
-61810596
-34262508
-59311709
-24945970
-87720140
-153215972
12074302
-90923248
-36760778
-116471406
-19658858
-32472877
-83841652
-74145884
-111481783
-32217879
3263902
-7698837
-87348446
-4690958
34240613
-149310274
8411597
35496193
9002112
5760180
-52982593
28268898
-48557180
-60180299
-45101533
-167609235
-110562377
-98022867
-19854859
-72989438
-198544423
59192661
-16107766
-32242355
7440915
-74046642
-138844931
-65337854
61026698
-81281291
-100022042
-27778445
-55280623
8287656
25238639
-22683244
-130432774
-173626732
-62721038
9396240
-108127749
-39491130
-52388644
-144588817
-24052549
63788256
-25610869
23460847
54026551
-14637480
-124453414
8869348
-112599038
-134809346
-62750262
-103726749
-73610883
-114551570
-96006624
724374
-72605885
-48556270
-35718958
-52554818
-126802394
73717545
-51633922
-106545789
6094630
-45887939
-125546959
-21656029
-231991553
-28746005
18244419
-54499159
-24616599
-14136330
-18690531
-20690490
-1937536
-75236065
-67177944
-73971786
45537411
-66041173
99569061
-162797798
-72263396
-47988711
-54997789
-17170844
-27668722
-21694863
-82703872
26950110
-55169043
-68862554
-58101335
27484747
-40323529
-91835616
-20719343
56390366
-28765615
-34586947
-103908865
-82057113
-57042783
-14545899
-69028828
-139258229
854669
34228556
-55057625
-50970176
-117942187
-106545604
36842276
-90739655
-60175267
-20720741
-94964387
-104453076
22549464
-9180016
-12254160
-161705216
-27223194
-27936765
-75880957
-44628780
-136855194
-74425550
-117030666
-123397902
-14607918
-125104771
-173356371
-71878074
-4914769
-28213069
-63621748
-12592783
5022446
115080465
-27291854
-17438531
-86840651
-57116240
-14464263
-95962387
-93210539
38577864
-4866146
-64957585
-66365541
19424840
-73477192
-87992401
-23954279
-38323443
-85083816
-65206144
25149066
11666312
-40175413
-11461389
-91021268
-7861983
19036707
27613259
-3772293
-82024428
-94185997
-111585038
-49380819
33510642
-157185483
-19810622
-22991011
-52593600
-18631973
-73853211
-51329327
13442689
14100687
51569874
29909824
-70318144
-112334341
-51010113
57617253
1989778
-48559499
-40920354
-100298868
-56965699
-74868592
-106889901
11477674
-46879695
-52570168
-58049195
-73990102
-69417247
894536
-110032095
-2026695
-113589229
72898745
70468922
-26772487
30833676
-70788558
60815447
-50656692
5525695
73916834
28544399
31152708
-112021005
-118167103
-64769876
-86424908
-50822006
-52124748
-45967662
14860168
-136896924
-65160424
-48727402
-82929034
-86525186
-120072945
-33063492
-32212690
-64114688
-78079961
-55441537
39223634
-62425669
-13330679
47139945
-107912458
-39509233
-62808937
-55115898
-79252367
4986216
-90025442
-2703709
-90225221
-38870438
38084466
16772548
-26929182
-134855176
-43900082
-63662576
-241150785
33609757
-53030369
-135819962
-31121131
-133097383
-41155736
28012300
-89057865
-119224283
-77383130
-5849295
3345517
-17068767
-8283264
-60520921
-36827988
-35536229
32550692
-31137740
-28195499
-77142311
-91123116
-39596835
-89985677
22914959
-93511
-39477297
-15177519
-37518368

-6965707
-48158029
-123332468
1495201
-52720609
-66195356
31000997
-54036281
-34803783
-85326802
-64941379
-11402371
-33854627
39304268
-12246063
56476906
-61692806
-3403885
-19119757
-96378693
-37729275
-49804772
-56230506
-89734275
-73378497
-27924809
-20726020
-99741299
-39433044
37205798
-80761748
-38496870
-16886934
-68294127
-35557643
-63615720
-91572411
35600798
56534191
32180294
-24884492
-30474236
14292820
-88729926
-133600134
-18469937
-58144257
-26906273
-47332116
-3179354
-90048973
-42308266
-39029303
9293053
39523201
-12502768
37821833
-25092481
-25019770
-97792021
-106932299
-100986275
-13714991
-34466332
-73375816
-39876936
-81858099
-101120171
-102991694
-53217515
-119004444
-95536457
-14185141
-136165442
-79005260
-56786540
-54925789
-18598300
18022248
-43256783
-58294633
-113768959
-77652787
-21628417
-58330115
-8346803
-29701784
-27739328
-121131669
15841631
73032403
-75147838
-32896420
-110850594
-55455262
-151682594
26537196
-171502677
-99351661
43597880
14079553
-33209989
-43826451
-62407361
-4888612
2014837
-82425050
-59145975
-40833301
-3703008
-81181317
-49855342
33059563
-6226348
-16158341
-14684906
-58464146
-86191693
45452855
9294340
-76927887
-14097259
-928697
-39665830
12096785
-13506402
-44196943
-66287601
-102718298
-17139861
-14722335
-65457324
-9529134
-94710133
-61635122
-40581114
-23300683
17934722
-93223142
-62551556
1752308
-19019724
-112186481
23141415
3222835
-81321484
-51578754
-6547485
-90832605
63883275
-10460985
-46779289
-39093321
-23650969
-63973034
-83270381
-24844065
-38082097
-21633091
8819321
-44812121
-25094661
-77171685
313755
-95692019
-33416943
-70228858
45807534
-33291074
3025587
-161236480
-85434271
-69751940
5563855
-78105387
-82643155
-22017246
23842170
-48734562
11383970
-16485349
-120965367
63537168
-20912577
-81059744
131770236
11309939
-159098121
-49930880
-115162086
-10248316
-91935409
-83532707
-50116913
-67419431
-22719958
10910406
-50991121
-102997095
-171030496
-26880804
-68350500
-7986070
-11957579
-12794165
45454993
36586894
-10596587
-61881515
-100805484
-129283707
-113040574
-47610891
-58513549
-63456974
16763500
-34683745
-30258593
-79059590
-32422970
18013927
-48124460
-94251023
10073538
-81129215
-8084134
-133853832
-50676610
-10070855
-82130841
-30780392
-61315522
-29302976
-45433491
-43109645
33824092
-21888316
-24195263
-3794722
-51309522
18279038
116217096
-37761582
17816936
14453406
-116200294
50411417
22192836
-54430490
-61227064
-19665817
-21655022
32930528
-16368117
-110584033
21545853
8355691
-127462310
22487437
-17240906
24515965
6331015
-72337915
-4553064
-144665426
-72343075
-91284644
-106637639
-32032567
-63352363
42604584
-122489018
12133796
-42497640
-23594302
-72207336
-9146906
-120234410
-49235613
-114300721
-68380812
-137767461
-69569052
-78094670
22308280
-27154976
-43161672
29881634
17769283
-81636065
18391157
-22177491
-2226188
-17705816
-47251544
-63835853
-117670215
-17333664
-67796018
28602398
-27619137
-1934023
-45297509
59666530
-69965441
-92233342
-14231577
-56028609
-47263080
-56840871
-8186420
5555
-56706644
-150645973
23287223
17439337
-27657854
-29309279
-106088016
-126794481
-37556848
-68144030
-146443960
41264184
22946248
-98784615
-73072838
-29564214
-74065302
-30725125
-69376386
-2208501
51956027
23591254
-58834554
-54196292
-46569937
-93619116
-37398843
-2065747
-51585385
27024048
-102000179
-64169286
-27337582
-115795049
-86843129
-121940952
-60283103
16707836
-82285151
-64883587
-68060501
9344994
-48038409
-87810200
-52754501
-36661302
-46306386
9871225
26468193
-15465456
10895641
-128182542
-13821508
76632126
-8219528
-10620088
-66060734
-119540678
58725987
-11346955
-94086754
-52307865
-44803175
1029859
-733217
-53857051
-35641488
-30279871
-139745433
-56928095
47683861
-60092298
-115907322
-70475614
30064512
-24899400
-108601555
9347893
-64882835
105991542
-106742838
-62153112
-103700694
9002355
34103393
-58477490
-26143720
25234972
-41109655
-53975792
-78044346
-15105120
-28450306
-57475254
24281986
-6550582
-87190865
-17553027
73234441
-71691135
-208195219
-68296095
40252651
-14423674
67257505
-43018264
-3440001
-50739349
-70580989
-143681695
-122034751
-34718383
13355676
-95586540
-64536474
-84066804
7770165
-34162313
1052561
-9241095
-26504830
-18950791
10601929
-40375753
44974581
39264130
20364921
-58305537
27460424
39832161
51189673
-96946779
-36883269
-138511377
13254752
-138684337
52571464
-80248646
-52332471
-26226628
-42274066
-85323907
23311401
-41870455
-19639004
25452539
-34416921
-69504833
-60871948
-49909149
-65201519
8551648
-52078681
-88145347
-93288689
-4232528
-101862314
-41342411
-121349582
48103463
-113023376
-24399496
22218804
-103687350
-85798463
-48915084
-28136790
3370818
-138696457
-39167643
-5303644
21556857
-201336468
-26187309
-95335383
-8749821
-54726600
-44937226
12449889
-70483109
9176906
22561451
-16352303
-77797176
13852085
-86618119
-9696687
-130015511
-52342123
-95765398
-51642850
-37329718
30284707
51018214
-57292140
46644124
32208279
-54433449
-6849935
-92052267
-69346224
-118975709
55042904
62129926
73880669
-3284845
-14840859
-4053042
17137572
21315181
-78372407
-73956069
-20704925
-41391780
18096978
-28846612
-98660766
-119112627
-55412090
-37534549
-69102456
-141801633
-15591913
-94080481
1868955
-19120822
-22481193
-43481370
-30725718
39549687
-89831172
-57012263
24518812
-93101912
-23681908
26723373
-56282521
-26068610
-78757661
-9995434
-96537523
24329099
8640250
25772161
14196944
66273283
-142006842
-52164436
-73828372
-104321385
-105587113
-50803537
53728116
-73088226
-105901250
-74670490
-63058113
-53688026
-18501199
-53762731
-41433604
-73835184
-28293597
-103250297
-33450537
66018695
-60403690
-972784
-67421615
-129634967
-102998202
60824648
-59433032
17843929
-114160917
-36927151
-12531128
-36753898
-113083436
-92439466
-59479672
17554468
-63520025
-83011222
13660472
-22092704
-145100552
-141981435
-90220157
11323456
-17764878
-11840219
-61353402
-60654101
-6205083
-63032601
54917740
80123301
-147972006
64812853
-60675481
-58907454
-114220160
-31854544
-64819811
-9201370
-13293445
-101486242
-66064397
-126444486
-1334132
-23835426
-6596646
80236976
29807296
-111381156
13918978
-61924566
51679084
-48931479
-129780859
-113329341
-111373976
-69542175
-142290922
40363392
-17276288
-53251467
-56058624
-35763827
-144461235
-84702068
-23450442
-65674980
-117195015
3552601
-54157735
3324278
-50102490
-94496773
-134836275
47190323
32706230
-87338023
-126242083
-58840730
-122609004
-44460717
-173350105
-47230195
-129869011
-54816372
-31695939
-137876469
-200404791
-27310032
-7393563
-105508307
31420108
-47975516
-83593070
-131229389
7729077
25537493
-4317390
-61472542
-35028267
-24250822
-110205716
-106322275
-12885151
-23549417
-59773056
-71749874
-131026156
-69081630
-77745756
-69663481
-124346561
-83959708
-1036713
1222843
-47823337
24916080
-22172022
-106474871
26381750
-68227425
18595735
-104638835
-21661763
-17907485
-9095332
-5139592
-39935417
-108846151
-94438519
-76033149
-23190627
-110956040
22654304
-145905760
-133217845
-127072293
-22380135
16022608
-11088102
-30577955
33401261
-118033444
-8870233
-34536585
-70478300
-101709881
99446646
-2809166
-33327549
-68962934
-39477565
52409353
-55647726
-94473363
-73253888
-55489105
-61137929
-67282415
31652298
-41489651
-11673344
53359472
-54643541
-93051831
-219691221
-90177114
5204995
-104841100
54593706
-31589014
-74078777
-17335004
-52220077
-107305100
-8186737
4224871
-70436371
-28624090
-88803468
-74462226
-52779756
29676981
-64777800
-92344119
56739061
-78567901
-117304313
-63609812
-107970363
53186377
-4085204
-176932706
-25994813
-87772537
-202698726
65314306
-70453147
-69267498
-84159501
-36101765
-35367859
-14382516
-52964476
-118725043
-72801901
57924252
-118186897
-41782060
13927020
-130602371
-5524951
-121008852
-31651154
20910006
-128049411
2722044
12844002
-96408378
-30064616
-23799942
103408359
73424908
9461707
-47059857
-105739948
-127309146
-36473921
-90119848
-18752634
21321712
2827816
-41248426
-85979910
-75171817
-22463819
-149103389
-59336913
-16114759
-9323817
-90655293
34043307
29541281
-12792040
-88829459
-105547183
-44791947
-48237000
-90805154
-69327826
-10509665
-79009471
-31776873
-16585234
-12152801
-49464714
-34532026
-87844929
-75728336
-102785209
-93497261
-56170303
-86633131
-68471511
-652156
-45423484
-67687704
-54917672
8858932
-33224625
-24608241
-9588168
-88253645
-4288286
-78026721
-85509799
-27337167
-38500018
-95137806
-35555285
1959241
-36394324
-37863200
-53406397
-80084747
-97357462
-66148508
-165816096
-98321763
-1501617
76580389
-2481779
-24024636
-61917090
16901902
-66077658
-98927381
-81916120
-12598435
-53028813
-56012073
-35835509
-33056133
-68923180
-124774435
-87690456
54000476
-10360347
-32109407
-120010803
-29350970
-115280005
-50400970
-66825738
58070933
23211621
-114692046
-19761603
-81717991
11478071
-99159558
-61826998
7937951
-148959568
-33298718
-108904453
-123016429
-26999202
-70572208
-74054758
-34438677
-72318446
-126997431
-9881881
-35896174
12720257
-40161182
-143166575
-75637181
-137756509
-55912259
-12153611
-75232640
8125037
-40862725
-60212058
4537296
-106496013
11373969
-69769860
92286573
-76596264
-19100997
-49680754
2428298
7002073
-32052238
-95657172
-53850571
-49137726
-103017189
-105822191
-28113192
-135687025
-40456732
36147934
-23914999
-59609911
-14942225
9794557
-67226090
-79408663
61071869
51368182
-9510154
-57262459
-26302942
-47036991
-78796707
-947206
-61331709
-4398270
-90331905
-37661519
-85124620
5198738
-73025682
19136880
-74514241
-95923570
-50995278
-61505279
-26416407
-25155647
-49726050
-49847177
-62600785
-128613911
-35605087
-30336661
-69849627
-37229384
-819836
-87063017
-12818273
-103151774
-17709630
-76445871
-54574775
-107613565
-5471853
117816774
-119713245
2078064
-135992189
-39008306
-78980098
-81101449
-50878663
-96236426
-14117005
23624445
25071032
-6238633
-93796038
-142962825
-75103296
-6540062
34323507
-98972505
-102104277
-85148123
-19697367
-7712911
-7627684
-80545149
-111568355
40858174
-60747441
14084752
-58469387
-33103983
-49155541
-45398535
-46362752
-26286053
32369163
75440395
-104525024
-9285052
-123951003
-35522650
-124676125
-75919031
-66167633
-42434738
-11989220
28384680
-7309382
1514764
24170941
-6666835
-60286910
46788210
20555004
-47735389
-83633307
32812862
-4407588
-34372796
46054277
11502427
57238082
-54002057
-34081947
8063653
18352806
-60480706
-95938709
-47000446
43086957
2038854
-183597901
-56819646
-50029523
-1534272
-68669923
-88355176
-74638114
-78920427
-100774314
-128381494
-25571662
2160393
-27921284
-79555114
-40949920
-89691551
58419281
-52264127
-28890595
-93589040
20222386
-18388998
-25613774
-75670645
-97080290
-51461155
53361350
-9763918
-75183174
-113760405
12728223
-11138200
-95634827
-2743653
20655437
9896724
-47596758
-60695932
-10659389
482442
-33822796
-49758490
30159208
49568937
-51802211
15182984
-92204136
-48034356
-22418253
77521665
-30829326
41244338
34985984
-77979200
-86130400
-53115241
-53583639
-28026813
-12748427
-32384636
48041050
6156141
-7199604
-62343174
-32508238
-151754488
36058633
-68822399
-108488915
-18575050
38773739
30421145
99990845
-148547223
-78536946
-16898613
-41491996
-23583784
75759423
-12090939
-82625645
-12551041
-45457186
-43979318
-26807884
-4224148
108427235
-103765836
-3039039
47127521
-35019902
-95528085
-62385042
-64759935
-79000286
28791325
-10361141
-26826099
-79253239
7602252
-95966842
-11318487
-105219617
-16019544
-14378461
-57491311
-131960853
-11628148
4072946
6499033
24985198
-123006403
-58805596
-138644337
77075611
-77454442
-42754748
27004966
-90343371
-149069969
-3943504
7582507
-40119062
-15255016
-50630272
15968722
-41270593
10909082
-33374124
-87634031
-76804675
-66503667
-46452941
-113411183
-44765176
-29355185
-15457770
68728520
-56158794
7314155
-47158294
-14869180
-148761644
-99038664
12931793
256177
16755818
-15741855
17555837
-82470832
-153822653
56019225
-15705699
38690874
-26758846
-14464919
-68312501
-57659572
-51994482
-22319422
1307234
52427422
-151740020
-64163117
-46833647
-828908
-48902358
5966748
-51363883
-60039035
-44210038
6646363
-12153678
-76060378
26269188
-90529181
-27789457
11965789
-32993752
-34401567
-78684671
12645432
27504143
-112287609
-51238908
-1089000
-2200010
26787126
-41669532
-52151020
-64060925
-25540106
-47783280
-81486942
5133677
-47683849
-19871480
-35421218
4170327
-103660326
-57554259
-21602972
-131964355
-138346109
-117186659
-69677986
-90434816
-107621422
-87938724
6327879
-114843329
54928832
-222944750
-71599997
-23451159
-63578499
-25611643
58328748
-219278894
-91888042
23491644
-36147563
-50502146
-120723214
-27774372
-32806947
29097514
-60332304
15742871
-56394112
-100745342
-64743324
22623499
-34593046
-60311096
-123043197
22144444
16537653
-78623195
-78466660
65254285
-14769918
-78806396
-95562016
-25544786
-38008564
-2456523
-1718879
31548658
66998271
-72674044
-42154216
14633930
-48368195
24433111
-9581658
-76222462
-86417684
-26322994
-110104176
-5098040
-2517290
-41041270
-96663070
575381
-47607293
-53565955
-13480198
-43268161
-69744092
16455383
-49830642
27594579
-30846536
-56996499
47305820
-56627050
-74429926
-115117843
-94868833
-53714278
-50348973
-21436884
8599119
-12261159
-4403674
2776709
-38496742
-3763360
-132717489
-2478292
-81738103
29498413
-40185349
-168739319
-34338424
72784
-49249168
20718735
33256980
23232330
-81342552
-82873272
3399183
169588
-62883369
-58070085
-115566803
-84936794
-78531114
9708914
-59388275
-41618049
-60436958
-35820994
-116433220
-105590483
-49096767
-11663608
-172056997
-98018391
-73940864
-6996333
-84141371
10327688
-36184638
-13964396
-15007443
-177485306
16244843
-5963291
-81540408
-100880484
-107963873
18292767
19324263
66230456
-4559073
-74686697
-59134808
-85043205
-51126656
-116772811
-71405621
-52374870
10278894
-70255905
-118263494
8678250
-120426083
30067469
34402430
-40499269
21713489
-118626580
-25552047
45470087
-15353985
29763887
-70195398
-27316906
-52785795
-43056017
-58521305
84780111
40561091
-33087805
-69744510
-97671982
-7126414
5543793
26799283
-148208284
-44138215
-20963111
-17785777
-13189979
-112518320
-56595946
-6431771
-1027148
-106242574
21097866
-3190589
-137621093
-138719520
-27086625
-18697784
-49113293
-72367503
-875767
-78782721
-75491198
-56694269
-104037425
-55708245
-71246941
-93626359
-125840107
-63147964
1551665
-29313897
-29149526
-66303981
-100418309
-39906712
-57938291
-121447853
-95587399
-45735532
31227398
-146372703
34662106
-91093952
-34515641
-90675309
-1168725
-116028211
25332072
-31177375
82127771
-71516568
-40524670
-81857312
-143369335
-22659246
-28186695
-48743074
-52045484
-110614990
-46215165
-154634950
7848351
-44453380
20789216
-2424875
-82987843
78995411
-2870278
18499452
-49637068
31819369
-85609379
-75154353
-36122232
81486400
-50421335
-46228247
-18010589
-96711084
-90211749
-54538999
-123710179
-35479034
-116906593
13440165
-12168847
11928706
-123485910
-70566456
2296711
-65165880
-80761771
-107122535
35832508
-68812798
-98348809
-70249977
-66035944
-145521313
-93751621
77325017
49508704
-47374699
-112895381
-98041276
50673137
-74857117
-10544593
-31932965
7899058
-25652009
-42696252
-98794365
-72676848
80181215
-65925456
-75955777
-133589482
-121009512
19867384
-40222721
-16051768
11372874
-51579975
30580474
-31785517
-17578991
-105766720
-40568657
-35833972
-94195984
-62461241
-51872118
-75841091
-53295300
19526578
15123140
44959946
-33042432
-104742982
-5544001
-18554502
-66708548
-97754350
-89122485
-93944471
-31508601
28543290
-100109257
-33724698
-41523468
-75538270
-15792185
-37225417
-54525360
-99392523
-242109741
-66553665
-42606125
39376664
-78544389
-45683040
-1652356
-65455677
-50262236
-193121871
-106472439
-3123622
-79390973
-20952430
-79565574
-71353999
-1569852
-11398686
-29439610
-30358816
-33411547
-50290135
-38761673
-67444968
-31298495
-59019892
4427937
190006
-89125419
-120144730
-56804884
-113395014
-62043946
-40188341
34215450
73459954
-23131296
-97265019
-40746251
-47818039
-39973968
-111628579
-13815955
-67004230
-73661145
-77461317
-84100098
26945942
-108130632
-102774965
-54788623
-27538283
-16398900
-84455281
-27978806
1879522
-79362882
-72466536
-114428244
21022096
-83202091
-85522984
-20267893
-7770633
-12570791
-48468039
-145511820
-56417873
-1025353
61094002
-47250365
-112067449
-56387477
-150739595
-117742615
-76636873
103047650
15775058
-97429281
55066175
-62817183
-112945968
-64920786
-19065779
-104151167
-25887748
-21871114
-128879625
-67210567
-68956880
11293377
-3252843
-36025064
-60833460
-31651312
50193729
45370841
-4598131
-60038808
-92654902
-59365628
-47700873
-57676402
1538808
-6478652
22119296
-69644406
-134087954
-32154208
-9611155
-46915467
-22778327
-40698743
-9096193
-63643133
-2944199
-36121953
-133850708
-35647621
-2675006
-121917683
-41231022
39320604
15688114
-51054829
-98724598
-119959642
-105557367
-42803237
-24384993
-112402415
-98639448
-122882613
-127659108
-47572341
-96767964
-22473567
-88822043
19307488
-52123076
22607268
-90700471
-101674696
-106700976
-150738530
17364967
-33631924
-92249640
-96909466
-66333607
-6527347
-51708079
-73389068
-41674142
-67959691
-22867890
-100379567
-145568803
-5567836
-50302069
45566719
-42711405
-76698292
-50048912
-63932555
54657646
34027538
-111819741
-56350568
117965171
-18196838
-79527726
-151178990
4009387
-26950205
-101301878
-86933310
-62448739
-17454768
-145314242
-28986236
-111867946
-154858280
11007627
-47696531
19257789
18438371
2883999
16151773
-86106901
-57571140
14273060
12695191
-68314658
-33458
69580
21895013
-48171634
39492796
-9628464
-98075179
-101242044
-33428710
-37027379
-58084430
42867342
9367160
-13565916
-108997354
-26405028
-26594252
2880444
-48329599
-127599461
-108435968
-44331582
48936133
11870595
-34918565
-125680214
-5165981
-106197381
-83650665
-4262528
-96135489
5813584
89077718
-24802382
30686095
13203698
21494798
-22249890
8244309
-28623206
-46853712
9142950
-139699840
16662299
39195065
-25117208
-10679474
-28811212
-45818097
-127445686
-62851028
-86326682
-17345092
16151555
-91633001
1247218
-119399009
-77719016
-40410817
-55921371
-52149332
-26420309
-136763321
-30785976
-54579196
25260257
-26031276
-99172917
32114053
-98042507
-88260125
-98897651
-103686786
-57722683
-125572109
-55279018
-58730093
26773198
55272958
-19912035
-83681026
-51454738
-29690176
-50091049
-67260546
-9947594
58153789
49247966
-61177649
-142380592
-25546917
-22202607
-71976170
-105665141
-35044828
-100352665
-129506349
-138866290
-44360076
-64738298
-27736785
20204412
-75059286
-35448139
-85131311
-6837699
-151521448
-82030309
-17576281
14591656
-78978587
-3663717
-25233631
-68285068
-33736561
-90562457
-63361903
-22116401
-70010408
-85098471
-14218374
89603503
-62406815
-67414496
-62584009
-55088246
-38171890
-12090583
-31293003
-69413522
-35834007
-50016356
-44571581
-166692342
-98429885
-99951613
-4282998
-32903921
8852197
6077393
-211257758
27313310
42534585
-39588131
21600540
17776058
-20813809
-33809900
-100016192
-3638521
-85075000
-34312990
-39801959
-19562573
-71521179
-131268560
-74559564
31513571
-32184570
-63265468
-68433801
-71923595
-60466347
-2299882
-29137215
9500455
62174821
-79792128
-102551034
-61557231
-9877549
2627385
-61735291
-95942657
-138996799
3210821
39526158
-109467334
-101127004
-59751599
-2484399
-75951252
-49230795
-26638599
-116517703
-3190098
2465546
11114578
-80341397
-58417244
6038166
-974525
72874827
-44963517
-7486648
-59911147
12994114
-21888353
-69324846
-14233419
-60592729
7536657
-95200393
-27360803
-16828752
42425886
-71543272
-3037771
48036153
-35973230
-137587165
-65192539
-42362207
39855141
-134219432
-33289667
-37607910
-8351512
-51604317
27871507
-127258671
-45101858
1232910
16977965
23995886
-58992990
-75509423
-31370650
-101839691
28249240
-27152196
-60552453
5030233
31789116
-25746151
14192180
-139028
-80298422
-89437440
36192166
-22180041
-45261240
-32795916
-18448734
-61120580
-11784156
-66509095
-76478749
-101271880
-20885513
-32716986
-26077576
-18337137
115391
-91381729
-125503624
-104109419
-169352397
55665969
-94644924
86447259
-109943327
-75541406
-61916843
-46696773
-15304358
70283573
-228606222
-82105550
-107227734
-42147873
24214333
1777314
-143561908
23480348
-25046850
137478682
22377367
-53737208
-67987117
-31462803
20758759
37738841
4312795
-137277173
-23794875
-6679758
-57418611
-7206863
-137802567
-116444760
-75967864
-48467881
2024414
-57813690
-8520093
40404186
-18521086
-61027463
-3984458
-78789231
-12012461
-117755712
50859869
-57113304
-6306631
8350108
-78697831
-82268798
-84937403
-110548655
-69723931
-95365806
-42221251
683791
-93617433
-58264839
-15487303
-52823331
-80141316
-24186796
28324730
56614324
-93739834
69901452
35455093
-14303868
-3468075
-23110530
-104287725
-52757331
2443015
-97104356
-56938772
-40629367
-65622368
-8474382
5343857
-18221010
-22148499
9617500
-72626395
-98355708
31145900
-41793096
-45493589
10190513
-96569559
-108232049
7798636
-126407020
-101857603
-64712535
-36299785
37911799
28844610
-106337637
-39366078
23150652
-63199060
-70339724
-102037337
-112894090
-23211448
29058549
-43720514
-18325427
-80546353
18821153
-3820006
-43920511
-56110680
-4186104
-68292647
-102977601
-44113500
-86099395
-125879401
-70312737
2039720
-22904238
-44640387
-56193076
-62162118
-48075301
-116064544
-72949434
-12465845
-86919082
-12202131
-51316173
-47702889
-32630455
-44848461
-41044404
13901632
-36860742
2994140
-126679325
18447185
82619386
-98555688
-77582563
16621122
25441124
-31713737
-5784856
-69969035
-106227712
-138299386
-39704324
-56144786
4527547
14119053
-80978817
-10785129
-43737763
7308753
-74535910
3379191
-55622023
-148808177
-1625437
-54595027
15915097
-23227174
-56267405
-81205744
-31504798
-108208819
35513736
-99881276
-35356973
-53269158
-64894122
-35904873
-48171403
-7528959
4450286
-56067594
46088649
296863
-59102957
-55933164
-58946445
-84405943
-10037913
21253178
-56803869
-41253981
26248436
65839646
-117385833
3400690
-25890459
-45947109
-66164647
-56856356
41319370
-77387568
-20936281
-85082593
57625754
-62735254
-4789249
11933637
-18312593
-127253058
-59893110
-29189027
12333751
-69284935
-41396036
5439057
-147149943
-157967203
-124944373
-62380432
15854030
-94187854
-79561544
-8419124
-150789873
-65493678
-13289178
57355559
-22419567
-67781701
-20035711
33168733
-4677912
10065128
-85581608
-117898419
-21278549
-6674354
-26498339
-31273600
-126849739
-4307836
-64241261
53078276
-135965462
-4659837
-52468505
-101942215
-45768522
3176612
-71222726
11059403
-8855043
-12667667
-47477693
-44441562
-43318550
-18456410
-2674702
-948671
-75525778
-76570489
-82249456
-135051337
-107332143
-47413205
-90446886
-47689044
-89900831
-100090998
-14630703
3228843
-19085856
24954602
-60060433
-108269360
-54725498
-70989882
-52068854
-5224794
-49689285
-93490621
-69656584
26578414
-70126797
-40004250
-23223012
-32496180
34193752
-5142789
-89538599
-49577392
-38102217
-312152512
-28610578
-165967521
-33581673
-30240579
-70526086
-142895996
-9969934
-111524891
-40081706
-88314788
-44584715
-89156901
-13198548
11841302
-88136427
-4280513
-43471230
-9647807
-59556061
-41160686
44699633
-8070448
-43599845
-8543552
-64365918
-36402622
-83249333
-83204703
-49016423
-58343056
-26416315
11459146
-6703531
15589663
39573923
-19919718
793283
-81626878
-9190358
63156463
-40286520
-17540212
-69597375
-68885281
-54169267
-138087103
-32801962
-10587072
31513343
-31013092
-139675999
-120762746
25161453
-45736648
23339051
-39506149
-61671664
-45295516
-216423
-55485152
-7330386
-58463472
22346095
-29631450
-80912275
-112897836
12454924
-21157216
-11715087
35174796
-97599552
5820544
3372419
-68002000
-122394851
-115293276
5658817
8173768
23968889
-65591714
-48669238
-26537075
-14361919
13400104
-65856156
3655479
-44626728
-21255768
-21387385
-155435487
-139247748
-112367871
-152161183
14709502
-74244069
-20432375
-116525718
-19556208
-16098274
-3671337
-50221992
-53163031
-2892326
-61639787
-4878363
-58441591
111456
-12982648
-98352363
-118957253
-45272357
-125325389
-78547688
-108522423
11048188
1457934
-55905958
-63990964
-42713401
-66080673
-19492759
89944639
19511442
-29808861
-80088155
-20189645
-27690320
25192794
44372772
15850411
-71079042
-52548175
25682938
-17171914
-150063564
-637118
-6423462
11935127
-109693540
42164101
-53027308
-41352271
-14386092
37636436
-80669474
-123907475
76580360
-35994796
-29394412
-18689082
-81716704
-8811690
-31662453
187665
-13711770
-86572014
-79323696
-174130371
-104132596
-25656359
-81717209
-78489379
-62467718
-25484821
-35168575
-1315624
16744086
-53546048
-3710897
-31825768
-165199264
-19387753
490815
-21289214
17357531
-118513722
15130950
-84775383
21163052
-57243308
94590015
-89069565
-69723169
-8645340
-34880517
-24476697
32257306
-60626220
5449597
32711266
-48599813
-32405802
-15474526
-7731089
-55555188
-31213850
24558863
-60580304
-5797047
-103305523
-16608123
-20099894
-105357369
-78571202
-10105903
-33057480
-38550511
-71336567
60133732
-86929548
-60247615
-12877897
-49593084
-58968066
-72678976
-14570011
-713236
-99121345
-33088552
-10118362
-66187505
-9821692
-111817104
14366515
-79495985
-31773906
-79500228
-13157064
-99920939
-52379416
4373671
-26656379
-58853938
-111668352
1195963
-80392071
-57731319
-2820377
78591041
-95384383
33518
15379962
-81301849
-57076606
14545730
-11754600
-37182301
-52462292
8311862
-132945572
-43233480
-122268853
39165097
-46675586
-3969378
-67195444
34681982
-88516045
-1353377
-36601445
9209348
-5007605
-47766357
19807064
-10147782
-24493227
-119403788
-106908171
-17066167
-83530788
-117607648
-60802434
-122796814
-54617968
-27966514
8207742
3706220
-31592196
-17024554
-48808333
-139076002
-29047796
-93780402
-12173676
-41049361
-75080571
-108176054
-66214537
-14861591
-68286339
-12900155
-5977669
-16721730
-21656344
-45838796
-88605283
-120189019
-26299877
-77968859
-36430881
-14347586
-123798599
-77193793
-18273128
19727218
-64590506
-97804894
26015569
-101082259
-57399260
16154864
-50871552
-36382335
46682711
-13942663
17377044
-55587187
-59607169
-23560688
-33243293
-37010055
-106365319
-280879
-86613102
11827327
-43209759
-88952974
-53861004
-124067165
20704541
-145748955
-53351178
-16306400
-158590167
-27292453
-76954831
-96453688
-121659405
-145000936
73851514
-66880020
-61100627
6306471
-93794319
-46723458
-3400265
6232224
-74358748
-6049770
-43674763
-72501838
-117498814
-85852631
-144174353
8028955
-44371754
-136520925
29189725
-46979135
-85258865
-56251976
89612991
-149634899
-24191837
-24360545
-39185357
-27071197
-58722473
-58568324
-66107364
-83486223
-33992747
55473963
-83752758
-97978689
-166326986
26123321
64071533
-137758283
-19064203
12250117
-30103705
-82055388
-49441292
-55260325
-16193553
62247859
-32615316
-88644255
-53825296
-23585315
-75786701
-136045249
-99115244
-84774158
-73426997
-49569521
-49321291
-61267291
-89625447
-100097101
-93973121
-99968499
54645468
-128814779
-50783104
-127033173
-28161787
-96735505
4572621
-136367577
-157804884
19047199
-78377334
-7925429
-31544205
-43595705
-13970006
-83727897
-32670795
-26387796
-40054363
-65638338
-38106477
-14792947
12431939
-14642987
-21064860
-23681934
-109085961
72700413
-117753541
-67012351
-146241802
-83601135
-49437754
-173338685
-7803160
-206887561
-57702832
-45315036
-102130889
-53043152
-123554084
-8273505
445960
-72394169
11170910
-39524987
-126304878
10092244
-85944628
-16962222
-70453850
16650811
-2314944
29830706
-104797388
-54806998
34060135
-87710263
-70348883
-75904064
-57327155
52323669
-4704993
-98993704
35506058
27048739
36794125
-42957900
-41548447
-69860513
-37811298
61362757
-122929016
-84260376
30559370
-25049600
34235883
-18842965
-139804972
-11565813
-33157291
-114578763
-79444638
-40498501
-81363626
-43252552
-94004868
-62738891
-56574956
8716758
-16205925
-23697796
-13459459
-3108483
-63853881
-79156457
-61918843
-67820556
-36579355
-86972335
-33994123
-5005441
-58983555
-10986039
-58781824
-64750399
-111395579
-16903268
81700555
-63124276
-62760093
-135277012
-60931589
-69182892
-17062371
46315168
-40795029
-12977897
-88065972
-20552750
-20201940
-86625688
-34888417
-54879955
-50211548
-108307083
-19238402
-25717932
23219375
-73670476
-27509291
-174264464
7473173
-91379147
-97459980
41573970
60336215
-16247586
-10944904
-124784161
-27971323
-72684497
-58311394
455516
-67875640
-21035142
-20652467
-61038544
-86747071
-52625108
-96288026
-127732627
-130574126
-91704073
-96550067
-217979045
-52911797
12284787
-110199
-50037303
22468062
-48658181
-35487806
-102645771
-75449662
-25785642
-49930658
-62553242
-112059104
-70864921
-123985421
-111986262
-87058593
89938290
-36457806
-51729290
-102493570
-22370688
-100872509
-81452057
-80816459
46876927
-6206539
-9150125
19519723
-38208827
-54599220
-63364403
-41230207
-93043487
-59891617
21859634
-61021867
-59425315
14435639
-16709136
-99904480
66726291
-73445066
-61709536
-38925380
-60534639
-16930667
-28636186
-25274437
7933538
-79774865
18996825
-61863884
30318345
-5545234
-28003588
46154509
-58266574
35754910
-63744509
-83160676
15974870
-37690076
-98243504
-90210694
-17358230
30169501
56329721
-172057856
-115845175
-126005681
-62177725
-25478718
-25951203
-56488626
58996104
90897527
-12248746
-28173711
27498466
-101879166
-85826392
27420041
-95840363
69525039
33092410
18779224
-43619149
2301909
-74466621
-100385476
-126065237
-50837348
-35410118
-51458143
-138638918
-65823709
-119073011
-14780252
-63222560
-72320933
-12171398
5094800
-81500142
-8390259
-96601302
-8444387
-74928646
-84201089
-85900012
33058459
-57633800
-26726693
4697918
-121585566
53157318
-71637334
-27475061
-6689074
-4826483
-92375369
-97005454
69863593
-15675361
-89740409
-50650367
-87448450
-91341822
19661187
-68095037
-71096539
-5034434
-10966640
-75049462
29592666
-113536026
-4474099
-42774079
-56123811
-91979052
-42915192
14737820
-13203016
-37729096
-19960569
-38922401
-92998955
4004205
39877205
-49069817
-87647165
-33502272
-142446183
15534713
-34814694
-57328018
-57578651
26044959
-39162960
-31438649
6619173
-49263492
52288566
16056209
-49633949
3372695
-103099142
-40516895
-25385679
-10446227
-45133542
-116314139
-16748940
-42320937
-31471448
-10190635
2319441
-26365086
-74446661
-34102987
-15087103
-76811330
-13795227
-4351681
-48920391
-4612064
-9847761
-31693203
-10627125
-34558739
-122311298
-70858227
-14065282
-71410877
11296780
74290867
-13684244
-83390209
-71059617
-122022128
-66982238
86646831
-19468368
-45241614
-69665003
57179817
20039321
-29327059
-92057495
-127945722
-33114628
-99614815
-79981336
-117732901
20545016
10544181
-140744412
-29293796
5227430
-56133504
-26942963
-88767269
-103228246
-100110656
-25088867
-91163633
-26332025
-46365116
-102244642
27581871
4370507
-635621
-89431995
-117834303
-32924859
15094019
-139844778
-213672106
-121247
3693694
38233198
-20576197
7406055
-9367145
-63239872
-58557101
-48814112
-41701880
-640360
43496333
-84801523
34523954
-23021266
7961033
53713764
-15942840
-44384099
53056048
-94211637
-31853013
-111927942
-23325895
-52503206
-83244152
-29462093
-42430576
-14816637
-55767119
-70857051
-41313046
-109258843
-2932252
-52242781
-28810284
-77723532
-85357426
60210739
-110546937
10159777
75901564
-67275413
-48627363
-79341557
-93642054
-32209136
24075907
-80301480
-68793423
-71779407
-60992430
-73501574
-32234687
-146961801
-74684953
-63990967
-51150670
-5816358
-12796002
-89319851
-84690561
-51892826
-58541603
-77287331
-37672683
-87891039
-66246011
-92579768
-44093900
-43937816
13367001
-77760615
30322418
7256080
-234327491
-26175638
-160251343
-47333147
-133231980
-29637234
-192324672
-6844184
-98939073
-50468704
-27602164
11807785
-72043527
-60271046
6739665
-7545633
-73689515
-76138120
-75598285
-113343377
-69347772
-38869612
-6634317
-7248499
-12160078
-142923253
-88789228
-56027579
-54119623
-104059458
9058438
-155276563
-69212981
-40809430
-53520065
-20505617
-110576634
-27063792
7826908
-105318260
-77458507
-63171742
-142986618
62844459
-51987996
6298381
48004064
-2599057
-65841477
-61885567
-39303916
-114397156
-77086925
2968994
15793290
-186354686
30018427
-23822924
-78621917
-33152014
-82470587
-56014409
-76254768
-68129008
-66763911
-21253963
62175559
-5500211
-9582331
-72478500
9358237
-15298408
36174058
-51529754
-48688583
-105860014
53787987
-54015858
-86018936
-84476792
-30487467
-3430328
-64516697
-42676741
-95962015
-41908067
-56233317
-76962292
14868512
82017453
31883109
-36169975
-48022133
-19079324
-23807868
-47852674
-59111623
14575308
18491186
-41885875
-109271915
-69796056
1616750
-112672205
60185903
-16411842
-77428369
-191290769
-97374710
-51078641
-5006535
-87032443
-71746476
-28600447
2528453
9360926
-2638638
-53932653
-52530602
-58887462
-29431079
-66742671
28042209
-18302298
13061681
-41536075
-7017668
-83449045
-23778297
-61124095
17400167
11507311
-28219643
-125264693
-79371512
-64869309
-40706294
-79049070
-99184027
84152819
-112300898
-93266731
-5966587
36687154
-37615801
-50944519
-37341413
-111980192
-67842234
-78209971
-34797113
-103787908
-38453176
46969046
7925438
-62582539
45557623
19655575
-106444947
-19617418
-97304281
-64546475
-32348425
-128259256
95524573
19699826
-85426694
-27635398
-74213030
4978871
18500998
-67681283
23745876
-79375092
-50104873
-20594906
54932500
5247083
19434550
-142623606
-116943042
-28293622
-51375732
49961911
3780594
-42503930
-87251995
17306211
-26824868
-845519
-64099064
-37141375
-79968597
34643471
-86386774
-51743232
3416850
-77632844
-7492900
18025826
-9036026
-9785948
-28081004
43704514
-111170648
-61727967
-7831080
-85390865
-74291594
-112154237
-104505398
4029764
-106014272
7233278
61411424
-66113033
-69050062
-37306465
48240710
37830512
35528457
-17710679
-20195957
-35126670
-113792324
2796325
-111970897
-66991218
-86713184
-3944737
-54891586
-6784882
-63187321
-52243175
44159509
16410061
9887776
-80082052
-4024624
14159335
-34557714
9142954
18089629
-44572356
-62608174
53255090
-86808533
-27533542
34080702
-28514994
33907944
-13304204
-62302902
-27188858
-88743964
-86066179
-70774476
-28780464
-114492445
-153642925
-78049689
-113328088
-10821531
-64229294
-103502058
-73925042
-119217881
-29932402
-27553715
65919843
-75709825
-6354506
-7871106
25449548
-111271019
-35164420
-57958869
-68426976
-39089157
8845440
-94303502
-124210966
-98867054
-56899940
-79141871
-40310612
-37462249
-129418069
-136293654
-3488548
19833852
-139103131
-72514476
-68187556
1511831
-40790007
-76266709
-10439578
-42652058
-36254138
-142186922
-65293504
-7835000
8027415
-78885053
58351138
-36523086
-23377736
9705243
-33041306
-15069755
7534558
-70391545
16702783
-143289577
-34695434
-18421764
-82125942
-33907700
-91922620
-123536425
-107740453
-44453839
16376651
-68537990
-58710818
-120948081
-123675042
-29414338
-91406713
-81975497
-156234472
-110987952
-141923295
-35672702
40688783
-53573710
-112491914
-92001663
-40485961
-44337060
-80330182
27484012
-33450150
-9416773
45200487
-74627909
-30642475
19456710
-84514384
-66938191
-58375444
-47976465
-107826217
-42228974
-32407509
28951669
22322276
-49487060
-70007577
-15432074
4114706
-64051415
-8398116
-56675712
-113074696
-10974123
-66569938
-5819973
-36776318
-52807278
-17235023
-29048586
50011459
-6002531
-31722744
-38446378
-43356373
2888182
-176272571
-2822800
47181600
24741982
-61423468
28127715
6699400
-111174555
-151397493
23366337
-77083195
-34509514
62578172
-1069139
-108400227
-52949856
2938714
-56848321
-13914430
-47807571
69566628
-21801185
-153983040
-81565397
-37270150
-49636907
23391345
-85986032
-47440257
-83527248
-135787501
21934298
-10116637
-84808599
-75139959
32793113
-81888281
-29136785
-92532374
15825395
4896571
-129385815
11879107
-84982925
15972169
-14631964
-16670263
-21983199
-19297574
-43125553
20926969
-108478500
-137943021
-127091831
-38100440
-38632675
-37281876
-58941120
-50804795
26220556
33465433
-83036674
-55749502
-47620791
-9474775
-74355590
53009429
64415475
-47919440
9780841
-46966266
-129573095
-52538973
-17992258
-83160821
2262390
-69165362
-4731006
-1627769
-91231252
-31989759
-6560266
-55492543
-27034814
67966447
-127439202
-44746288
-35304814
-75418718
-45542835
-102977650
-121375659
-42980146
-183416090
-16587887
-28402673
-111207694
-38193555
-56193122
-6857954
-74193279
-30531524
-55946784
12327424
9148834
15777722
43239045
-75393820
-56912247
-26641232
10548325
-59017693
-47668564
25905233
37184165
14251800
-79247910
-20127603
-68521047
-33233694
-46185942
-101996760
-45709875
-72938448
-89879208
-58814239
58595357
-12814414
-43392570
-26750060
-46648260
24765526
-109634685
23450794
-57611309
-27714312
-50588467
-78078542
62602658
-39828863
-69131041
-62810983
-126945857
-61950300
-55711377
-15747443
-103947749
-66623579
-209498785
-59805460
-141362055
-12758737
46148068
81436272
12574074
-106566614
-185407841
-79376824
-29428816
-52406489
8622638
-34690329
-36232574
-36579309
-35973067
-65769964
-621733
-157077922
-29091188
-1998747
-107490834
-11441179
-14023412
-62581770
32154084
-108119673
-57156021
30282971
-18451494
-86086141
-103621235
-63699011
44760246
-27957817
-11339238
-18507421
-25739538
-93639695
-74879416
-28250204
-131597417
-46853494
3315309
-109778371
-71670554
-78184713
-40476388
-210394178
-64124505
-115079798
4265679
-38355821
-94765499
45603269
-4355140
-32276179
22057086
27112090
-33458955
27116738
-51897218
15550863
-79724124
-153693202
63327834
-4564176
-15585476
-77696718
-74402563
-105540002
-40560433
-55681306
6032596
18135310
10969286
-1798441
-62898008
-76403809
-52800037
-68198341
-11962223
60029365
-9601797
-144482735
6910710
-75033041
-37888792
-36283019
32013806
-112532803
-84720446
947101
-5479207
5119054
-48446724
19452755
658901
-76994068
-45516793
-96887573
-129966816
-30838750
-109325508
-43270785
31496217
-28707051
-49322275
25657316
-83729539
-13473192
98293298
-37807201
-85370573
-152345975
12311829
1929728
-37986715
-33558230
-37003096
25326925
1422087
-82363480
-52199574
-75707526
-156051507
-108121230
-10407247
-104341551
24135946
14060920
-77165894
-242263282
-17542835
-36615181
-6602821
-98133789
20836004
-17107584
-50306029
-48208776
-124889766
-1115819
-99861712
-61121329
12397677
-54408871
-4973070
2573222
-63374263
5848498
-45468088
-130296889
5643680
2290835
53182334
-199821117
-32654317
-84458255
-54987632
-87852080
-43395519
41497296
-85719701
-91138869
-17587104
-52471013
10399991
45214692
-56656872
-43986270
-23949600
7290699
-1439272
-116177119
37937965
-24867205
27404229
-85322087
-8615696
15556834
10713956
-61196936
-76045420
19123318
-170499363
-19310747
11898120
-14237774
2616933
-40758449
-84388877
-13500668
-5135168
-16567756
-91624922
-27354825
-69337158
-38336871
-82242622
123256486
-64900583
33713388
-79260211
-31638743
13192261
-29927814
79238632
-49832078
9446055
-75384525
10691163
-83317248
-432308
-174436865
42227067
-5398759
-6617603
-81897959
-21055535
-27060701
-23806556
5408238
-8895478
-92313345
-17293857
-3516884
-113835289
-94422536
-62540532
-28392650
7631788
23851216
-26811030
7098133
4938290
-78474940
9943257
-154019016
-93573832
32780907
-223075574
-223079572
-31760453
-154455068
13892977
68788045
-100841195
-62628659
-66768266
-32968603
-50756518
-50473802
-8522848
-1444297
-78981328
-26783694
79838179
-35501313
-61458637
-97593977
-46465919
-52626811
-160341182
-77267844
-23728014
-68766564
-69290159
24538387
-95619250
-36630262
-104609421
46527771
-28795094
-56014655
-134677797
-120745338
-25166054
12464201
-65547403
-80549907
-86920210
-76943980
-28997137
-110357
-52295957
-125327354
-110142006
-35386987
-11719827
-139342060
-19530543
38983456
36262097
-98333334
4326088
-57466717
-37647680
46471348
-176301588
13146454
-8749643
-56250270
-44725281
-46742500
-74367014
-19169417
53448108
-61428266
-133292139
15082798
-5491829
-48248171
-20835615
-79096580
39201679
61087109
6125054
-28644891
-72135656
8211268
-64286633
15106192
-50750367
25554261
2763749
43728353
-31536473
-57531628
36040505
-70306459
-30441064
-81126124
-22622020
44839010
-57291126
-43516158
-44674491
47869505
-107792303
-72742183
-103647034
-83543578
-46289000
-13118706
36077320
-122244191
-79855890
-53935811
-78889930
-53142731
-102098102
-41390527
-91318507
28399823
-54864009
-316892
-93331352
-51391014
-106852360
-26702543
-23034702

-60907961
-162687278
25776948
46169415
-2170545
-88675146
-35685089
-34623380
-27070208
10251051
-5581953
-18206516
-51935784
-6962023
-123421837
-52458357
-122321247
-44818842
9421286
-94747688
-109231711
-16988044
55976556
-139934221
-10842967
27286628
-2438552
-316861
-84253797
-26659957
-98891718
-33891897
3944567
13132891
-94479193
-156505792
-66743288
784103
-222500096
-68408397
-64007039
6551250
-18304535
-24559210
-57701369
-104990607
47519987
-50876288
-54929149
-126944475
-157949884
-24399397
-86966625
-95063239
-107860662
-74901920
-43207412
-37513309
-39360243
-131167821
-106769229
-38769998
-47005242
-109002121
-38901156
55667481
7039951
41669051
50627198
-87558559
-18946651
-40915470
12916641
-32722785
-33535862
-89554479
3967936
-68696812
-78182244
-152067829
-78673358
-97135248
-70060629
-32334828
-45948708
-13036392
-92788293
-75207066
35157110
-9879926
2227359
-23632388
-53106897
-2450920
-115753131
-58951177
-20762513
-56734913
-34730325
-13262962
-63192514
-77377276
-117544729
51348730
-63842855
-78459842
-29488138
-116624408
-16139
34162830
-40530069
-33587462
19199712
-47436690
-153355482
-59900844
-18493268
-23691477
-9410578
-68978248
-50696686
-13889505
17130863
78103223
-48337306
-8681307
-78747633
-76862674
-4617767
-58875577
-92449724
-121894162
28460461
-150721565
-5301240
-56433198
36978634
-151560395
-22411661
-99522562
16673975
-112019377
-121429345
-14932559
-88789883
-21882725
-84709835
12911026
-76465524
22236094
-3108660
-93314770
-63762754
-16834923
-67425492
-120780876
-69055113
-23971649
-7273396
-60623833
-46166160
-50811525
-97044555
-74179486
-28932786
-84169910
19964053
-31150103
-100210087
-75760779
-11242400
-72525599
4592597
-63104491
-44492347
-47830775
-28733300
13769599
-101248404
-82714995
-28551696
-20935055
26355300
-52383765
17963242
-53716396
-17430263
-4788145
-44373507
-107390908
16331786
38840715
-59468354
-48554258
44937201
-167016434
-40592441
-54539530
-59478314
-17990986
-96501267
-90263092
-109157732
55240206
-50330395
-46170784
-57863284
-141122169
21884279
-133316043
-75412392
-92624800
-99770942
-44089319
-72264586
-99657183
-26241174
-108777038
-106276040
15558971
-54350796
-36735562
-69206512
10010479
-69427421
-132565276
74750715
-62809227
-18126425
-20569802
-46956887
-28634307
-1724968
-68937509
-42109412
9794068
-24831128
-38620661
-22267489
-1885295
-4169456
-6966864
-113017959
-29633444
-7321639
-7094032
-54149166
-78536644
36741007
-1178713
-82673063
-78151235
-12388899
-6031562
-50517532
-229925822
-861716
-57337784
-87198650
-26987918
-58883336
-14542330
-33899175
-34415624
-71377506
-44302917
-6058231
36373935
-86225587
-2531871
-43191774
-2597239
-54666630
-96406736
-34150054
-17869515
-28249115
-45705296
13501280
-85326691
-33450196
1220004
-42194354
-34140391
80305200
-146083303
-91268563
-11643829
88292890
-40901336
53342077
14731506
-65099832
-18493144
-60191141
-9579846
6181883
-54275877
-39978771
-56457210
-46030349
-30779786
-27540039
44577592
-76194677
-5202364
-107368135
5479271
-41410542
-14576803
-39640852
-74335332
-3566721
-71037134
-46401933
-118971454
-3615050
-87967606
-15697230
-43727878
-72219910
-19091090
-103159475
-36869805
76549115
-22817936
-39253673
24540314
-90487395
-38130369
-17905597
2546150
-30157363
-73154050
-100395851
-17825500
-106377898
49476367
-37279296
-33084410
-29899441
-81767346
-37257566
-35710776
-48715623
82307203
-9431220
-38015960
-29500520
14940847
-120724857
-9059771
-87092672
-76266397
-87911711
-160003023
58275006
-52252320
-33870757
-36278042
-153600827
-75080812
19686622
-159914487
-56725224
-12999463
-62106315
-34918070
-79697590
-23260490
-45422886
1116967
-121060900
-100827264
-133036964
-31208004
11011604
-34131025
-3617190
-25049292
-24669089
-55846018
-54445018
-90010636
-25361048
-54743744
40364856
-105368697
51140473
-207150667
-113578917
-74802746
42410067
6137976
-20703471
-92466563
-130691343
-66836410
-49007758
-44004776
-131135865
-12951999
5574870
-43473184
-39198909
-49125117
-39946845
-23313694
-181243823
-61637830
60007222
-41100083
-7043857
-19808886
-150235077
-56887491
108070389
8947833
-20775898
-117792120
56294771
-146918554
2046207
4174894
-82173802
39396579
-122574172
-56162372
-32167881
-99200844
-21904560
-20847284
-80790815
-132510618
-109506425
5847237
21392141
-123849979
13968922
-46231480
-131052164
-39364659
-34489746
-73523405
67069978
-58816098
-50707940
-71416011
-28963005
-21364899
-48477230
-81758749
-34769960
60436110
-87329139
-87469383
-116211643
-121387566
-38130848
8104083
-71622215
-3158017
-42621074
-28963884
-45961939
-92160173
-15322600
1769594
26522318
-175612424
42085586
-92485299
-11697281
-59367993
35517250
-64852194
-119054573
-150729556
-25507413
-52765606
-157706554
-25210779
-62386306
-23844526
-47459028
-17257142
-13377271
-86953471
44446990
-45255034
-64714440
-130261846
-17226251
-111909959
3688468
-97529776
-109388621
-39795418
-75183736
-70929352
-19408548
-88196846
-10287296
-7404070
-81997210
-55627439
-80726144
8826954
-3989744
3772630
-21381237
-11672104
-73382946
-4483466
17860782
-51267334
-22332634
14814611
-21308580
-11469333
-15427419
-225010324
-50310055
-22117303
-101260832
45234066
23922118
-17145770
-13950435
-55355755
-75566907
-109337628
204808
-75003720
-45387926
-22916699
-61210027
-29406125
-16556864
-86076485
-41976669
-32560416
-40116120
-174427325
-84334198
14729464
-64116083
-52819287
-153445715
11768486
-47300890
20905285
-37647108
-20164963
-109157567
5676823
-166011747
-87567178
34275102
-96849648
-24872727
47274839
-65012926
-72212593
-3053941
-95753018
-135591693
-52087287
56071055
-2130540
9391465
-35126627
36346699
-43792922
-103555875
-44013835
-141785416
22824616
-50479673
-31846856
22882856
-33599487
-50414129
24200224
-79358183
-94906819
-23846570
-44742115
-50537183
5001664
20900976
-9820901
-75416773
-109266778
-128764999
-67122806
46806226
-30837834
26633014
-57386367
-30230160
-89077183
35986338
57547352
-239979586
-43516377
-5303391
-35636674
-41025522
77414524
-67529606
-24769113
26109803
6094535
-61586704
-81553949
-90569153
-98680213
-50347026
-112186432
-61869384
-75903197
-78407622
-106803498
-73342519
-94004555
-44232094
-115290342
5235558
39215618
-32479194
-2545217
-73831887
2669058
-36247648
-204419866
-46180937
-70784228
-29234994
-64572116
-113584460
-74424921
-132540241
9830659
-95471576
32643291
-40530056
-101162065
-80494797
25016555
-121128379
-64311541
-33264228
-66831561
-90385076
-78776437
-156521517
-169921889
-63231670
-42733667
-13453844
-63843360
-99712878
-49116869
55612215
-74640658
-47359903
-59793951
152066
-22170939
-52000554
-11425069
-141111387
-18112081
-57114588
6692660
-51125587
-103816903
-36743534
-51805105
-157459351
8558240
-27906950
6986062
-40612906
-88378325
-79529665
-85299105
-38191398
-131729854
-51104025
-13852038
-67448125
-105256326
-87050663
-122706425
-81236053
-42806288
-2680611
-78900693
-64878190
-62820610
-6206908
-45633659
-69159801
6600556
-98261327
-52488233
-49441734
60536559
-164640046
48162511
-18032390
-89779999
-101224622
-24278434
-60557343
-7146656
-39599608
-27538445
-1708799
-49512960
-92799597
-64250601
48125702
-145514
-14562657
-27269729
-26061136
-52966864
19716362
27561183
-1856999
-48296468
-101321492
-66202106
-68150320
-43645324
-109427829
12372658
-80122295
-7021687
-22704037
-61231606
-115854040
-46865272
-62533967
-102931169
-125000631
-51084711
-22272767
-141944925
-127549310
-69849551
-67358119
-2395071
-47040722
-107101499
12129429
28384110
-95892483
3592609
-40362356
-62901507
140907746
-17992033
-120068789
-49230752
-23491574
8285355
-11075919
32419240
-44094306
33751308
40968819
-76205011
-17680556
65532712
-48417882
-82009255
-88663736
-87633802
-39500017
-67162331
8506108
-62901147
-11544653
-33402996
-61998541
-92956792
-102805526
-75381465
-75033249
-38112748
-18786131
11436220
-153027483
-33035225
52739509
-32270124
96854031
-104292162
-23560661
-8376111
-18232724
-93101863
23991777
-32223866
-32460402
-89943501
-34409561
-70166089
-57743722
-7972062
8730020
27702565
-11821153
-32350087
26076930
-77630454
9339674
-112504661
-104304447
-79571724
57715135
-61688876
-125204025
-5213137
-33848363
3448403
-31360868
-55825347
-25674465
-31908304
-55658105
-92997202
-51495817
-56614388
-21351607
360214
-45100086
55880068
33328692
-117212520
23890970
13564799
12326392
-2334375
-118698886
-44964551
42133135
-14939070
-111454423
-51482984
-95549591
-63585963
-130455192
-70223618
-71178304
-118312809
1881120
-9342210
-2149374
-898888
20158521
-127940277
-49798802
-321129
36045783
59144326
-111292249
3219620
-48420303
-9663435
11260498
-33408949
-64152167
-79305011
-80147065
-56506174
-130139171
-1542325
-78031193
12874715
27502419
-48332183
-104272290
-49066892
-12944158
-101598391
-124226104
-70995944
-9484346
-41526554
-66546427
-97900828
-41191223
-125545104
-48864626
33432910
-82634180
-84045796
-14096984
-90266062
-73345345
-59976976
-79239445
-90670659
24169569
1935582
-80218958
-59865960
6627665
-16758581
15308686
-60889673
-24157932
-63937746
-60278924
17965
24433940
2981382
-27488350
-19815497
-12855722
-53428438
-69230062
-43253596
-39040442
-114782168
15793662
-24458400
-6447120
11935415
-79842957
-133032943
-33709645
-10758390
-19696097
-69618654
-13976551
-62945072
-9961821
-124512799
-39483549
-19906806
-63870466
-77963884
-106687360
57929750
-9014229
-5358733
-52206534
-52161656
-14433860
-129009826
-132228826
-117630187
-73180332
-53982913
30329299
-70150284
20140556
-358248293
-102023751
-97561948
29008213
-43930873
-26014634
-39281398
-59010880
-112816273
70382612
-6642286
7646636
-151229104
-70836800
12383904
17622553
-83984780
-48271473
7618829
-99909577
-49058314
16634116
44674288
-52017953
-56495573
-67410085
-122506244
-179576838
-97784496
-58799490
-45704321
36085438
71330443
-51901103
-24158303
-90380260
-1830469
-99236532
-12235506
5906245
-84702191
-22796561
-124549188
-39088598
-186690441
-126589095
-100732036
-100262303
70368370
-41368007
-72190428
-26938533
-14021275
-77071629
34688188
-16023874
-29006298
12920923
-60598283
-95321413
-2570826
-8734708
-42607086
-179050624
-94052929
-73005563
-80979838
29019014
-47699535
11091983
-67886098
-29412593
-91898207
-58546067
-133467839
-106563815
-39706657
-80054819
52587312
-29114772
-12221700
-37910617
28743551
-62417761
-65101333
-104081625
47783157
-49053769
-61037315
-71171082
-17137618
-57245015
-123619223
-30380239
27493840
-15230961
-97709046
-14348111
-2293538
-20542937
-65006118
-40261061
60809420
-53940805
-112953224
-94032635
-21879280
-3606584
-150672186
-122271303
-121235476
-91808728
22843251
-5718190
5206078
-65711272
-111011877
-6708563
-112666714
-35147140
55128184
-142930794
15638483
-95020496
-37845855
-11339466
-74523226
-98953363
-62601932
35620480
24327257
-5137388
8525886
-46020935
-86596048
-22639320
-62476461
-135372473
-33274754
28573428
-35801739
-130117855
11555501
-71286980
-77310450
-43682964
-106966886
17520679
-107291022
-88849369
-46994704
-1628023
-74500271
-1157621
-64028344
-7931803
-88688756
-7227585
-46984703
-111983407
-129169771
-91114166
-66843282
-73287936
-52610953
-66639747
-33875443
-35492607
22475797
-31043991
-88138509
-71950757
-43712425
27699734
-55986774
-44150076
-26302617
35114120
5415132
-5049850
51067467
13651505
-44540894
-31405007
10504153
60498633
-64013274
-68181812
-44601828
-62398931
6822416
-95190055
-54250294
6558402
-65447304
-76143564
24929741
-106575180
48133817
50595397
-12178470
-19797049
50397235
-10656327
-66995323
-64974261
18165979
149594211
-39996328
-163269036
-6080504
56182822
-115571042
-130119944
-116560698
-3519672
-61183697
-53157912
-117478303
-74487585
-32121405
-27681684
-72320336
-99772182
-25428540
-86607254
11773637
-38497643
-42838776
40580635
-5029549
-69251332
-31708663
-58663571
22096249
-111751480
55097306
-61717557
-80051690
-54989606
-107044089
28875069
-159496853
-62696714
76534949
37400728
312505
-100823495
25535510
-41415414
-12030454
-26500429
3607566
-72105157
62688334
-123291776
-86120036
-34321185
-39795938
-82359541
-130640768
21761600
20756908
-81603925
-146631348
-71608043
-106679814
29955689
44200912
28151679
-54497673
-121637201
-64981136
-23808880
-4333035
-74678516
-2063078
-68232644
-3703032
-22887697
-122492497
-70290232
-15250808
-69250755
15135588
-7045865
-66523685
-64597619
-48141472
-117451185
2532687
-87461511
58595797
-68802577
-66829161
-11655315
-17897104
3876022
-32489616
-124832007
-44285976
97065046
-66246749
-24693053
-54345225
-29029512
23345288
-72277821
11272460
-36171149
-66184567
32116973
-59616767
-39804937
18504606
-39586645
-85151253
-51704194
-88677306
15415073
79007653
-14460570
-158424987
-31921157
-79223412
13784704
-55384918
19461847
-10444737
-37755466
-733153
-41852203
-148545971
-104850687
-55918440
-63459822
-105655129
-57457135
-119122039
-2076688
-13351429
-60832939
-53313847
-99706654
-52722808
-25581776
-83488739
-57579305
19492
-72306844
24108037
-75501335
-34515648
-127125902
-50972627
-138782086
12795611
-27451658
-106186380
-109208508
-150648322
33686315
-70695696
-38812659
-56958881
-7508971
-102137192
-15026037
-119884526
-74160062
10231069
-117447308
-77565046
-19530644
-50626664
11419171
-30621985
-60046446
-83733217
-29212908
-64398712
-42562242
31771051
-11698033
-118894553
-71782161
-138479382
-67429541
-75929186
-34255458
-41669339
-43512975
64683207
-104695315
-82088885
17563237
-13247788
-22159164
-125372264
-156440402
-49651487
-102244573
-76312067
-106895582
-33161617
-87380829
-82837936
-59655242
-59252494
663806
32220727
45607884
-36515082
-99433674
24365666
-80871391
-51224557
-60690943
-58319144
-149080727
18393271
-50414846
-43564304
-31738485
-36573211
-32329994
-44394598
-65619847
-22084002
-20804617
-66441245
-58139754
15578048
-27908450
-116416581
-69943685
23557376
-107812033
-113028578
10497503
-109928505
-33881362
-72279897
-150336445
-5840905
39498288
-59531931
-59824370
-107983651
61111142
22915616
-2163854
-43146883
-51735912
-24822404
-56446964
-130349206
-58874317
-101354168
-83796640
-116744143
-73759097
-12125493
23497676
-60519389
-19899737
-9075183
-48035647
-22221198
-28016579
-112982154
-50738131
-46461604
-93450339
-125050171
-112015218
-56340531
70753006
23545375
-52544945
-26896911
-86983287
13118105
-94174569
-30307506
-47756077
-24041473
-65624464
-66414583
-44967037
-103297201
-73346629
3091599
32423855
-38781615
-51541675
-121905718
-31837326
-16125592
-17826831
-67191519
-18721659
-40615523
-41598914
-115491711
-35413517
-40476278
49978859
-56460343
-23816086
-20969842
36290798
45104018
-32443200
-98886723
-16072778
-55922963
23553355
-139885799
-28504412
-47229045
-109629336
-64415644
-81482677
-94458134
-113843613
-18489959
-53188327
-76318485
66933448
-12162194
-73856662
-87077072
-65110640
-6769251
-305464311
-35687892
-45109779
-98466706
14961287
696892
-152039760
-49007990
-88746263
-45227081
-44656067
-80512696
-2933665
79884625
-104863094
4602154
-23344159
-62034220
-44870342
-122506104
-23721374
-26652229
-73576606
-100438973
-13951913
16838725
-9326715
17195259
-88451284
-58571638
-59554428
-78891140
-34449892
-111510483
15611456
-138893640
-87700075
5761284
-59977890
-59081715
-80088425
-39654671
-38631254
-48581331
45671660
-1327542
-73729331
-16805782
-62183838
-74381889
-56312890
-19466717
-146183653
-92487468
-59653067
-53408970
-41377267
-23197140
-35229912
-62819685
-3039026
-49955403
-123081122
-60480532
13270336
-38130493
-130362017
-35970136
-62844583
22724863
-53232483
-44988967
-76735427
-26748819
7567226
3322075
8954630
-9056588
-84698621
-76761525
-18852949
-85318810
-5832276
-58770541
-43248491
-49756179
-47617675
-89587953
-13331039
-229894749
-47479957
-26638456
-88595922
-30534917
-117765796
-146540770
-108777379
13694393
-76191978
42352676
-70876827
-9936721
-69439780
-51503943
-37599958
3581279
-96989921
-154555529
15910774
14614324
-75568539
-44612289
8231384
-56093945
-60452637
-52361299
-98059292
-1622999
-16751707
40785091
-76063531
-5929839
-54049452
-5390034
-1149158
-39474998
-96253963
-103741207
-90709985
-14583319
-47182586
-32848265
-80055280
1567271
-48054174
-101073993
-15489086
-23114709
-33112609
-131269696
-21838787
15240669
-109003222
30636559
16270074
-62796767
-131041558
-78687722
-50742212
-96701770
7032947
-16237191
6879329
-77932061
-8991896
-51951147
-82929199
-202791077
-620120
-16634005
-56103162
-40511167
32530462
-43818289
-45529582
-56275138
-66373332
-13223309
-53754304
28132095
-64531937
43863648
-52776427
-48819724
-16346926
-91825135
3586177
-8067823
-58644570
-37927990
-40241261
36043414
-36134087
-17201358
-33935637
-79873659
-31841129
-14941131
83028714
17694449
54447708
-4499719
-94795778
-116601517
-89740253
-29986748
-127421655
18045806
-12712352
-99439987
-9799329
-40673830
-111513529
-77765633
-68675649
24503238
-94665049
-118095296
-72731062
-37470183
-79021921
-34700548
-110406296
31082964
-61573578
-131934086
-34251982
-129006786
29378950
-116312433
-808836
-57842561
-40683445
-87986636
-45738559
-74617883
-111198066
-105383630
-80436649
29598154
-102457392
-11317368
-122835626
-91612300
-110462927
-60721342
-58592649
39272114
-37517214
-140355748
-62616443
-89644434
-89363739
-29855664
11106427
39232575
-45534029
-13280722
-2105036
-38579305
-14633850
-14805443
-159546163
-4920683
-19499131
-14915637
34932239
48517754
-136807933
-29513519
-25423346
-27330651
-5413555
32945258
49294509
-46001680
-20371185
7705030
6882108
-9624796
21804053
-34349542
79052665
356278
2616484
25959076
-95741347
-35917092
-53988660
-20087810
-48223717
-53755339
-82198397
-46492384
16124348
-7436055
-93453336
64638893
-1384834
-130617147
-105708424
-40974297
-36971411
-66980580
-24596263
-21265724
-22587566
-88583505
-44319089
12431515
-76085812
-70188708
-5838343
-92247942
8489712
-48184627
-14065563
-38504123
-56183636
-183834577
-70314055
31655223
20367163
-128119807
-132705654
-40767683
-85082239
-13069965
-146315312
-101375594
-32878070
29466951
-3500835
-46199675
25470791
-44748535
-20876192
14221139
30992077
-137231006
-38363190
-31151521
-113708791
24357778
-39290473
-129258262
-49672863
23439698
-115712307
-77558292
-12231250
-76798085
-39721270
-40253365
-67767183
-66410064
-48739078
-109241659
30455410
-27530702
43976820
-73259611
-65702868
-109124870
-64700338
-40884069
20004471
-33677296
-65137327
-57807413
6335599
-61147423
-86140325
-129594693
-53218415
-75992753
-10356064
-46949516
-83969385
-141701628
57110824
-43629764
-59733332
-64410388
-15374691
-76647186
-66015039
-92165298
-120928897
-31689301
54985476
51936697
19963959
52290001
-21918529
-16233406
-14585792
-88617899
-46786999
-22490505
-71030654
-22013910
11932514
-59995087
-134356339
-75544004
5504984
-35815964
5341199
-95276238
8234155
-96459136
-132774929
-39590742
11308613
-81792689
11906286
-18639052
-120609820
-6247274
-131140954
23785055
-1515916
-73423556
2165902
-7455943
-12248372
52940950
5276967
-57215005
-24750206
-95065346
-22357708
-85400811
31398693
-71057026
-22650952
-98031064
-4237913
-16253309
-85848562
-9578310
-9332353
-91750689
-117496988
-19091733
14655755
-52293701
-19761711
-43771414
-10349555
26937092
-34575865
20199195
-60832224
-176931451
-23437696
-42772523
-118195005
-116110394
1111302
-35488867
-9087262
-16711360
-32953552
-118479905
22957741
-103997845
-29680930
-56435407
-75229493
-36355495
-70684488
-37967290
10480318
-92405908
32276669
17624423
-18448820
33383493
1737829
-5408345
-40931459
-94644367
-55851817
-173765579
15752273
22892235
-39390684
53802708
2923783
-69800693
-26537149
-83396397
-37919284
-23157933
-128562707
46463937
-36939917
-1030904
-53773735
-264140
-36280508
27131162
5614651
-1897597
-83424222
-31659245
-18638128
-70250253
-62074366
-116869876
-164537972
-22491838
-113720187
-28433634
-69318248
-71524425
-79250665
348866
-86407633
9596173
-7459385
-91612724
-35641766
50961614
-153170049
-95915152
-38617107
-102138943
8184426
-12932058
-104965397
-86885704
-138662299
-111347492
-63443521
-130278029
-47357637
-8453374
-15379583
27045560
-100435895
-31257076
-81036276
-117529081
-79049934
-35702442
-18846755
-110667160
-67642917
-33277099
-10264919
-62891141
-82693117
-41359339
-46288451
-102101712
3634340
69657926
-80077485
-75973572
-28973131
-73168813
-65967447
-107147644
-160301192
-4943009
-51899577
-34934419
-49935854
-102093672
16561836
-15252467
10069794
-45913835
-87782222
-48018450
-27576155
-115629616
-83693361
36746429
-83014175
-74777564
-80982418
-144144167
-74317084
-64020822
-117773697
-10873614
-36522787
-28646181
-11465897
-45096927
-72889547
-60340021
-116020398
-83599339
-74433362
36004784
1893997
1944677
-81764219
-78895553
40831662
-20462027
-25076486
-124083786
-59671913
-36323398
-97480602
-139924786
-43430754
-37950489
1697487
-88430395
-87195695
-11142664
-64412070
-3648738
3006244
-51183032
-44047795
-55793654
-72859660
-104953418
-20066707
-51106976
-28631502
-16680410
-13080955
-47570437
-108185359
-36446978
-43768820
-56171159
-16534612
-33973993
-16084397
-41800631
12730387
8136671
-32310933
-213878520
-99946345
12225
-20168255
-60632267
4705857
-53807863
-15977489
-104278314
45622651
-18602827
-83618500
-117685349
-21553033
-6159469
-91295536
-58617820
-66804567
-27779607
-62672095
-63799488
-130628512
-29756115
-91382805
-106365417
-130985368
50735480
-119056776
-73242376
-7876620
-143668042
-95803867
-72240931
24260690
34014130
22176310
-132317897
-81737884
-93804203
7880393
-45167073
-25853999
30818113
-69809115
-125324072
-95165660
-131776488
-85559804
-119294106
-49133597
28955433
-41242357
-15745973
-59860467
94398204
-11272137
-108679320
56009528
29593793
-52296847
-60317116
-8178420
-110489430
-28081710
-41320818
37425402
64548480
44939495
-17102651
-133285398
-87085668
-94085379
-95347644
-21833279
-85990314
-41793945
-46208258
-49870869
4509302
-132250578
-59363991
-30642653
-62939303
-46394182
-81246038
-58379625
-43678747
-51984838
-117491224
-52300490
-103774587
-22000565
-11498733
45062943
18054719
-52513756
27703733
-62536251
-25535066
-12407902
-90174278
-101252764
190004
63200944
-17850565
-1799405
-95987018
13740707
-82157751
7061683
26085511
-105171867
-34404116
-16672799
-25853167
-130804087
-30935445
-5733243
-54684446
-58485660
-35650174
-39332597
-38061294
-60897699
-93479932
-141801524
-225461371
-40408844
127366444
4572788
-1880096
-63579793
-82014438
-87296230
-143427709
-36412920
-37047443
-112057064
-24363346
8131854
43218650
-210516940
-40327381
-169753068
-91301563
-87006900
-35643913
-98820391
40403750
-105905918
-221824757
38800056
-30465259
-67283026
-50848504
-40692055
-95400664
16203035
-132957362
-31161776
-94301020
-99916239
-32383489
-1999501
-45815164
-18697300
-145979608
-97334276
-27250993
-71285022
-17806509
27108852
-27985074
-7126154
-28210382
-8823657
-51270042
-2292766
-31818025
-93729814
21377634
-66091196
-132028290
-10996194
10454289
-58936402
-60636804
-237206659
-137973598
-93026745
-24332017
-46900512
-84701973
-88525425
-30249183
36614722
22786913
-80890623
-150816475
-114529247
-73615302
-56391530
-101460317
-5786407
20463796
-123296849
-26497026
-90390881
6461132
-131028260
-8316573
-71872472
1952647
-120697066
-45898572
-62955028
-97014124
-119325932
17978391
-127358496
1631003
-48031065
-29030854
-102905840
-144349890
9641721
-30310083
11205766
-63204404
-46207814
-58646722
-44329034
-67265800
91432043
15592780
3135188
117704511
-141777209
-131386291
5763997
-50670076
22811786
-114060147
-78100547
-55927210
7894196
-23470892
708098
-44120463
12987001
41252587
18950509
-67766750
-66757426
-66079166
-55235311
38581867
-9893545
-82930694
-87486131
27769544
-196426559
-147168088
-23321467
5875514
-57000508
-73214624
10964895
-127069277
-80522250
-104936808
-64089410
-42373579
-159778223
-67345983
-14005136
-76098103
-21495379
-62580536
-28183154
-72423426
-53627208
-71961954
31006892
-69759022
-139926859
-48406174
-61571513
-95002961
-115295625
-49215935
12141155
26954307
-98856285
2837798
-53567443
7320291
-22121918
29621356
-112328354
-86132294
11190133
-119908318
2502801
-21091414
-23261532
73321809
31887338
26725696
-35980107
-100947975
11531944
-84718136
-81238364
-75331782
-14922986
-64836553
-100780095
11869331
-69620890
-28450529
-104228188
-27467637
-106773005
-85480870
-127077770
-98705348
-92486929
103625604
-66862441
25511827
-78733897
-139704265
-66456809
-15277011
29692039
-88562540
-38556827
-30778836
-56422818
-25519219
31810284
20309402
-62401575
-90538358
-71429731
-72360175
-48077323
38458588
-46108204
-2114654
-31251386
-65182389
83800911
-90918457
-122120504
-17408610
-59057026
76372825
-24420235
3036590
-56278949
-152797294
-44907618
-8906781
-11065765
-30486376
-227348687
2681287
-51405219
12593137
-23953972
-81892071
-103925019
-202981060
-6894914
-58025329
-73431624
58776582
-60894405
-46763744
-39934326
-48275379
-31780538
-41426368
-143656608
-157832080
-35846238
-32132322
-93677707
-12903385
-15872022
-139618532
11684650
-55968186
-85870356
29413888
-69977436
-39683194
-46979674
-73265398
-30294841
-151792533
8537800
-52036530
366761
19426596
-54851241
-21131599
-54080593
23582633
-176439459
-183229459
-89401410
-145352141
-46347713
17603868
-35009517
-116799763
-81713389
-134697054
-28323937
-20741804
-110362102
-74240517
-65350333
78876163
5282935
-207413896
-18473316
-3351831
-78712296
-66772164
-32257445
-38042129
-6871231
-50726007
-60629306
-9084380
-68814434
-14274265
-95267587
-84060975
5984664
-38931181
38955105
-85379951
-107116283
-20147367
-51478857
-57544907
-33093897
-81192641
-80562419
-34912965
15567046
-164658891
-181911560
-37519814
-30849943
-81881300
23437644
-12699890
-11616567
-46322486
-35875520
-99916511
-55274049
54984816
-75621689
-41205391
-28592670
26687908
-79331290
-42500894
3617441
-17374051
-107634361
-79678313
-100946878
-744559
-117737679
-44937430
-96640883
-36520496
-14223910
-45532666
-518913
-47575055
-23788976
12072632
-40979895
-118870237
-66089821
-4013197
1349599
-86778333
-55958786
-80550400
36348979
-38870690
-48871718
29933251
-45472701
49554207
-12556139
-66778013
-52910174
-21308641
-25655517
-63359748
-62895042
78146456
-119238924
-28962677
22631780
-62992434
-3661369
-66133670
-129114922
-93699519
-83253203
-98289226
-47177870
-97056847
-51147966
-36921292
5749741
-31867475
-35109202
-45287341
7738299
-118731458
-31363910
-12573666
7606455
-138350173
-67085329
-35205339
11540980
-156672216
41277600
-23768282
-44475343
-101519661
-116270490
-61061590
-93582806
31207824
55736278
-46835404
-102801420
-63524675
-89679752
-85759333
9502635
-69701686
-109771811
-76541411
-73542244
-51184514
-83210078
-41310664
-22822222
-54686977
-64382433
-9178416
-48075704
-94502868
70447785
28497885
-69763939
-58478256
-87508550
-66557495
-55620379
37606067
-58539169
-88986711
68104732
-8084487
-100053395
-172916478
9343427
-18577175
-119400372
-3950387
-36851553
-69738991
-33748730
-24575466
-177796703
79319858
-74491411
-21768452
-92095025
-92686221
23351167
-38003842
-21439017
-90570142
-37776666
-33653989
-67386423
-89732078
-87029799
15474761
-91305219
6293244
43787514
-84347829
-64333832
-97634228
-82851224
197805
64961502
-167700999
-14951268
-69702942
43900869
50771530
-15431305
-3243741
-22477630
2954388
-8613096
-49344010
-58595875
-50789941
-11086758
-80884421
-42883772
-90411035
-21940781
-81380218
-21726299
-5869226
-91756606
-23365480
-56780933
-51381196
-76998537
-128679170
-83679539
-43452218
-19113641
-61576458
-19981341
32957448
-44171369
-52887049
-40616070
-113568572
-5476438
-107898717
16873711
-92146664
-44910777
57811239
56715162
-72148454
-53486239
-26537243
-37971046
-65182478
-8875572
-71350352
-28161482
6324492
41718914
-31163173
-7385970
-42984836
33086344
9389009
-29136463
-117183557
-52284313
-74708575
-207627729
6050324
1918350
-95284491
-103396401
-53081919
-46336701
-56123202
59196669
-69521294
-70943138
-25868044
-123184784
-35719510
-134773906
22941762
90270920
-72923037
-72890075
-67830685
-41940497
-102522346
-105649103
-133130385
-51213666
41208675
35790381
35602823
-111268622
-1464517
-33642095
-127118329
-103413720
-31679129
-16331797
-51615801
-141750889
-20519509
-49671801
-49064972
-75749209
-33124327
12822339
-49560532
-101212167
-73745015
11719413
-94065038
-113579775
-13034604
-46602350
27189814
49224300
15422526
-144418963
-23902161
-37296072
-70257275
27323208
-83709103
-140962801
-3234911
-51391663
-7057119
-47512603
-65952551
-68636998
-4954297
11851920
8105857
-90466648
51603151
-95612710
-27860104
25534747
-17548478
-92194326
29187530
-79685787
-73088797
-105585494
-80333119
18935015
65875839
-123991623
-65211158
-87997299
-70545981
-12930197
-14976824
-35736164
-33020624
-130419430
-23701202
-120186569
41660292
-10090917
-74157110
-42976962
-120748308
39707430
-25096306
-80941917
-53292098
-24995545
-67265916
4154646
-93245608
-115578495
11505881
7222554
-60252533
-22045612
-88457644
-7476045
-95199274
-19476164
47600724
-81684217
25405597
-72514319
42733333
-16311175
-18311362
-9579790
9297302
-58550724
-27873330
17594162
-17983484
-59792955
-36150822
39281757
-4187414
-29554184
-99732220
8586467
-16255921
-5145571
-69311575
-86133159
-98984231
-55416087
-117256506
-131841012
-33577394
12115217
-4738907
-36960761
-54052400
-17955578
16641878
-24367769
-53155037
-42549813
-105295718
22504854
-89364584
9306608
6787182
-61086582
-166254172
2958077
-50990258
-129608241
-26455875
-82634910
18918241
-114453013
-43006692
-68396016
-80378064
-30919717
-77114996
-50762851
-109968318
-40670703
-36075091
-24206345
-37394757
4254099
-89035924
-67963205
19522601
13855837
-23536042
-11655960
-78309631
289991
22865537
12453057
-3559025
-94307497
-27220791
-12127302
-81374091
-79995102
-55527799
-59640325
-106612103
-38063562
-181023823
-40048895
81574205
-53483018
-115867047
-45091253
-26863709
-40898751
-81872486
-93603077
-56200345
-111744307
-98045352
-7039524
3231176
-62720820
-85064416
28136072
-103820418
-45424927
-49039181
-93748998
-99547920
-100576521
13369454
109417684
-126897331
40689098
14504480
-93263206
-14593885
-35689452
-29194451
-54781257
-124624240
-136478974
-41198433
-119114755
-44599141
-17561459
51157159
-106211176
-87766997
-8796509
-121440846
-34425521
20768057
12806400
-76268161
24510646
-5650512
13545958
-26127817
-17523572
-52961740
-44660336
-120256665
-66712744
-23724398
-7165413
881288
-67405475
-43740460
15236073
-77557488
8750554
32176702
-60083808
-23478628
-51276906
-116688958
-60982185
-60247289
-86372986
23074939
-86117371
38634923
4155292
27919813
-69882363
-78926489
-10780033
-104942325
-20800099
-116584540
18002089
-26202207
42366394
-55431914
-40216210
-29891613
-36432540
-60031213
-115665796
-50995576
-7360371
5966831
-3460076
-102303419
-62351671
-96146264
32227446
-18604625
16923607
-49723225
-139992006
-66630964
-82787291
-10706428
-35789722
-71908452
-30875774
14925226
-7566037
19618684
-169239019
-31769145
-64411014
-107940987
-90026121
-25094533
-29283286
-42416123
-30688729
-76064746
-19448898
-19837859
-46461925
-15998395
-32929878
-176290528
2168304
-59852563
-92862835
-35986061
-26134066
2269386
-129582
-134003327
-94809249
-14162044
33265476
-19988151
-39538058
-118460429
2078937
-20078163
21822919
-177627684
-17720830
-40899467
-10417879
-3418486
-144549848
-8694336
-37621268
-83362437
-30555182
-63014423
29674865
-107980858
-57943502
-83573658
-100098002
-42256250
-132723636
-80328271
-114700020
-144214662
-19558648
-99088499
-1715621
-100651625
-3018485
-40029987
-38719523
18877969
-71050249
-72707890
-59180194
-115682128
-23304231
-99865738
-141464983
39380594
-2872587
-8578669
-84969007
-21409278
-22855313
-52003133
-3436818
-68920974
-17772515
-101613531
-96387702
-229761729
-48319198
-23120196
25618960
-127567
-50283898
-36206912
35276143
-112606410
37938718
-79626950
10618462
-6176896
36651068
-33384885
-93851712
-3943483
-53471984
-12262827
-54259455
-45863714
30980604
-68873367
-84761269
-157554565
-147158035
-20279892
-18953501
-51902288
-66878578
-62800184
-58585098
-34176229
-10276679
47347626
-90369201
-32930442
-85357115
-10304718
-23974762
15821805
-75527250
-5031207
-17200490
-49439478
-6650615
-21443616
-123564577
68871421
3900099
-36116184
76339928
-69709051
-72441228
-63690633
45855465
-29163608
-114184074
34560648
-109941906
-38492309
-36581389
25798278
125503866
1831274
46001860
20344466
-67450343
16308516
-9526283
-18676610
-39830019
-37978255
-37399301
-71185868
-68243308
-124418936
30484805
-5927814
-21493818
-63318475
-41599759
-25189462
-112556779
-35191478
11754223
-22764268
-87533840
5597145
4113689
-95624405
-90413683
78698703
74762321
-512749
-52379893
-37489650
-69702444
-23675419
-75230639
36815306
-69804039
-166679379
-56333032
-14620153
-11601471
3478566
-80917860
-84324870
-58496204
-33840734
-18028769
-38815629
-26018938
-85868271
-86046214
-43981076
-28994524
-2691853
-57139907
-47087783
-51405451
-35628387
-68510602
-73758556
-77340693
-68509373
-83738497
3624507
-153589450
-114310880
-86679209
-482966
-96464075
-29025049
-88652064
-87068929
-16560454
-111296154
76519348
-44274583
-41725012
-35484864
-90305752
-21192788
-51400123
-36714378
-140295981
-26791809
-3890128
-176705293
-36279239
-116323607
-67341692
-94842125
-66663636
-22232005
-60724807
-48733405
-32419145
-23604119
-118341683
10581953
-42015543
-34405757
-4820280
-107267273
-108735056
3906198
924407
-36598372
20611572
27724799
-93715722
-72574946
-126979857
-27791577
-222326288
-39389122
-114336334
-97158782
-84499809
-30901653
-50422452
-5511369
-12846119
21181415
-98878130
1198065
-57542662
-54239961
-7855664
-67767853
-222128762
-55929575
-1487213
-103189693
-78003603
-101806143
313091
-52246735
-51169627
-46051784
-162912013
-29687855
-104089761
-35953130
18766562
-129420225
-63819900
-13503010
-74895285
-18981931
-2130213
-80014471
-88286538
-113797540
-44478267
-23668969
-122670604
18522903
-94859023
1051378
32560294
-48026519
-86468768
-124639122
-64626302
10147053
-66515569
-49032245
-44363547
228511
2166221
-42068826
58701759
-21188726
56223486
-109720191
-22596093
-11542126
-36656697
-47791891
-129284301
-51453093
-70429410
-98317446
-49743273
-37876002
-177041196
-4667418
-92889426
-41035078
-82415154
-120523572
45497679
-23428383
-77174365
-109579768
11011444
-110409569
-123993664
-43070467
-46196303
-140599178
-38692876
-11870017
-45582129
-74677833
-90697466
-98642938
-511729
-104625674
-114087155
-118031818
5035630
-40811458
-73316279
-167919389
10930281
-47312649
58481469
-70606051
64117911
6838933
-27832941
-63122490
-123878957
-55643789
673238
-71006370
-22862664
-18508639
-63548560
-81742458
-114774451
21888314
-34641703
-76782867
19780911
-46529911
-114780667
49905697
15814764
55928566
-1489810
-51329792
33662186
31491407
-80030658
37195154
-53203050
-67023951
-83513470
16304822
-69908975
-95388350
-91292478
49693470
-32563621
-12784311
-30503407
-143673031
-136811498
-9382946
51623237
-110333593
-51373391
-80361731
52709819
76601901
-6647933
-124863695
-35851957
-33586486
-43179443
64855319
-76311047
-116258361
-158437732
2762428
-74082912
46139006
-123909581
-74199882
-38206711
10695562
-4804952
-16710609
-117901343
-4092960
-35597091
-61493929
4769543
-32729917
-122003264
-112540470
-83797021
-98290770
-143384952
-51045604
-26358147
51384225
22455328
-52241931
-63923704
-38127743
38565883
-13328900
8506647
-80916352
-101676766
62902860
12355325
-57522109
1116551
-65145893
-13560370
-96841727
29293268
-16686204
-2730355
-110820982
-18069433
-76446423
-115810643
-35034097
-11032602
13976445
-45099603
8930323
-112503302
-67665390
-85723810
-20605440
-108024770
-38509268
-29260294
-129388800
-89163914
-104866217
-34269683
43312179
13038021
-41830965
-6133125
-80079539
-98689628
-99077788
-59148203
36310980
-59351278
-37692930
-3030436
-25457362
-69323874
472723
-102414754
-129503252
-41223597
-88534281
-118529747
-47800748
-123504926
-39083333
-53988451
-133580442
-89334404
-50164919
515730
886629
-36041918
-130450049
-72952524
76454930
29042024
10424415
-19731129
-15378302
-19116863
10075777
41791428
-32723361
-16173349
-1212196
-35809335
-156581989
-23813564
-140091005
-35075168
-162191435
-88135464
-119391092
-35275730
8366639
-51816177
-68914044
-37251642
-116499480
-85476208
-26002006
-102755210
-31592640
-99894399
-73692434
-51248397
-7871158
-13618058
113110276
7503520
-61074896
-69665602
10748726
-76972761
64982322
-60060455
-86486085
-32336520
-87420885
24179650
-86446877
-80114664
-75077248
-64330635
640025
-25493212
-36388861
-52542549
-84094274
-99663839
-52414579
7097297
23271160
-4999711
-46803485
-93050627
-4783009
-133016644
35262594
-19872646
-49705201
-72645086
-71851005
-47011029
-99506434
-25790855
-73132529
-117866222
-130174741
-115428588
16175557
-60103788
-49058830
-16006898
7132482
-43749863
-64675956
-22448029
-30924187
36962065
-23046847
-84840348
9899513
14098834
-73973929
-76856389
23247750
11960880
-7052850
-28821220
-128420906
-22599698
-24343416
9044214
-89455787
11056191
87404346
-36445910
-22450269
-32167943
-5036971
-8760948
-125594505
-49137794
-72482657
-133655425
-61436181
-40038990
-82484892
-80096203
-32811466
-37114684
-14211199
-7015075
-87500512
-98050153
-14812730
-18878758
28928719
15607745
-17963748
-42932801
11136005
-5340901
-65674734
-54488510
-26144992
-133519331
-150425984
-34675233
-112979204
4265532
-14390611
-62993405
-73865445
-93645199
-85673860
-109361289
-43809004
-14438641
-98522073
235921
-137331961
-45751815
-44307099
7626861
13616043
47496
-174815545
-6770935
-85780071
-10579136
-45724794
-35820599
4794842
-102646214
-50458836
-82139737
-111098125
-38040303
15792999
-24595812
7367297
-55265598
-96689884
-132653778
-93796177
-46760453
16547456
-20516012
-25110150
-99225025
-107297240
-45509465
-38397769
9339083
-23731290
-18026435
-78822923
-29638318
-35019714
-91380162
22447883
8508226
-66897698
-116690611
-66006302
5284884
-21945333
-75592583
-75534540
-68897443
-16245158
-2995541
-11710821
-11644563
3428418
-14974531
-93726425
-28875990
-12754672
-44363001
-72093163
-85637900
-104278248
-74745799
-65118555
-127612078
-28922577
-15884400
-57620650
-18541402
21996131
-32028745
-140479623
-67416853
2720748
-41419055
-88197333
-24712309
-103356622
-80582253
-87328919
-14583466
-13994929
-124290984
-2706639
-67326145
-67876989
-58708454
-92567769
20509543
-42518386
-59290148
-9910595
-112718841
64049795
-9652090
-175431811
-93104049
-76732155
-88864616
-54295715
-77395217
-103015860
-50423498
-144752845
-213218643
-21957537
-81052040
-8309469
-63903454
2187740
-73210344
-2851667
-30822009
-48888918
-53756104
-21178989
-88449400
-18710617
-92815688
-57951280
-29631611
-18580340
45254705
-105110353
3382548
-111782413
-89357198
21102668
-29324524
-39226572
-36095660
25725541
-49851695
54101044
-114927050
-71348083
-5905285
-12126433
-140898980
-86149548
-71736787
-65147070
-50427737
-44344570
-112096028
-59193570
3722828
-50981731
17142876
-10690327
16664925
878038
-42182320
-16606523
-41809630
-13343288
-103528915
-25691716
-28800103
-16218211
66028634
-55735998
-82608481
-83280949
-62277675
31832837
-59611998
-30286469
26587126
98283704
293575
-33350355
26167737
-65101004
-116565964
36427913
-75192429
-6574999
-9562761
-159935075
-102919465
-97630366
-96272315
-57220538
-99591842
7628743
-13310035
-38937368
-89410816
-37322995
-53927273
-21453801
-25901552
-45464352
-66128346
-133956504
-21054385
16969430
23676048
-82200111
27350166
-2345764
-68088646
-45141361
-32756432
34562777
-64854566
-78268987
-92302594
-107567586
2315904
-24354457
31341587
-16128128
-17865579
-34928589
-5601339
34996881
-87469015
-102707076
-81417230
-45390348
40664247
-13226355
24790528
-132929072
-77491866
-119710262
-89148999
14270443
-111839122
-21415871
-105013597
5952977
-63518693
-70548478
-102220239
-52856701
-32179496
-80934378
-65560737
-2512407
-49619585
-16522013
-39268828
-99851370
13920160
-80062187
46471255
-70752736
2515728
7966687
-81578437
-88784579
-36133872
-20427176
31735039
-48640418
490492
18807393
49111484
2273323
-78295324
-66979076
-55122625
-67898784
120023867
-41008771
4751936
32009465
27931764
-122048568
-10582504
14152143
-110799717
32028135
-88656653
-26124637
-16102555
-43003323
37070625
-154008954
-120241835
49998021
-13086584
-85122765
-28802756
-75513975
561178
-115141388
-35838426
-32346053
-29855186
-72446656
-89641740
-88558986
-71123969
-17590148
-92932463
-66889551
92190404
-17666897
-43615382
-130304875
-28042801
-84481848

-90135982
-43191530
40857492
-58294069
-84764860
-62407956
-49920037
-100117094
36614202
-43713165
-21611982
129369
-53801048
-67199632
13484863
-102940118
-58596724
-85082981
-81775125
-85097580
-138563607
-2842006
-34899345
-70523593
-74578848
-42882477
45977039
-44213702
-15732327
-83792207
-30973961
-33564307
-88373952
-41398287
-68741987
-35914538
-27770015
-55976570
11280489
-70178726
-172610923
-7916297
-5934858
-26652633
1543963
-40969618
-73140287
-8976431
-80827529
-54467822
-135481685
-47781472
-91208401
-99573720
-43031173
-25996548
-74432782
-26275864
-76923529
-162217315
-129058818
-8422008
-26782342
-4048277
-3333239
-46484229
-98528732
26836286
15555868
-8931490
-14538403
-49421897
-60323278
-41815206
-121752224
-103546683
-70996274
-22493641
-64582073
-36646883
-97385225
-100787079
-22969615
-113178802
5859158
-75364923
-140845978
-109748168
-44979742
-62220094
-124263428
-74183840
-110733367
-81266859
43942982
-64989862
-70596667
-94025059
-147116207
-113636712
-109059094
67421705
11761665
-25701661
-9310895
-118256619
-99875112
-68124015
-53253051
-114121167
-57615769
64408821
7701947
-55936090
-23738169
-26254296
-108962925
-77045221
-214657908
1685603
-50822616
-90241605
-63806386
-9164635
-35334623
-47079560
-75753676
-90067940
-55961373
-106043955
-57893282
-107508666
-60870768
-36021195
-37301124
-76085792
-109211784
-51113115
-68832513
-97285485
-15698450
-102381975
51365324
14781607
-72197389
-8819737
38345047
26185009
-67465471
9264202
-10670829
-11311213
-62180905
-27068850
-61616103
-25809203
-82903997
-10634389
83179321
-70117191
7731769
-103719228
-131280822
-78796426
896534
-47137741
-105273657
-92324232
14445420
-72617351
46068038
-49079185
-119500234
-6977760
13682194
-61358438
-4870720
-24337164
1925509
-55044538
-46033890
-33291253
-126529625
-71793501
-170951203
-153539035
-18932309
-123143433
-8535899
-75491312
-70260390
-54436964
19338512
-125087964
-3919061
-97423151
-55049549
27257419
-79480460
-21926839
-11791381
-18432930
-75798199
22820324
80807879
34639239
-114636619
-96140722
-31602406
-20555690
-93652751
-106468577
-34214724
-15160847
-109739865
-84764764
-112372797
-66503999
-103828028
55160762
-21281288
-111047659
-29585306
-41507295
-92695278
-62752086
28997086
-54936805
129946317
-53429103
-64239112
17238729
-56225624
43243633
-24037326
-58057928
-21977438
-101138000
-86850595
-1331253
-115843426
-113536078
-2931991
22962775
-59072533
-96961115
-91158955
23041579
-103218865
-65647198
-181431305
-150699347
-68815422
793508
-28837224
-194530689
-94305223
-42713984
-27457555
-26103692
-162234990
-105718016
41296785
12711451
-17183472
-105302673
-42701549
-59032504
-99278800
-80358243
-100828469
-68605027
-111361058
-35247259
-4252433
-32713953
-134971702
-45179373
4482001
23352410
-36916980
-45153028
-50095220
-53917918
2564700
3696495
28871961
-134026082
-7314156
12807047
19965628
-38257182
-173718369
-85923164
-84432492
-227411713
-2107140
-14265982
-97065958
-7678851
24262103
17318821
-38821568
-158032193
-17194764
-26436325
-73888119
-21840370
54916424
-9163042
-22087271
468271
-43407744
-44127698
-58590132
-52396853
-117928635
-42146571
-109756253
56856629
-27956716
-20370240
-81465540
-50194959
-33452438
-44387784
-64312287
-6142812
-16035156
-65573609
-78914595
-13053288
-23322120
-55579044
-77065420
-27509997
2142250
-29180566
-50417295
-108131994
-46961832
-56100181
12096262
-136123577
11535320
-13183741
-75556732
-44824065
-3560453
-17762373
-100048488
32646778
-13456701
-71266136
-54245492
-50044072
-96662579
-44405049
57459789
-148162412
-111622238
5785008
-39147753
-15162547
-30610074
-76942447
-57650067
-7512077
-97505339
21107326
-83705511
-39548077
40711412
-74089214
9327195
13929305
-73313924
-32770282
-16482467
6247007
-14653757
-79912244
86093146
-76814250
-167136
-23013944
-116651416
-37314824
-26858183
6401758
-90932382
8972959
-104277744
-25197966
92237345
-29101091
-70368111
-64075260
-22106393
-13118498
-100905365
-61025577
-15497448
-94551683
-94399513
-120837254
27107766
-191447242
-114743541
26267916
-111235052
-80572079
-72493563
2495692
27142501
-36601440
41496337
-26196604
-27387712
-98548905
-78026982
-78274522
-67290126
-45096355
-44994014
19638860
-77031135
-157987
-46211769
15566620
21871119
-63069129
-116959235
-13829156
23586022
-68014323
125880
-131592819
-44635409
-32468009
-86155094
3491498
-126757676
-10570171
61350892
-35370677
-102115581
-75940099
37931610
11643333
-127068558
-11844792
-18409133
19157923
-31480555
-68408261
-16509881
-46729308
-108044368
12168738
-6206023
45632396
-21414961
-71182221
-89875738
-56338640
-106619644
-27782897
8075475
10835252
39312457
-122024089
-72933713
64753087
-134158233
-63242143
-65724409
6937901
-21910717
-76949194
-81155729
-85311542
-6183599
-104398843
-59420420
-68561250
43617079
-51948819
-19545611
-116172844
-85022994
62703819
-133677212
-107722785
-138382892
-32239217
-58361204
-128873396
-125084012
-185645238
-15674436
-133062364
-49978970
-73707817
-105476436
-116515927
-2549004
-51187107
-10782497
-7458666
72553161
47528761
49852708
-7384650
-45213259
-125342745
11722883
-70459783
-85465888
-36267962
-11938264
-115552815
-105353689
-46656815
-66178408
-45998315
-94645334
-75467686
-92192210
-103729900
-30383462
-32402475
-147542067
-9343385
-4182000
50295552
-116862454
-20468938
-32994702
64456954
-8547558
-154223920
-18420501
-39946979
-23068247
-29829400
-105674729
-112349317
34061241
-168166920
-90049662
-8949577
-86091122
-103637645
32107585
-33369986
-118939980
-24879288
324929
-98441952
-29688118
-20610073
-90087774
-84309309
-40473581
-2815674
-30948332
-109411575
17055109
-11852836
-51825506
-9272063
-66845823
-57408907
-7284021
-133723811
-32419042
20477187
-2334769
-36360578
29151101
-95486963
-51445106
-133021046
-31831925
37864011
-32900541
-22617234
18356795
2013131
-35102099
-54051164
-140281399
-18901728
-73060851
521368
34133602
10063173
27032588
-53413943
-31078284
67071970
7274462
-78891689
-94178323
34300128
-8602550
-145992119
-148233730
-60574372
-92733561
66297148
19597869
-62810118
-9292016
-72515048
18865728
44158864
-63247285
-40329196
4710878
-16647452
-94162014
-28626370
-85725147
-95880253
-117692601
-75309579
-36848139
26319864
-72089626
-88644040
-121859745
-79896267
-102246380
-107076952
-21946475
60461086
-36748665
-86817095
-90377797
-73994268
8838249
-86544875
-61432311
-59345651
-91068338
-23769081
-53975935
-21025076
-67520274
-127118523
-22175678
-5834859
-51073373
-8341858
-126103860
-16830317
-142763875
-52020209
-1687587
-32215340
-38870094
-37055724
-8281012
-45093505
4683634
-22464783
-109087686
-29781044
-12513054
-76053001
-60337146
-121001729
34894915
30944526
-55606175
-85306112
11615791
-45917792
-16066130
-135727040
-13720893
-46346600
-58952758
-41960359
-35933149
-78606601
-100855777
-11061814
-17400881
-55650551
-172953408
-107872190
-5399561
-43502053
-112514227
-54014477
12321497
-56033460
65511046
-19383352
-112391243
-30103688
-98152881
-107368589
18227746
-163102298
-24298105
-44478029
-64428441
-79755562
-116978995
-151133806
15476089
-108114549
11904227
-90993150
25094435
-18307692
-70250082
-36418713
57432822
-293899667
687897
-26771525
-26376044
-48427395
-58326289
-76803192
-75907125
93111
-60975064
-96872342
-73213932
-49752347
-54856738
-30870328
-109811845
-80756473
-85806212
-73314007
-43932508
-143517046
-104065785
-37877320
-94366452
-43325226
-91219991
-115742020
48771786
-54756241
-48069644
-9587389
-59324528
16551284
-50348576
4345623
-53589122
-34724266
-7755893
-20756042
13336471
-17684581
26326221
-11349720
6253834
-66159657
-92703330
-90155934
49951862
-19072403
-59887072
-54050711
16213296
-69150096
-89825436
24303085
-45571205
-62242564
-35760882
-114748447
45509472
-112529886
-3512590
-65387536
-28276647
-2289764
12741287
-55968874
3472437
-51971177
-108907297
-63145652
-36093353
-28620456
-74901329
-125406846
-57189765
54082807
-100697822
-116757060
-84787001
-55215401
-80795737
-36535788
-30933773
3040195
-145896616
-130269
-34854826
-2897186
-23313022
-58334101
-2490663
13674153
-78331239
-95845336
-126751353
-120396268
-45577007
-55179002
-62035833
3609781
-60768869
-32441807
68656716
-53262197
-58471695
36207567
15644902
-32855189
33777219
-39364086
-170767242
-77437082
-72778982
-9056586
59332600
-37780594
62583961
-80221489
2399204
-94480423
-110007059
-81740607
-84995886
-55262357
-37211494
-51141970
-45089883
-108181350
-23601343
-82245751
-45395642
-74848986
-100074978
-109211910
-4581213
-86118251
-106656351
-13656158
-34671410
-85706292
-49728912
-34355714
-47194649
-7147429
31675196
16783836
-53772243
-60364391
-145106208
-25609460
-62652424
37350476
8441678
-46397173
-112642407
682091
3174267
-17803909
-80616566
-22872152
-111169244
19819434
-94811220
447402
-53592546
-41892909
107882161
56528143
-23944750
-35538898
-28150890
60080425
-54705988
-113878407
18421153
-89683318
55554487
-54235220
7208083
-127055953
-43455810
-7418172
-51080846
10853461
-57935623
-147402122
-32615438
-102814650
-74314316
53352172
-46169662
-64235069
-8786995
-4269689
54123037
-26657825
-35213789
-13790318
-90462651
-25052910
-19455317
-26005348
3217505
-74120213
-33925046
-24413777
73783373
-32930184
-31200171
-23393689
-132542522
57887383
-119556447
-37383588
-31920249
-75007851
-24543643
-3254135
-85636578
1703589
8740959
-92788265
44680911
-160574301
66695526
-92405242
-43556089
-48941652
-85596017
-76151543
-110749347
-100793668
-18093304
-61362881
-31108998
-15958815
15301458
-54264036
-55745848
-136894136
-161028551
17940884
-44722912
-50403137
-41335744
-1266773
-47895034
-93193300
-99165578
5913297
16749957
-48383519
-92073557
-8937055
-52119084
-93678484
-49621034
-127050464
21525677
-15870830
-95585360
-78453486
-106860822
3410897
-79075316
6471412
-102660623
-31389376
-97341818
-157773822
-64009757
-26689633
-85444668
29683384
-56647834
-39537544
-54645347
-44109871
-5611011
-52110258
-8657225
-43531753
-28843520
-33072739
-12510637
-31885054
-68221999
-45011900
-69577595
-28348324
-90056242
72000335
-45369075
-60546572
-36284140
-77495126
-13830393
-34415971
-66521197
-28465541
-74605487
-89504724
-1837235
-97118487
-87973692
-59544552
507230
-7181174
-29739799
-25713351
-28127893
-61183198
-91776883
-16382983
-67769266
-21818358
-10462228
-16674471
-140020295
-94654938
-31791847
-56611420
-104440020
-73259995
-11991787
-40659325
-38476160
-25541585
-96563449
-177156275
11458760
-55601974
-46558244
6405013
-63470656
-45592287
-3568958
-72415361
-83251918
21545580
61218325
-107405371
35807738
-37674559
-55991433
-109659114
50665137
37137558
49139231
-53269164
-45203816
-126684915
-69132897
-131108191
-77229170
-6049159
-1665909
6045443
-30507822
24654652
-113705796
-4530432
-3625166
-31567552
-12401303
43798139
31772610
35934501
-97071291
-25325155
17794757
-18737664
-63728180
-60348922
-49385709
-20794318
3814654
-69308070
-32852500
32004005
-38191547
-65351046
-97233983
54462004
-45281020
-73131902
-160373192
-59051065
-73377268
-111520751
-72381804
-112417212
-89448774
15975272
-3382608
-58265383
-27965591
9803515
-24662208
7794982
-16986192
-104011235
-55618381
-65429599
-74524680
-92557561
-22829563
-3037323
19043551
45812516
-81100577
50767808
-43030537
1471655
-50902212
6500648
-18425755
29813852
42782593
-46965806
-82157385
-50165765
-136764901
-8801561
-47585747
-647918
-22543153
15397756
-104193059
-78352992
19263947
-39345161
-55954596
-7598029
-85093524
-121669459
-52252546
58294179
-77181217
-112342020
-91666590
-68449170
-31735876
-23491086
-102395991
-34490466
-152760503
-30080166
-29453995
39609923
-138777975
-14156138
-27854535
-38469437
-108304609
-83414149
8723663
-38581410
-13235671
-115429787
6624711
17245452
2386656
34632919
-6925765
-80905164
-3384829
-28329171
7592085
-85653305
-133880603
-51157286
-32916450
119196372
42799941
-51786267
-58628256
-37022700
-15442310
-82373319
-12620664
-93869102
-52335470
13349999
-29717922
-61741125
-57015511
-102269444
-25878671
-141368011
11679265
-47027106
-81470553
-99275613
-59716264
-54706545
-74088303
-22510715
30850913
2020028
-70528477
20768683
2582396
-14380597
-45045328
-31105825
-54117761
-82981828
20439402
-32386754
-54496699
-68897971
-120233625
-33159768
-14734071
-29487519
-87534530
-116164844
-167553810
36494161
-22952888
-83514715
-37321901
-12228544
-81530766
-97745794
-35583127
-22346717
8595878
-51629456
27413048
-65223265
-36776586
-75256917
8574650
-25983293
-18685949
-78551080
22028548
-111724767
-42929610
-108826544
4558450
9088360
-52419071
19406770
-7975694
3699663
30248473
-32677120
-85243894
27862528
-38503968
-33829464
22052544
-4799216
-69470777
-141437956
-21732668
-67557350
-98735769
-88979975
-72249220
-42028508
-113974677
9466836
-24505465
-82591984
-6556230
-108962635
-137237875
-48901404
-136466371
-39501273
-7464260
-82677856
-81836385
-79062271
-11828529
-117819665
-9085774
-58319104
-85148108
14531011
13028211
-29646399
117466
67278872
-76883061
10667371
37110687
-86889149
-118219382
-161595749
-85733467
-130105621
-25759492
-25306774
-62396814
-78362364
-89709181
-151199843
-81420997
27430368
-46449924
-38153382
-54656482
-63474858
705126
-88221935
-94670853
-26907449
-20538412
-77176967
-52319618
-29164023
-32923935
7769820
-61188398
44788452
-55784157
-97378932
13160764
63880108
-78723868
-22519064
-139264659
-32297051
-141960136
-4929884
-47834230
1267876
-12229407
33888747
-70194216
-1180186
-1519868
-34197337
-24984248
-99018360
-132854941
-4514203
27403106
-65841519
31257602
-31658419
8879863
-191869249
-40472835
-38515185
-1850900
-44359210
-29815389
-136674776
-101906224
-18187791
-78333091
-47991827
-125223915
-6741959
-31162654
-94688272
-78621789
-52755804
54883585
-99017324
-6520138
-128008880
-63429734
-28915870
-104145921
-112685104
-27240097
57692074
-108402075
-86903820
-7385109
-82703898
-52816163
13592463
-143861659
-52944149
-68444859
-23482919
-42878176
13757277
-6482475
-34375603
-65444630
-46503425
-6103691
-119582952
25426038
28751974
-99096559
-29309413
-36168224
-23625177
-53939892
-58570065
-49501786
27354460
-55067559
42265162
25710094
73992823
-15796117
-64647379
-68386582
-69740988
8619232
-119157018
2946669
9385954
55353764
-78113998
-27860109
48959595
11038030
-40411517
-44045851
-101640479
-11926970
-38752757
-53326463
23557076
-52230233
-57611757
-81605190
-40999088
-59686238
-119316569
-110110499
-27946262
-1374912
-44398769
-29902063
-122123951
-72349511
-92387300
-83922783
-140632177
-81470575
-79374300
-28346777
27002800
-65732966
-127805755
-20816413
-136133247
-100963303
-156771946
27795595
-107624025
-6870102
-60636907
-42121514
-71223543
-31758987
-98744458
-39005839
-49546529
-8486628
-49646398
-38723748
53827510
-24617250
-40152349
-86402358
-66427944
-64236083
-139832554
-45457406
280463
-14613823
-83261599
-72516671
-123704503
-104810943
-1691006
31988987
19663176
85969425
-124540089
-33110104
20652120
-55543325
-129910447
33136407
-606975
-90497805
-165443345
-24815608
-85290177
-78891696
-42135715
-4054109
-75459526
-59013640
-105391141
-295334
-34580449
44708173
2608219
-31521369
-75176674
64890938
81319886
-80825473
31084673
-128477322
-101910678
-23278983
-93983545
-60510708
21644889
-71775296
31153360
17027476
13143215
-94665349
-96729714
11138554
-128034759
-131937920
-9736534
-51439570
-65058202
-5954771
-74264756
28959804
-24514129
-7939847
-77571556
-86997184
-93405446
-68833213
5038710
47418512
25628691
-10657992
-28709026
-78656020
-64875605
-49108136
-129647952
-30818405
-128818376
-9799205
-18175015
-89200734
-18729464
-87174059
-112554932
-60925034
-82585965
-71140443
-34553198
-41228143
26025513
-31983804
21049470
-27635970
-65341874
-4304780
-41643630
1017867
-29985346
64702943
-63643657
-103470475
-55744230
-31062579
28042023
-73817215
-148483948
40218284
-24590689
-17217541
84103789
-112037302
-69866771
-21701672
-35451287
-50460231
-60260016
21539674
6660252
-26983665
-26687220
-64808744
-84521559
-4198494
-54043736
-52603426
-75751734
-38565340
-50271742
-93863098
-173154403
-54099340
41421232
-73672465
-7113825
-69686478
-234226448
-72217499
28864082
-30073893
-120353917
-73572477
-59722508
-33098202
-24776056
34718506
2501437
-104726967
-30462986
-65073376
-46064475
7034334
-54608069
-92432555
-25201631
-117653527
-58068234
-62560632
-89501107
20729671
-96141353
-14444280
-53175197
-40075631
-127814606
-138531002
32813338
-87606302
36074170
-47851305
-15948163
-16125880
-108865659
-53947738
-13555606
-23714575
-42999740
-20718528
-22268972
-18962206
-33363164
-115265203
-117809320
-132308229
-56032943
-55506431
-43670187
-88554687
-39450485
-35397066
-31803432
-78650910
50454223
11111944
-55272453
-90057633
-8243194
-78186293
-28850552
9280388
-94041126
-8169285
44843456
-70817850
-40433531
-71947113
-126918293
34492922
2243511
-54081603
-52073684
-73480090
-57011510
86654783
-44063447
-26612064
-89490780
-76185969
-27406973
-98249675
-7784608
574288
-33237783
8847918
-56360877
-14047233
-46922396
-11592765
-78551217
-2844659
-120562044
-7618735
-11488955
-40499945
37863732
-134732020
-2837438
-18497103
5498111
-137938552
-5464734
-17341097
-92729812
15457784
-154343633
-103009174
-183990747
-72849123
-72619656
-89966937
-28461598
-119796893
-105536437
-86629172
34208726
-9174998
-52093009
-73039012
23302059
-33029951
-18333680
-73156612
-58660127
-52305695
-155741380
-59906405
6292559
1954393
-41331854
-110130983
-44126368
-44511686
-75434257
-66489693
-110781141
-13703216
-62604474
-17599405
-12225458
-16371151
-73295651
-96584098
-37423531
-9948193
991081
54325493
-25982517
-30950359
-68895427
-52046722
-37272791
-129057039
38683099
50039879
19545069
11246453
-123243741
-38061220
-67433268
9866352
-30899374
-119653227
-40872547
-65762449
-41905891
12568959
-73295664
-2998158
-92041288
-52472737
-13938686
-148244985
4045424
-87373453
-95460865
71011813
-21734348
-71446252
-870076
-61351242
-90245332
-48553927
-32891889
-104139319
48812207
59761718
-97745433
-108119635
5439720
-65790527
17559069
-57640550
-79955481
-8682621
15665113
934995
-73386311
-74877591
-6343208
5601886
-147987298
-57263078
9024037
-32038503
-91029395
-37902912
-135390333
-36332665
-38254571
-40381
21175233
20109662
-27171905
-29900016
-77922561
-56436975
16931024
-15193634
-12052916
-30320870
-47889488
-10133757
-37906778
-28873018
-35721503
2629934
105407173
-21676232
-10079720
-81644589
-24239159
-70845148
-45432124
-89738123
-16213269
-47914212
-20028883
-11149730
56422198
-581357
-32592707
-39890685
-87260608
-10227741
-109680228
-48655707
26810790
-63370153
-14297438
-45877592
-37074488
-77644967
-83766577
40149505
26607287
-48498769
-99043398
14538616
-85357447
-164958347
42567350
-48675800
25140754
16916876
-69299229
-85383410
-113956836
35932167
-21034965
-75178185
-51358568
-167621507
-61361040
-67977227
-79618838
-40055206
-52020363
-71721895
-48511644
-9391631
-148473239
-13479134
-53152339
-23117292
-83840652
-92059006
-54748782
-72271992
55049306
-41255679
37534740
2131399
-117174435
-3256390
-84019826
-73689081
-58665994
-14351753
-57434887
69314273
-33297570
-2123611
-112427434
-100666352
-85826877
-155737945
-32192824
-9883252
30917151
19338326
-51938808
-80002366
-96245354
-45141447
-66256298
18421303
-66431769
16428160
-44272014
-59534353
60368860
-88405974
-98564529
-63636741
-48749190
230950
-119100208
-1463523
-38853395
-12223851
-50987981
80738954
-69951619
-66854763
-26730716
-50197721
-10010426
-38167747
-60045215
-57247981
-105144198
-52691958
-93808361
22827408
-78729413
-23920300
-10070023
-100096265
6305951
-65534594
-72988170
75964900
-4529113
-46720339
7955991
-118113695
-53994751
-41946806
-111163770
32368511
-114633357
-70263743
-69688548
7098255
-76425050
-150234178
-23204785
-124349750
-116665475
-25129157
-1091602
-40740095
-74038291
-47223530
-1790930
-10578143
-41567629
64899106
-65603117
-52684909
-14112848
-73435219
-81077881
-122959560
-56677809
96851278
-131778983
4409051
-53226376
-55440452
31369951
-117273976
-40042557
-79222156
-70625803
-83369009
-41793993
-59767708
-37169543
-33665883
-39528926
-97279053
-71970255
-33276160
-63483804
17382774
-31863835
-127053393
-20976315
-24531993
44840258
-168288889
-50704767
-8019812
6463982
-81650525
-12088474
-77186418
-130476261
-6341887
54582920
-61553826
-90782544
-11143014
-11254967
-51113089
-172631332
-56127721
-34619028
38453152
-124288027
9266741
-81100124
-43016579
-88151879
-48749445
-66301051
-15113261
-51317819
2660268
-20835881
-148166292
-137219766
24115582
-136001955
-141707018
-64987753
-64345193
-29833176
-93005960
-14516415
-142365765
-117539018
34031363
-5106345
-3569083
15738760
27344721
-96438675
-22122571
-61761614
40132547
43039475
-91041491
-2152592
-64156950
-85049223
-57836800
-131645277
-110426829
-81713249
35685260
9467759
-106370599
43648249
5946559
-70175981
-105246259
-107557033
-80465207
-33245470
94400305
16490165
-92762979
-104062496
-195327934
-123833252
94578056
71517535
-57044792
-53484581
-15732781
-24656729
-67277839
-29032327
-27548414
-40170572
-42003827
-81624527
-42247371
-76300218
20121486
-59066179
25403871
-84877366
-10435880
-82923711
30427112
-7623026
-21555484
-130862003
-48962358
7081963
-60567543
-15463754
-79843231
-5256920
-153179179
19299171
-75091681
-40601233
-86790912
-79212620
24647968
62969750
-68720214
-106263072
-74938562
-31577308
-54354402
-5671304
-36948294
-157161748
-65038353
-62153507
-136651220
-20010320
-61854799
-58699033
-102383827
-38765367
-15781248
-26223134
-52843339
43703876
15428451
-6212108
-92354298
-73553095
-88810912
-119103937
-67765293
-88095044
-79207078
-85741222
-125382958
-123393482
21321595
-67527693
-13565540
-72197867
17987241
-57630756
-9077967
-79369481
-159909626
-166406993
-96838016
-3827011
-46520685
-57219567
45741842
-68739398
10541620
-17131007
-36744220
-7674509
-99334434
-47579677
-38234306
36567319
-58572164
74673718
-26196035
-60263271
-62846043
-283681006
-166358222
-41454279
-34604534
-13741907
-93305609
6599583
-43876282
-76139973
-39636921
16446877
-10351213
-130601584
-144396752
-28367817
-111006338
-22960191
-69623867
-24280868
-135141449
35770540
-136011205
-23026234
67712912
1464924
-196892696
1800668
-58901646
-3529299
-48088745
-82004570
-115827645
-44222500
-111179234
-64282687
3216904
15554493
-70094714
-77045512
-21466224
-55861519
-78993173
-2639407
-49184435
-55000881
12621731
-137410939
-83289000
41078596
-46194477
-1060065
-58210181
-85685352
-54345670
-105507337
-89506202
-13709062
2823454
-12348544
59916689
-42442604
-91273959
4124746
52974449
-76337305
-82648695
-27814829
-45850780
-19657814
-145273200
-19605327
-106424709
-115500859
-125135544
-25689719
-49699542
10159128
-22719181
17331712
-46309687
-52614122
3167325
-11574516
-15548091
-37141759
-45901424
-4827926
-93614982
-52452066
-117985490
-56115583
-15146364
-65188112
-51805017
-137454861
-89193995
-7697633
55763836
-128132105
-55589676
7246878
14689864
-14328742
-15904400
-45369702
-155902045
-42372262
47185615
37155730
-84291562
62932123
16053621
-21233159
-108141149
-49798924
-73428994
-24424516
-9855916
-9502158
45562555
-102720505
-73087008
-96619526
-30216675
28763923
-26473080
16972789
-83743020
-6332948
-39517220
-24281400
-42029561
-90232069
56934185
-43275924
-71419278
-32260834
31543042
-82846498
-109653942
3232425
-63125701
20254258
-77674543
-74723926
-37584732
-90396517
-56264034
-45426248
45136867
-40810310
-49077055
184597
-45148060
12453413
-124788183
-38791952
-34525955
17844004
-144858782
1411672
-624530
-35331046
-53099043
-80935637
-17865744
-1889652
-25143154
-103180319
-92438574
56715187
-68162328
-22673664
-49022394
-94926173
-57678088
-36986203
-75226837
108858694
-36696485
-743433
-77765615
-41134153
57508955
-92419205
-41863358
2252789
-115879961
-23106449
15336342
-26950802
-91136030
-81400321
-111921091
4127295
2142408
35485396
-8150211
4253334
59405106
-107358733
-103984685
-65050184
-44606106
-76372917
32896481
-107295002
6234599
-105354159
-76727140
-134292963
-83977671
30282536
21624593
-41418526
16108045
-27260923
-2801120
-89029548
-92857615
-62516976
-93212326
-86722467
-43362450
-9472820
-11495440
-122005735
10390443
-161807310
26679911
-8360117
15106977
-57201601
-46577326
51793237
-40846614
-34486108
-11162689
-102648614
-92413542
-62061575
-223741612
-84721746
7174558
-161909777
37873780
-4243203
-24765160
-8289911
16479808
123730125
73063469
-74885512
-2590708
-49497496
-81840320
-113688977
-48204303
-1134993
-59371746
-175114
24027026
-70042787
-16201114
-178916739
-58496657
-84352379
-15836939
-62019680
14095356
-84303129
-14197477
-6097860
-88134857
-33616962
17873615
-28642759
-27203030
-57172885
10138346
14742948
-104905102
-75865040
-64714595
-32029575
-73609035
-119554611
-83888780
-112746069
1836591
-34121055
-7094572
27274225
-42381625
-85614111
-18128422
12976207
-178777008
-121702849
12822104
-98121945
-77889744
-13231010
-30702161
-40173659
-39428193
19594149
-88853098
-41184448
-30060279
-99119530
-61933393
-103352728
32094847
-13889090
-23478707
-82683061
-32526369
262319
-14587806
-39249588
88070015
6120069
-10802435
-48507483
47650109
-29717872
-28503223
-143421019
-106358531
-55641111
-57129496
-108791915
-55215212
-118613745
-154195008
-107086631
-25076726
-78405143
-131804219
2153701
-8807566
-19329725
55172399
-66110554
-11106091
-94963320
-32027544
-71257753
-78278373
-174737536
-17320954
13805515
-37230267
-175465601
20473529
-185869314
-165381546
-21748439
-3830965
-131386464
3521793
-113245400
89518762
-106556490
-53369966
-8934195
-37067044
-61121276
-19930399
-49621224
8649386
-43607424
-54836761
-87623946
-33545981
-31166002
-119743883
38893708
-23623693
-28369204
-149585507
-41103041
3995930
-16858266
-2429634
-38663720
-37546295
-32351009
-36017711
-142968503
-116713515
-5735141
-100817757
-101680250
-143732907
-85474074
61561285
-63937709
70185900
-68810880
21682935
-28491235
-72993050
-51326468
27901722
8143378
-108510755
-23295753
29503757
1692582
27821040
-66489472
-89000968
-129910288
35025205
-108656627
-59378867
-25325499
-33752957
-133353329
-112414826
-104130393
13857109
-43803656
-16070239
-28878320
-45537623
-29154628
40450447
28405974
-28705523
49142915
-40199830
-29063982
-157424832
-25291089
-56232914
-32526304
-111157997
-9580402
-119167216
-71670464
-76447308
13302419
10577982
8427792
-5000649
-108396916
-12044517
31678914
-82262806
-6717601
-113107215
-160052069
-10857148
-491775
-13919611
47746268
-7785968
-5815188
-120815919
6168904
-55921342
-44070225
-85282839
-43866912
-37459110
-47699092
-51958951
-106798314
-93479663
-794744
-42919449
-3866620
-122848101
-42734217
-74641838
-102163755
-30957799
-2647540
-80333076
-18843010
-96738192
-58465218
-83096298
-77098126
-70775613
-111081418
-82693682
-162366387
-42635543
-51449089
38764943
30986233
-78403985
-51045933
-75010733
-48389251
-19011424
-83802264
7222041
-146771089
-95177679
-105680720
-98852284
-83905681
-24669963
-18525851
43882244
-134734180
-13994370
-67462165
25975278
-139589316
-85781422
-20916496
-23055364
-21119845
-31277791
-69132555
-98969842
-104488392
-49730877
-38373527
-136309130
-122027121
-61915217
-5346968
-60604844
-16048225
-83293908
-39019542
-33575643
-101696504
-27403703
-54421131
-31418390
-32487882
-16968556
-34948870
40294548
-77096313
-62502386
-15254929
-46404151
-71490862
10193018
-52114041
-161095847
-90884792
14283248
-37006080
24470400
-51243263
13203454
-119660099
84994895
-33233541
-33571913
-117370780
-137153921
-35887601
19180629
-11032484
-124707842
-54155387
-2269820
18832708
7938661
35643287
-27137400
-108472152
-42809735
25375336
-102325005
-112165919
37392037
-91024630
-85366804
-48013590
-86156633
2806812
-45264815
-103216021
-109564112
-12243174
-79926054
-41388127
-74895856
-118812388
-20340734
6756602
60593122
35926378
-82299129
-128385064
-75479849
-99747267
-53567469
-3072016
21451566
-29038258
-53162910
-90299755
-36974667
27188748
-73701046
20004585
-91064798
-21912352
-43278379
-14966936
-13399692
-69692568
-35750060
-17444783
-107171202
-40864636
-43452076
-23648944
1120878
-60876890
-32558128
-106515762
-24775962
-26846350
-76154759
17209288
-88216670
-36232954
-18801366
-146592994
-50649780
-93860041
-84589554
-536204
-47406179
-83345993
-17619488
-11217052
-58002076
-47090903
-55408636
-55744767
-43704025
-16507270
-55624925
-54159460
-38669323
-38413691
-15211113
-134288245
-115295795
-23531875
-31866123
-2644506
-112110389
-50918706
-7253088
16729026
-46371658
-22236780
11344334
-94867381
-57123011
-101563854
-61306940
-60971362
-32941690
-116964844
14471963
2235130
5809766
2662067
-74198884
-20285755
-58158512
45831492
-221746052
-91188226
-40643912
2702834
-96775332
-23338757
-20186301
-99450618
-25487990
-125625220
5449117
-11042384
14767861
-36149561
51290020
-29786178
-54053788
-20992259
-85315066
-2058658
-78910500
-46017943
-91850564
-1718628
-124701302
3494404
-67755574
10228265
-124271857
-52314208
-46298040
-77693022
-156465353
-66941340
69957747
-68640591
-94076643
-124065972
-115800898
5809213
-33535984
28775503
-17137280
-106114770
-122612374
-107512446
39440013
-104069381
17204601
-71074221
-55219753
-104139020
-12994557
51152531
-4192194
-62360815
5102424
-43023056
4910258
-111125262
-11832240
-5741273
-195449852
37745261
-61310103
-62767588
-72040603
-138780418
-11651000
-30011189
49002611
-158397286
-16796063
-61684953
-62810661
-50709258
-239706616
-91867945
-41497345
-89133471
-10983024
3467243
58022148
-6026640
-90084764
-117160358
-63878836
-85772686
-27026441
-88485356
30752364
-72915246
-148604077
-114411044
-61413688
-44837076
-3313652
-35870866
-33980633
-19861186
-47709853
-37174746
-99637133
-162693765
-83559806
-80896798
-216896496
30988367
-47615979
6948440
-57934182
16044950
-20977854
-60956169
-37660303
-79309815
-155577596
-144091839
-29377247
-103175096
-43002719
-35364707
-5431190
33048932
22266706
-130304215
-104641800
6490281
-34766163
-32442028
-76840548
-87019566
-100158098
-19008916
-36046280
40217150
-11170974
32968053
-106149330
-26808549
-72211189
-54121105
-108869943
-55656814
-13831447
-92350039
-69187371
-90692024
12895420
-107590990
-74588354
-85473309
-122020210
-83500613
-70621424
-91676544
-94674015
13054472
-59086247
-52177865
-88472051
-47107356
-6567552
44829123
40280667
-68108027
-72189172
20950578
-52316545
-38744229
-114022527
-80922982
-34923481
-47506490
-2891304
-67769228
-42884996
-82514683
-87787063
38756769
5044425
-134404669
7979251
-89270575
-1403818
-117196101
-61119031
-99520905
-3131085
-29182406
-13053273
76535970
-87780757
-32721906
-89745460
-81860324
-22408427
-54225057
-67118278
-62972098
-29839697
-49166847
-29481096
-68680057
-87884905
-80342261
-83967451
-86339129
20561231
16256605
-72549877
-14630622
-69515171
-15395010
-54704838
-42650973
-30314182
-50587534
-50403894
-53494420
-56525874
-27567798
-69403395
-116385118
-115694832
-42214213
-78452341
-75530968
-37614147
-1155253
28439556
-43433439
-46909389
-119672163
-113547139
-42434701
-110770318
56252157
-53959555
-19511640
-45738266
-93416126
-161780364
4261204
-114531414
-16966599
-44531448
-91742476
-92697407
20173736
-80473105
93053693
-20093829
-30104680
-107774630
-78375288
-44382280
-35270878
13894956
-141549816
-86331313
-104163021
-140347713
-71805863
10142530
-14352251
-58101276
-94791674
-43816408
-100321077
20595716
-115436526
-83132418
-108410405
-117538331
-64936154
13665869
-37193798
54144825
76107023
-52320530
-125272942
-92274796
-43030014
50235875
-113702822
-60147694
15749696
-94775445
-22000590
-59905428
-57519892
-56833627
-64673553
-28919878
-6008478
-3463086
5409684
-96064296
-98243688
-93754412
-10200931
-2885678
-119487118
-115775530
-57914836
-181992452
16310533
-7450909
-63864380
-56411207
-60857047
-39560023
-91746720
-10005433
-4583036
-35579969
-76919767
2398414
-71548296
-7607118
-111066587
-93800384
36807038
-124310483
-62113870
11375393
-65214682
-48510730
-10954982
-99305312
-43695526
5798008
-97418132
-50212745
-40447187
-39306412
-72499104
-60751354
-73692969
-47560326
-19033760
-7744879
-83291368
-28417231
-12668444
-99510842
-60610268
17262006
-89171513
-80189853
-97602910
-52277736
9909440
34676903
-57398526
-35067220
-104736902
64920358
-10774686
-83347293
-106064053
33206740
20946092
-42702361
-81149728
-9602697
-46191295
-63615448
-94987394
-35466059
-48092288
-70930672
7862370
-17162114
-20744019
-7440244
48467915
-198714484
-58033912
-93643630
-99972020
-17382920
45033483
-64217219
-105493091
-19262959
-36457890
-40826270
23918804
-51164888
-1027530
-16400214
27606288
-17765669
-67318416
-69880541
-50968915
-106726423
60667444
-78446559
-12913596
11622252
-13054510
-46426199
-36317335
-16634646
-27198949
-4051529
51704358
-20732850
-96036176
-31293569
-79933158
-17409567
-80443061
-147058349
-32248705
-39316956
-57322291
-9815989
-48911139
-33094195
-51215524
-71992157
22950169
-164931667
-217207760
3322101
-25876374
-29064391
16288789
-76074910
-14120042
9607643
26100309
-73280353
-14355988
-55667931
-10310940
38857556
-83533287
-44116898
-24973161
-37838990
-27331588
-44165483
-43371423
-29829883
-18524529
958232
-60586553
-34483073
-79806100
-89881853
-62303068
20321707
-28958151
-61533963
-69984897
-23346021
-77070875
-27667085
-78925202
-149259018
-59981938
26885820
-65072914
-26645914
-76040993
-97392755
-61536760
-32901064
-47025079
-49801251
900755
39122801
-107733675
-35465902
-46802862
-107032691
3805039
-31958925
-47618801
-32595968
-137263319
-46548678
-59330579
-1838250
-77737747
-126017466
-10202548
-136345529
-110512341
-52166856
-116293925
-59935086
-22264004
-51561791
-42670088
-34875361
-74879977
-46824734
-14835401
87087791
-8300273
-206925236
-51286998
-84544589
34997255
-75099692
-200169894
-23811982
41445850
-30539255
17225966
-100357827
3798600
-56297343
-70146642
-77300443
-110600297
-5232842
-12663819
101608997
-91918701
-102559196
13448999
58376862
-201149702
-134158351
-83635578
-43794177
-37109786
-20201157
-57411431
-103383113
9997039
-58651883
-71345673
-38742908
5200279
-17874359
-118177817
19498300
-71311064
-99038667
-23508780
-61155394
-29855416
-69024962
-44230528
-80232344
-60877497
-44586843
-2262786
17540166
52298408
4145656
-77924327
-22087927
28177
-74007796
-84320381
-8340864
-68740857
-97159875
-99222669
-32933828
-48259536
-107096686
66336329
-105214464
-24289376
-44511531
19228935
-61311125
-138781124
-75067729
-107709111
-20267737
-63460940
-15416046
12252251
-51128629
5454622
-42933053
-83399820
-5329153
-104232304
-87815039
-95994121
-43479355
-152197898
-2536550
-15408005
58822417
-29030623
-4011561
1249673
-103578626
-26162866
11653926
-48595365
-105718534
-67692507
-3385084
-60392401
-11184389
-68710834
-233084751
-8203132
-40021005
51393668
-124934750
-15811989
-98538481
-24112002
-38276638
-20439246
-87314095
-132638310
-119991103
-11887571
63707971
2404386
13086760
-79534084
-4994972
-40957352
-99504320
27032404
-80727472
-66075900
-115650758
14503255
-1094937
16633640
-30762440
-39010249
-71011368
14909697
-24265572
-28479026
38998433
-54257772
-114132434
-114249055
27012529
-31756276
-14704031
-141298477
-27783245
-77705474
-70110253
-17092907
-22341846
24420018
-10523358
3089370
-50546196
-29420406
-29552537
-60328938
12850429
-25246527
8177775
1570504
-85423060
-32228071
-60783054
-68917971
-91420485
-8240461
-8687119
-102432454
-106359578
28575607
-79003122
7251534
68222825
-90895207
-55453876
-140744417
-92692244
-146612864
-43928435
-73510318
-17479533
6020945
-73802660
-50573262
-69120987
-50661599
-78166265
-128481295
-83469879
-25455356
-67348082
-25567365
117930354
-11640070
-46371010
-2582551
-2501353
-10448117
7639846
-24424494
14386419
-41658156
12659321
-50508028
44036079
31740491
-28739215
-39267273
-11097317
-39612642
-13542037
-80451837
-93348050
-122682913
22351503
-59296278
-17082934
-65690220
28822319
-43402420
-56785686
74976199
-33066716
-21212173
-14832797
-90605251
-83182723
-51677096
-62557604
-26307761
-129892924
58072699
-99378578
-1705496
-12189974
-22307530
-122607521
1461294
-64541526
-58056502
-45273225
9767626
39433826
22854034
-25062094
-86249856
25410619
7871556
-136712558
-147266304
-162455432
24471022
-53284012
-42249112
32796235
-123852511
-107631407
-38100587
-181901554
-103365988
-50527201
-17053038
-48401173
-82764685
-12335578
-77935964
-25797262
66646225
-23343968
29243848
-16071331
-43386329
13371927
12078514
-26823918
-31568230
-68173761
-64831520
-94126786
-24302811
-7409920
-17803406
-28196164
-99447465
-46166344
-60489117
-53224416
-108991510
-77698066
56286774
11388710
-39702152
-45564188
-38305074
4519786
-92010584
-102420220
22302432
-133358143
-6938860
-64458028
48045951
6390291
-128268597
-101027101
-84050495
-36869128
-3045915
47930285
29169925
-18382831
-142730824
-95490495
-33105483
-35603950
-109963654
4051860
-114067707
-144048439
-32078963
-12261586
-58910661
-88354020
-3021775
-142305048
-9808251
28528203
-15113717
-38443670
-57726409
-24899664
-12249043
18636578
-106005658
-72131099
-62087365
-7913868
-99760855
-131427951
-19293540
-101111081
-126405888
-65307143
-34336196
3376653
86631388
-2841585
-45634974
-12132794
-102110838
-31337566
-62044240
-42120909
-66647575
-50644752
-98733174
-20244013
-49510299
-2614928
-56038806
-103244630
-88135909
-125876191
-210773865
-66304748
-122689569
-4455090
27720476
39644889
47824060
8429788
-75782639
-134226189
-39798011
-90150363
29825842
-93868556
9344333
-73412457
-54534419
-12221138
-25264208
-56620311
5702543
26524762
17848747
-1154619
36121932
-329643
-55489440
-103218286
-87989239
-13290614
-132589134
-23812007
-97024242
-174654566
91953121
-104318332
-48090834
-28423793
-87072478
-50486780
-92058174
-21557844
-4415084
-97838918
-159389853
-68397234
-59876117
-78339230
35590250
-24028425
-41317188
-64453017
-92346271
-120208750
-30808273
39091656
-22217313
-82636661
-100505028
-19087061
-56734901
-137812788
-91108700
-12375996
-76348763
-31711767
-18273785
-88471262
-5692715
-51086172
51649990
-47605234
-81667169
-71993940
-107561055
-139740942
-18740448
-96921550
-46310464
-53153863
-36464386
8298245
-131114999
-272801557
-49721516
-119055881
-109156547
2455514
-32079461
-75926274
-66157182
-51759614
-54972911
-30782086
-65968455
21664351
-38156135
-14893806
27613159
48563956
28546257
-53410357
-71136783
-109679383
-55903513
-66502426
29614256
52125090
-83204484
-5499571
-34626446
-89071700
-86096572
13718626
-83107771
-21673343
-14087180
-47633860
-96936827
-30713987
-14321377
1502551
-58046129
60742666
-14060675
-13823598
-117187198
-38223348
-81651526
38328945
48579694
-136416352
-48797039
-15782978
-47776659
-18997528
-43955358
-32797207
-104220105
5714479
-47570695
-86253144
-88132510
-145710335
-41674966
-31558469
14046497
-133287360
-58527657
-67750230
-123154653
-78230242
-76211015
-24692993
-100042173
-97833965
-10768276
-25425514
-83511810
-49521490
-24049172
-42242250
-73350624
18444759
-29945743
-95378825
-27637472
14938468
38508470
18415104
-85881492
10123336
-138187181
22355443
-79691375
-33326654
-26250896
-94025732
-39037583
49275709
-13964210
-151180222
-76914065
-23389699
-57969599
-112411981
-92260362
-54324657
47831773
-60364959
4620339
-30832431
-14192951
12747792
46811043
-26991526
-85532333
-9652593
-45083384
-50589032
-53132162
-150600833
-20572329
-123391772
-12304059
34609181
-11653209
-101631277
-80974650
-70601002
-125681749
-80511171
-55546268
-6374984
-8728627
-79878107
-35388318
-98423573
-47851873
-82994406
-31178813
-53828038
-36707367
-52776831
-41377316
-21910024
-133264151
-39771941
26898822
-143906475
-27218727
-56982328
-174464509
9193196
5296847
-27639018
-58141689
-24586271
-34822275
-2670549
-90483119
-61080359
22218463
-68599471
-87431507
1120655
-111050904
-69703457
-42283224
-43879266
-19950024
-31058402
-987406
-125710363
-83453458
-83639630
-67035158
-41371414
-53685314
72161056
-34085599
9697851
-1964676
-17948616
4508588
-16590585
-120237506
-30904517
10716731
31112948
-59140554
-83146677
-93462677
-123870830
-38032536
-63816503
-77031351
-48388491
-45734087
-82135287
-142399635
-62340985
-102409453
-71286596
-47316425
-63561361
-22238554
-54232634
-14783426
-65763200
-74163711
-81642615
-147718068
10786124
-57561493
33250705
19542570
31901506
36328580
-68119966
-121761528
-63041221
-68270951
-74928146
-97807644
-135441620
-34579522
-1913666
-53356919
-103112346
24228756
-17342978
-160701644
-39650503
-96909062
-49140269
-63627385
-65226354
-104171691
-77243194
-48913817
-25863325
-109766936
-40364650
-63037402
-2051185
-99967557

42953465
-92893454
-48524552
-116158111
-143885214
-56826206
-57797841
6360239
9718691
-4164179
-100048216
14247195
-94197646
-85643294
-90052057
-131807559
40799680
-159958026
37270072
-80846952
-2205972
-105618377
51635781
-113243010
-116506246
-219365309
-9264958
-170519333
-118963693
-77936328
55710500
82922106
-7545158
-51017443
-89871346
14678770
-33579202
-18908860
-35781104
-91254340
24961126
-58800040
-37027744
32530298
-66759724
-39887853
77342960
-1977461
-73930616
-33838426
-61189860
-65543591
-114502955
28390260
-32738808
-4997350
-105949289
-34659430
-132746994
-10107728
-61518472
-114896812
-25463112
-104870085
77017975
71646278
-62684106
-85277932
-48151005
-55348724
-17040878
-59143253
-91118994
-79073090
-8443940
82020901
-47532435
-49373565
-4542682
-17193298
-94208581
-19526036
-106434083
-225269249
-59474952
97103679
-90779665
-80581552
-59053099
15427829
63794254
-4131192
57991282
-57654979
-15863211
-109876837
35957870
13349781
-39632129
18057408
-20831667
-104862777
-28156926
-64710076
59665156
6762736
43714390
-42092888
-42778732
-116646573
-89006611
-51694739
-90171542
-9836013
-19322817
-39223847
-51492329
6669006
-20823816
-223059568
-81534717
-44875041
-243353720
-91630940
-102136520
2542576
-94775156
-65026375
-34492100
-20858945
-75671926
-94655100
-62229845
-9755173
-5225649
62205408
-22630689
12402777
-25821504
27925455
-60787324
-72590024
-36261258
-37052254
-101128992
-40735238
-17891792
-58752058
-53137156
-50825572
-105618834
-17419422
-61700422
-71203956
2031109
-42709577
-15270894
-17752248
-75377987
-121293158
-121874171
-77244549
-28652983
-16155895
3205190
-94071828
-105472694
38243279
-34286753
-38993904
-102403356
-93455995
-61521328
-25112639
-44998460
-45410604
-82734046
12983551
-56661242
-109131124
-61022766
22659282
-2059318
-44386109
-117080996
-25108221
-76303419
-28442817
-25676948
40474956
-93363727
-75481279
-90860981
-66958572
-97516421
-55311199
15062015
-139279718
-5228476
-54385417
-5145313
-20911248
-27469605
-46621490
57992921
-37985159
-57098863
-125764884
-131567736
-160338022
-69393937
-6345631
-25322118
-10456941
-23835215
-79592395
-43269594
-43419104
-141970835
10085999
-65912367
-28916302
-101847378
-36241130
-123909654
-130042319
-46779787
33903854
25787251
-38890635
-58581386
-18616035
58815832
-35138008
-73297032
-106350740
65079750
7463611
-137587505
19636594
-59691956
-113081307
-65874614
-70386231
-97374223
-92915332
-133437813
-75309710
-63161760
11456961
-50888
-80821108
-157654111
-129989753
-6190229
-85989384
-29932853
-39743486
73104132
-52571581
82235471
87525309
42967621
-67061289
-23591909
-78777787
-26055436
37318334
-107262618
-58105261
60897877
-15697019
-133219572
-152693964
-97938936
-29065812
-48985238
-45579980
45152069
2808007
-49765041
-93363037
-114442101
-36541113
-110209768
-137168692
-20430486
-40999092
-82570048
19139356
-2976284
-148189686
-70960207
-102596846
-62074838
59639654
-55934898
-64142425
-37240705
-76075975
-6725295
-84176759
42084347
5319277
23214681
-8174117
24889097
-56089922
-146923006
32165418
-72539648
-21282822
-36657188
-44157416
46534117
-109085626
-55138431
-43633743
-32224874
-40746972
-20493410
-9408153
-68161620
22813629
-50812247
18110152
22312197
1141242
14292755
-108477014
-62631834
-77489846
-29900278
-92467499
-99963236
-162270135
34345005
-79619632
-71006450
-71840981
-12098778
-16759542
-133132152
17342747
-118679919
-81377192
-71226160
-4681870
-76630970
-26630987
-13284718
-86629070
-88676
-102130207
-86906683
-137229574
-51624986
-30593666
-108120577
71344176
-53520192
-92603495
8468545
-56790985
-21685635
-93486690
-53053479
-54815741
21322594
-74765226
635247
-28452781
-163675340
-56118507
-99972031
14464868
58515444
-58876480
-34764154
-42470061
-80449974
-120601629
-87533692
-81580391
11835768
-108062195
-5141354
-82114498
-123493907
-123023885
-32992863
-55161382
-121840973
-74541433
16672544
14291632
-84237755
53121636
-88577085
-66170082
-39462393
-120291178
-8644831
-27948685
-58114296
87037349
-84576217
-173264645
-89624425
-23046846
17197787
5544325
-72003291
-103832225
10104845
-80475157
-33863169
-93173510
-79618776
-52637336
-64695742
-123949290
-76467024
-71638658
-77550714
-154041317
-98801871
-79284249
44794094
-113071147
-12835771
-86458887
-75762712
-23845270
2229747
-132532012
-63083997
-85976431
-37617931
-33872626
-54403057
-54557083
-80488008
-152131181
-59469070
36018673
-120598589
-105998930
71932892
-80092921
-54048542
9236393
-95145864
-97765388
-113329626
-86924516
-27936313
-157415900
-203494291
-26748588
-62000937
-104345352
-31547377
-14847147
-15165756
-67951880
10220644
-18651306
-5480877
4259086
-34597451
-102933856
20450107
32734348
26753994
15862804
42253386
43539106
-95858894
1745073
-96714284
21496763
-70442822
-121684564
-63076050
-65035792
-4149586
-36061491
-39838998
-31921174
-20114095
-87128022
13138290
-35485935
-34687751
-116031497
-67804979
-72001385
-26101372
-48097556
-14471404
-21288295
-6297402
-107596965
-50326473
-53081753
-45463477
-21880146
54191837
-20502491
-68874758
-43084660
-27839130
-18309469
-100822010
-56761692
-104927793
-31733360
-95486538
-60631192
-86656436
127889
-38111908
-32074434
-34462489
-88480643
-133065363
-62195506
-34150357
47635638
-18621037
10281746
-53815522
-73422914
-23959073
-49278208
-61125056
64579314
-14373694
-17988944
-72962678
9342901
17569828
-40779381
-21658620
-73775064
-79049663
-51129701
-48240571
-120953983
-131177931
-52238547
-20628692
-12683055
-55437194
-38126767
-8381256
-148725135
110308039
-61418717
-40016640
41924225
-31211030
-71539509
-178263087
-145835154
-44984937
-28339171
63790691
-145008002
-24224282
-146513864
42152495
-94924155
-87078650
-80627457
2538251
9845390
-105916491
-23402863
-41329928
-47609211
24280220
25890959
-63008045
9467259
-39797676
-58386446
-14869719
-64684143
-104966681
-1330684
21703647
-111028012
-39115239
-98418400
-66938149
35683340
-68840298
-41943496
-183513492
-74769020
27586751
80751314
23535770
13124744
-24373894
-79788213
33086635
-58949981
-27102854
-92507369
-44662249
-84891951
-56187528
59875486
-146217096
-135910495
-75608295
-150358837
-107576681
-111507820
-97536245
-15784584
-106479409
-60662972
-86092580
-147069132
-127881562
-42290730
-104721178
-34860930
-431001
-128141663
52341333
-231260226
-52358281
32949959
-74065070
-102592734
-127724348
-104439736
-108047255
-135781613
-111361668
-113637495
-77351519
-51739985
-6983858
74875360
-101525867
2523059
-132428263
-24781114
68322058
-92538023
-68993777
-36218124
-97823599
-90252221
-49839854
-63733591
-62129365
-152675836
-44396554
-90775827
-9635916
-38879312
-45918079
-24055309
12902953
34813805
-17296260
-112232690
-134618814
48994584
-97850145
-176712193
2390237
19533179
-64184665
-38720221
-104603033
-73561648
40341295
-108221953
-62003219
-38218590
-166182511
-36645170
18207911
-45644644
-43548332
-19378250
11196934
-121711598
1051711
31431243
-90036979
-73292640
-82108478
-74784925
-85894855
-53621685
-86941514
-104060763
-1995932
-114513090
-58705539
-13227717
-28797364
-86311656
-112220693
-139874075
-42239839
-35861131
-21531414
-82654610
-116804739
-59629674
-106043426
-41584163
-74792674
-57014217
-26417898
-70371866
29348368
-7630683
23979439
-81169073
-48235331
-83716091
23818449
-28551128
30897093
-80057599
-64025618
-42497725
-71214818
-3583900
5385209
-13824250
-5897540
-117017293
-31041902
-82381845
-67341105
72769347
229556
-76981786
-58110990
-105801130
-7261799
-43284518
27206197
30242898
46558913
19551615
-132640947
-49344303
-87243012
-105709668
17570183
-3667731
-3396421
-77953294
-12716110
37096908
-14247346
-79317331
-41235320
40776117
-25360009
-106297715
-87266497
-26162622
-112266671
-62325185
-35139565
-85890051
2279693
39911979
-55517422
-3560486
-97581554
-75999365
-52248523
-102999517
26571869
13243929
-69952085
-19933181
-39021017
-160377474
5271489
-15624349
-53476034
-113070101
-35154097
-122951406
-26002397
10206466
55642916
-172123410
-60111960
-70604280
-30772290
9574249
-35719197
-76998054
-50053522
-105424960
-49486235
-1108828
-177224252
-71078582
-102411474
45832959
-57446771
-92149246
-115258243
-21821436
-92120893
-34383768
5750482
-86347085
-64394939
-41076825
1506741
-33139275
-128786929
-27300301
-96681788
-24714320
10259014
-26209611
34426548
13052526
-143894769
-46546018
-106610060
-125580006
-65535624
-56705415
-68531189
-13565807
-50799555
-41976363
-158417800
33203422
-70794527
-117590922
-170438690
-14090025
-38529672
4628950
-88679854
59856894
-32638188
-31021999
-9526036
-42901632
-138708305
-64694477
-100316708
-58646237
-116169147
-133813514
-59283514
-109654210
-33607387
89055410
-57050082
15248846
-225281008
-60311376
-64965314
3640763
31106682
-80166610
-62882798
-32135670
-86004212
1456853
-64970959
5176957
-105732697
-51512033
-87113566
-81427827
5000730
-85000708
17374712
-88219670
-133919841
-41658350
-61693687
-27264154
5553405
-521517
-116676047
-237723847
-68555211
-64772672
-116395475
31332013
-20577387
-147239124
-99917304
-181845845
-21963477
-75759837
-87547036
-54097265
-54454834
-38407979
44308691
-81934493
12884370
-89896437
43621929
-16032804
-21745690
9720749
-46664950
12198923
-13811199
-37546831
-68771659
-87146949
37128644
-48367459
-36223592
1955361
-90129012
4170256
6737403
9140569
-85871756
-19117147
-143343284
-26358894
-51000159
-99755508
-34330628
59998357
-69902876
11259651
-61597579
-3737536
-16988082
-85743820
-9617992
-83374599
-110699165
-46083265
-77049121
-37948784
-58844804
-93985660
-21805478
15803821
-88946698
11872396
-67477532
-16824486
-77855333
-49659502
-74231751
-119912338
-15051550
58745430
-15358246
-42769414
-40464953
-98409004
-106912143
-12933672
-99121584
41122884
51291729
-117944771
-74896874
-78015561
-55414156
-8030400
-42934155
-53112520
-2782929
-16778153
20975284
11793426
-72073166
11491051
-119484183
-109068550
-30265878
-85641885
-136476752
-21612431
-89230813
-2901286
14341264
-113606438
-71365648
-92866963
-67949674
-78358662
-29808141
-42330196
-112044858
-68600958
-110737296
58653275
-40952340
-36017163
-89102117
7962979
-148129419
-110696316
-84881638
48012296
-72800089
-62564761
-127484263
-137707874
-83083951
-77145965
-58249974
-75135520
-54337076
-24059817
-85018235
-170357769
-47483788
-25786184
-29060033
-177257887
43975311
27215397
-173468412
-20147032
-2900257
-116719428
-12336877
-64980993
-107561174
-12800379
-18478652
-87651353
-17829991
39198455
10470622
-76901398
32846320
-139816869
-19375593
-24176049
-47625913
-39735282
51787402
-80347458
9827879
-152138304
-152535979
-30369931
-89538066
-106071301
-104661387
-153256697
-63603850
-22808622
-84804541
23058876
-34757461
-64152006
-34893755
-71726214
-41523225
-131908926
-105090954
-78672418
-98858405
-65806265
-38104822
-64990890
-30477899
-125417023
-44891237
-57098196
-32197211
-25346344
-79517382
-58533470
-43975638
-68588023
-29657758
-45233463
-47563121
-80295468
-83253798
-77597554
-106981014
-94151284
-12342867
-196551313
-115559204
26452865
-59421203
-81858811
-16581562
10330548
16042506
-78834924
-8081727
3701320
-95519851
-65254315
-17243655
-40825106
-143307353
-52877550
-37816975
3761446
-29230653
-44987399
-43481908
-13837202
19056280
-3842573
-103974880
-223119924
-81099563
7107500
-21383774
-70547591
-2338775
-15045467
-51687152
-100886202
-4361691
-118630636
-20166497
-46981857
-109848398
-77584806
40591342
-47158750
-16154821
-4603227
10534184
-61091864
-65836529
-110150241
-99651788
19414623
23798934
-107946250
-66997061
7614130
-51304714
-84446944
-94203655
-39464535
11273761
-11046428
-97692205
-94917717
-107537910
32796203
-43254914
-106960247
-140173070
-75947778
-75954522
-71954687
-729269
-28515701
-75219786
-86214686
-31551671
-52831343
2347281
-33945236
-26676947
-44358796
-78738625
-86147030
-36394796
-33597242
-79283286
-102126351
-50521738
-82365799
-31159801
-94382816
-18447940
-94078484
-113680492
-31025995
-56584068
-121209786
-11300289
38250958
-65208767
-125455023
-86981048
-16545238
-27600796
37646119
-99505926
-65650904
-36640767
-15554375
-127421356
-1143581
-79640350
-56552036
-19904105
79458272
-48987370
-118007006
-31070578
-20024227
-66099539
-20712652
-78725769
-92778945
-63739320
-67458082
-31514176
-11964911
-81489797
-48024336
-79526683
3524487
7092962
-104739117
-92318141
-32341749
-75047528
-71000771
-129301394
-40303581
-24126609
-35765289
-64391501
-95957370
-3937959
13569712
-5497523
-68271174
32758558
-45342543
-48769235
-109691881
20142983
-15070580
-89800698
-26382496
38621897
-152155288
-29781696
-82500666
-2024932
-95291123
45283749
71523611
-46396391
-49584805
-5529515
-59731599
-40225075
-57047971
-74396869
62312198
-40261433
10185864
-33523631
-65976003
-13136811
21076254
-97590018
41513710
-30657387
-41750983
-19794409
-108039989
-60169294
-36031138
-14781259
-38093224
-50728749
-45383059
-13541165
-59001121
-20322326
-63165266
-69757707
-119596718
-89980400
4062203
32989415
-127662326
-109418051
-19913485
-17482628
19072962
-44139255
-44827316
4057119
-32480509
-27326574
-67572650
-11751364
-117778893
-75864139
-75425655
20424618
-154930194
-6762855
-31595982
-61434726
-69735588
-60674912
-83563242
-105347139
-32661362
-17498051
-78747299
3911603
45015623
-67985612
-35571669
-57189519
9686946
-4803814
10090682
-110844590
-41133886
968107
-113813932
-50752262
-50773126
-115521214
-60088813
-8806020
-90675885
24422285
-2781075
-39795733
-121186917
-22672045
-137676481
-41324288
-103545304
-49194857
-59865002
-88543023
13426942
-117533232
-47316766
-80337297
-44084425
-38225589
-10878011
-172096100
21686690
-11018272
28554380
3981215
-50891842
-75084060
-58554716
-40127859
-1179755
-103838898
-123572703
-79613613
-16435515
-69135527
-47644366
-58515268
-24044237
-24666908
-68765877
-115386997
109505239
17779326
-36075510
-130935512
-31045552
-1687712
-36657601
17181047
-63677688
-26465072
-79859600
-76828461
17065272
-25494401
-104850387
-65503404
44231139
-130929756
-37200347
-112451181
28329631
-40937739
-91810757
-135847990
-67618090
-122359642
-4534406
-41868465
5485199
-133075313
-101681589
-57173737
-22506665
25957552
-41588465
-8778248
64490516
-70891605
-103041263
-86882516
-16459612
-81139551
-41182501
-124029657
-31999520
-49321523
-46682851
-54504295
-137254515
-114127792
-23405608
-77760635
-63923546
-87034341
-148949170
34629295
-55119667
5847074
-83533917
-27270769
-71829494
-70323173
-46061224
-8900100
-52352599
-15276159
-42078044
-75203513
-91548226
-64816550
-10796087
-23577710
-90126894
-12466267
-6386738
-101538208
12865094
-101734557
-37294260
53159468
-62509323
-165221009
-92077762
-8837918
-25246316
-62629477
5048770
11647703
-33659899
-69879480
-95015636
-117004225
-151522252
10141907
-12471305
-84968906
-13417068
56407994
42753010
47127951
-60931592
-82832582
-61486865
-60725257
-3576075
-13406364
-2783017
-122524522
-35181136
-100823323
-90666352
5193898
53552248
10718617
2003806
-68563769
-14029858
-51847828
-67100315
-11855946
-109085734
-41401759
7829569
7405101
-139255345
-107114245
-28597826
43714001
-110720449
-160853007
-93016760
-49139721
-97740984
59191361
-64721361
-67277114
1621406
-95628609
20446222
43151213
-138476334
-45259298
-9441182
-60015595
34303950
-71186646
-64970361
-94133125
-30071353
-50967939
-43618652
-5742039
-26904462
44654836
-21306032
-32398360
-115224674
-39644458
-77826614
307827
-58613236
-47127366
-59703089
-36045731
-66667699
-3152720
-8595897
-54874239
-99982583
-117202709
-64992945
-26017987
-125191652
-94827576
19273500
-13542639
-38891818
-10515775
-75595
-98594305
34653773
-46077066
-19202806
-14857066
-62396332
-87714863
-76217725
-48577893
-19754518
-27617775
-34161466
-51352602
-109569568
-41186281
24069240
-42100816
-16915259
-10733731
-5726846
-95910370
-50656063
54173018
24181658
-5883334
-76854045
-6268703
17451995
31217967
54442361
-6393287
-65298851
-105990191
-67448316
-55252328
-141912871
-70209316
-68148931
-119489764
-134430043
-56220330
9346066
-64174175
-49663838
26108133
-66143019
6880158
-40945745
-72485160
-117658462
-24350688
-5982764
-56353827
-65249684
-80355584
-104274178
55400202
-41563633
-49970246
-133401590
18247274
-32066056
-83932268
-17410682
-52202257
-225587430
-113332736
-34467012
23121820
11615755
-87135246
-98884402
-24864127
-25331257
-71704719
1089349
-46584989
43642523
-66874367
-87441639
-17683285
-49004429
-63310446
-29059073
46077376
-15670763
-139467108
-61888353
-27053776
24203526
-32332934
-77525772
-63238006
-6609585
-77850457
-30390719
-29426774
-68953758
-112731053
-95864653
-54945673
-273762
-21886782
-48352716
-59640389
-45536448
-96380713
-54282213
-80592973
-20513556
-122531509
-135939093
18415888
-14049670
-73145579
-150283607
-29242820
7450822
-80918211
12283731
-47195057
-11144270
-9915006
26927632
2189063
-43202163
-92174425
-21021962
-12526248
32543144
-16100693
-89839299
-45843368
-93189947
-9163000
-20887246
-40388582
-84558393
21470977
-28008914
-121304918
-13532598
-28492365
-81599617
-124579260
-129380130
25167317
-43249073
-15260759
-103518781
-38596480
25093065
-97956509
-94759184
-5892576
-108851685
-23230361
-14548282
-10128755
-12344447
-23934468
-45128038
-71011275
60330019
21149089
-113772687
-88002372
-1686514
62440130
-64524674
-2518846
-25358984
-56906336
13067826
-114859366
-130828139
-70315435
13481337
53082213
-51386375
-32321680
-51332188
-61481526
-83056796
-20836274
-33041483
9893466
-85897500
-114114415
-88222184
39493787
-6356545
86080111
65904886
-120155404
-101887512
52741291
-82565855
-81711737
-42369225
-87942625
-19460346
-31597663
26272647
-40353790
-11867536
-76865185
-99503615
-144817204
-45751297
29479981
-43387515
-17201843
-132055813
-29699879
-53933800
-112778628
-151512064
-61095956
-12865811
-46761422
-120995435
-88894959
-54267142
-70156133
31387252
-11932031
-85044111
-14032509
-96545960
-81399914
-65318393
-11485923
15099728
-23338676
-88825581
-70470541
-67053568
-88393571
18017613
-64574321
-32130193
-75694484
36661112
-78993485
-142268769
-64681822
-92780796
-30194269
-707361
10895124
-29949174
-46565998
-48851306
-13115939
21035661
-47459095
-44583824
-65417945
-36207149
-39340748
-75225131
-156360388
-30891273
-88468235
-148202800
-56512009
-94625034
-134425613
-62717984
-36204730
-56159692
-45343256
-18249349
-170676517
-59709954
-17843624
-74231965
-55383658
-84650789
-104940892
-38496475
-100040986
-132118945
-101538039
-50595203
-88613810
-30338266
-15470230
-31780828
-23186152
-78728235
-77966588
-89767363
-25068175
-94490123
-109894886
36925947
-73686414
12645684
79135828
-92536596
-69423026
-86599439
-45070899
-54477391
-60689044
-5958394
-68980098
71224461
42410622
-86406178
-23580130
-51237097
-15928781
-97195539
-94259623
-132147537
-24814449
-80349052
-41323332
-103497123
-162044878
-47555031
-5930350
25779323
67496581
17609957
-63339230
-130207776
-91687299
29825921
-52018714
-74754883
-47694668
-76400669
-29419992
-53096181
35070712
-67116531
-12522739
-64277425
-24035871
-46907418
-47993345
36349398
-31421712
50042387
-82032783
-88899785
-43318166
-8659932
7146658
-71365660
-29224445
-74068950
41579304
-62443847
-91106188
13589654
-13954318
-117239890
3070554
27008468
-164333978
-15367143
12258960
-71501375
-76856871
-92108665
-32527467
-80636414
-126411761
-141114608
-80498643
20257505
-66026096
-135512270
-97585950
38441156
14087167
-24783003
-72626145
-44333816
-70522909
-77426837
-105129132
-87567488
-131658099
-122874292
42674265
58593976
-484644
18181047
-6933111
-47748234
-77623707
16948551
-55667175
-27167563
-59668429
-50594455
-62076718
-100632257
-132084636
-12306851
-40196099
-1297954
-10700524
-93396144
-117077377
-97939374
-107015856
-31756672
15294117
-35782438
-92285661
-84418811
-56789824
-54200662
-220869024
14903960
-7820175
-48021885
-45305631
13921837
-61282349
-110018704
-145479179
-106984517
-87781207
-106426810
-64753780
-3863913
33645983
-12885842
1560325
-33059981
19857689
-90742374
40135388
-30730457
-55024272
-89317792
-7359550
-49657427
-43738106
-45241792
-95114044
-74688085
-15416828
-80807367
-11940560
-115118671
-76714434
-23868599
-88556071
4447036
22092608
-30055049
-82527656
-54508857
4394485
-46887816
-7980563
-111568619
1640247
-65916285
-129578451
-129516903
-25353986
-38057767
60709206
-41724868
51690682
-51441513
-76597684
-144210013
40407016
-92376931
-33299975
-51456922
-53139923
5573196
-38500232
-53623353
-138849868
-42944813
-35453178
-64292404
-67896202
20086768
-35823913
-108172640
-23291416
-22384214
-40768397
-75698926
-9656295
-135237959
-12076804
-89762859
-53141910
-97470244
-37010508
-118835552
-7557717
38385094
-9429409
-80622571
-112810818
-90399827
-7082159
-70311771
-120807280
-98726951
-11721895
-2731787
-21016937
-2927920
-137078105
-43590360
-32200101
-235950411
11825289
24711523
-97927954
34370588
745755
68188366
-9577188
-62110182
-113174973
-52525746
26450593
-11139266
-27189867
59939028
-152530790
-43224249
74883497
-42591756
-35880042
-80330086
-8956149
-3499952
-60408591
-82791078
18724734
-61177703
-27285097
-71697970
-152355035
-105711254
-5612139
-47855008
-10831195
-231989385
-65907809
-92997265
-37768162
-2565882
-56048806
-47194186
-81442389
-72041714
45186685
-93714462
-34034965
-146388709
-20256200
-34056685
90900
-139502156
3182469
-63963327
-74511544
-69745925
-37367132
-31511539
48560202
-39562112
-71665545
-25247317
-81792349
-70012951
-24693985
-101274176
-49219558
24076555
-64619559
-8275894
10427974
-56007429
5655482
-113211613
-121125351
62081705
-57686957
46741546
-71330974
54164308
-244618003
-61457266
-114370785
22045104
-2045364
33429247
10467577
46629529
-136987565
13134666
-54082711
-95105505
-80687864
-121473355
67152730
-64619137
92295150
45852062
-44994050
-51077322
19300545
-12364391
-137504226
-157682737
-61161949
-114069953
-61427629
-97682955
-85481085
59669240
-64333382
50811641
-41459689
16899104
-21882767
-34725986
-60704345
-91813000
-54782078
-91063272
-84840134
-113396388
-40840875
-68467946
61883345
-57267309
-52660062
-116257794
-25128772
-5909167
-36447029
5621616
6389222
-89764874
-22111052
-62088749
-49529781
-37791827
75719868
-70015370
-139973593
-43066750
-766915
-5937559
-62912093
-17800354
-10604263
-23789612
-40853737
-108314612
-67563835
-102329463
-58293498
-141454262
15899633
34199740
-30455659
-132221517
-79594689
-11531111
-85345203
-130083034
-118001169
-102256649
-138389104
-92913949
-80910102
-120434388
87086319
39225741
-101532258
-32398061
5596548
-48203251
-77964901
-35981237
-72414343
-63577112
43543242
-91845542
-13240593
-2605433
-28824496
-47279484
-108375726
-90885124
-38745657
-78534928
-21138653
-106871217
-87464304
-43608487
-55500123
-57181335
15802462
-282837649
-161720253
-90912441
-1468579
-18391743
31206925
-41951048
-66467808
-88200909
-56751842
-96932638
-41926848
-95967683
-160113574
-22703324
-71646345
44932378
50046089
-92015679
-25700394
-114660289
-61787581
-135636786
23954588
-89442651
-14563717
42942753
7616724
-60532333
-7226003
6365530
-15484617
-28913380
-66684511
-69132632
-136246598
-1688092
-4331101
-45909636
26630556
-63883947
21298014
-98235749
-73847206
-127491028
-51645909
-17866693
22602361
-62308585
-90353165
-64558067
-40584339
-96855125
-42833483
-12495457
38726997
66265169
16640779
-91028536
38439628
-49088779
-123262205
-94993850
-83060152
-47492479
-28486998
-122947728
1716671
-96216588
-50921929
-131734004
-59713131
-8798034
-103949960
-51099570
-16787346
-62760310
-63887114
27197523
-96212936
5345304
-25466765
-100470288
-9019388
31894179
-52326078
-11812691
-51909515
-111571514
-37039645
-146736532
-52706357
-9481573
-124844409
-55654573
-82573229
-41406470
-130761455
-53885241
-87214107
-90735568
-64968209
-100789399
-175443991
-16431864
42329279
-30805888
-53762663
-7375377
11016483
-13682431
-63730176
-44588399
-23519191
-5875990
-100138659
-109989680
-28081261
6267608
-91706816
-69371786
-35981723
-145903398
-58660996
-39005274
-115562858
42357
-48185180
-72975978
-23962947
29001676
27769693
21829126
-74746603
-95021887
-105712507
-127731503
-50103539
-64935427
24849629
29649908
-30861166
-124579126
13595600
-37750544
-57030249
-122652357
-102031880
-18748228
8571242
-62454911
80421168
15112325
-115242108
-83927702
-109950269
8622082
-65261405
-17278771
-103746536
6541817
-66690257
-78831418
-18044643
4113011
-142914789
-13044392
-67728528
-29640183
-61811104
-52872017
-117843815
-36070347
-26593324
12325872
-24726058
-29251375
-50299539
-55942212
-45003980
-3489172
-96847718
-49050158
-108141015
-12102647
-49862770
-38669034
-579079
-45272042
-7687251
-110094995
72472245
12778245
-93713057
-85276234
-59876955
-55451400
12566432
12155454
-98508433
99681031
-79366925
-21457701
-84991067
-11889408
24672776
-149632697
-58885983
-26761178
1722488
21391499
8481909
33481389
-32536087
5627464
-110730366
-89817
-38995453
-268354
-128817143
-61675822
-5045095
-10134677
-142841536
-48263612
-115527649
-83828942
9170834
-36997258
32019485
-40982090
-14753793
-80196061
-92132696
-118992995
-43946389
-189351826
-134049189
-35228522
-49814918
43682967
-57740071
-60295275
-52987557
29108871
46128286
-26286562
-80830807
-40081138
-37258021
30943708
-68147329
-50434577
-1863744
-63154355
-21637338
-257196662
-41061438
-117621856
-67520382
-36069577
-18864681
-18409590
-2451339
-52788180
-10072025
-83037884
-12507373
2391979
-16643672
-30085374
29662797
-110736196
-67653387
-12384965
-78991592
-66275907
-51208947
-37757128
-59375060
-66522747
-45810378
-17205379
46864628
946552
-117350774
-80171543
-15195407
8641831
-128245760
32222554
27027174
-21480958
-72609516
-125914216
-41176627
-22537534
-42627939
-129109457
-5985515
-58497076
-39082781
-40175697
-71277444
-30581419
-77196927
-84174017
-77616083
-87097555
-46632070
-5666233
-8731432
-75496993
-34281534
-20948130
8811633
-86542353
-44637527
-34225679
24978078
17353493
-29489433
-36744312
-78088956
-45171741
-149618198
-54835282
-93883242
-79383718
-54777364
-42655911
-100086337
-40384049
28886252
26607675
-26132286
-17279338
352205
-41030466
-40275242
6398710
-122128968
-45793721
-43515188
-120686238
-108944711
-14905014
-102764411
-79144146
-71064970
-35591136
-41994146
16978016
-3679266
-85486672
-110209896
-50703103
-86299520
-30449464
-90909653
22919746
2134374
-50260716
-34645179
-84164388
-86168054
-91661231
-1798885
32437822
87336382
8032935
-98738497
-89742881
-52120993
-135416690
-61022122
-64603334
-83554122
7449048
-37832995
20597250
-27349750
-2996856
-78198435
-620606
-101262286
45111574
-23112939
-44774886
-172775974
-79954368
-88258130
-73634014
28544427
-70810583
-65967168
-96535943
-85454721
47336020
-42005250
-53647901
44989020
7330077
5971116
14194198
19524185
-215182468
-54218548
-24692240
-105344912
-31190267
-36371142
-86119599
-96595868
-106583885
-93181882
-58469587
42613659
-27054871
-85402636
43858237
-42001162
-82205071
-21001604
-98111683
-72888934
68410208
-103544056
-111426505
-13982018
-68184621
-33092956
-41443200
-42137773
-70931985
-31321030
-59820339
-90409258
-50926213
-115459062
-160368398
-38297550
-78553852
-114614580
-116309321
-7246685
-44289572
-45556843
13681269
-124497028
-85006919
24778450
-42802979
-97729931
34525710
-51337299
-84126359
-87366222
-1365617
-121798054
-97070436
-61324611
-31670628
-82161915
-13836004
-53633157
22548781
-30677922
-32605376
-99346994
-2687158
-182336210
-43026533
-55250744
-49827239
-36538948
5495055
-36305131
-48540370
-53344286
-44714648
-75235213
-1059415
-58569578
-50484130
-92186050
-73370593
-46246451
-42109320
-2485336
-57965506
-41518878
-144011596
20952702
-104328180
6009351
-138842367
-103028374
-68802893
-9921159
-73100810
-103059111
-60149057
-14382788
-61014858
-25523085
-110265434
-53693230
-14536562
15295347
-74828560
-47618303
1530345
-180073911
19435021
-71382046
-22136921
-84916375
-111511613
44854134
28025674
-87160733
-36833280
-10523227
-40598796
-58974301
-94703041
-48420526
-33001541
2452914
-181099382
-87281486
-76311246
-47257723
-138475184
-104257254
-86693808
-88044403
1192441
-98553472
-179033575
7266790
-36140028
-25507597
-84961203
-28674142
-10592431
-13683339
-71852307
-40552407
-74528107
-10270091
-54527098
-26300665
-4133290
17578808
-96782556
5403053
-90523698
-13331167
-67550737
-826192
1611963
-38154389
-149459164
-89989533
-87270112
37814907
-29205645
-38294262
-36843999
36014650
-10021947
-87893779
21900741
-54583698
-30615954
-54092039
-96179951
16482729
-19490847
-25295784
-97728409
-13910846
-152346210
-77781801
-71869081
1636376
-120321399
-29885966
-131689966
-4312105
-5737516
-117606710
-2318283
-20284286
-290080474
-86233465
1682946
-83639652
-168344206
-118909327
-5269350
-115715530
-160183850
-25838945
-37031758
1553231
6666033
-110939863
19219255
10112511
-45709801
-37808355
37171216
-24578734
87601626
32091985
23592564
-88209200
-38199647
-35112674
-7160002
-21454051
-51768075
-100599845
-69974101
-113678235
-82793415
-26223510
-5927627
-3381269
-33001248
-21814936
-20245210
30095637
-111820438
-69678645
-64640540
-79307586
-51842382
107654335
-21217079
-43135245
-98476921
10343921
-69933099
-149070933
2552685
-139497644
-44279756
-61796943
-58476691
-32257917
-22756236
-3266291
-184878404
-6083970
-28220408
-38704783
-69067901
-119162141
8313066
-52478752
-102586102
-92791856
-19584549
-78612213
38128231
-72455653
21593285
-91702847
-26186865
-33121333
-155963922
-47134741
-39499210
-28298201
-40291266
-56175387
-32606018
-87266395
-69367269
-22361416
-52286654
-43268559
28683954
-100142839
38180529
-144053099
-72071415
-48156080
58539445
12383063
-47265965
-47810887
-76513014
-67714052
-85778990
-848590
-17660308
5525793
-13200417
12095856
4627961
6298063
-13863049
-21705839
-223080270
-38630335
6926038
50100028
-86303941
-34162114
-22320144
-15117530
-111078716
-38412324
-12304431
-52774978
-27104618
40005571
-13311946
14771337
-24407687
-1718293
42536583
-117010907
-52396144
-38561896
-136848176
-144610962
-89755910
-133293377
-117652888
10100288
26372044
48980252
-121884277
-77763830
2675777
-28620345
-9577061
-133182757
-17923958
-98920545
-54164283
41942104
-139452902
25694460
-55767422
-53559294
-1198256
-73201570
-70741918
-56407139
-42511949
-102101757
14451409
-88925324
-13573274
-13675664
42671729
13700988
-12643390
-46660864
-79996836
-3289077
3674203
-81595387
-80980467
21494764
-146828370
-71917101
43086347
-11727055
17717372
38053691
-86539252
-98252273
-179016008
-100177815
7760431
-93969480
-48936158
-65142277
27310390
-55793454
-38450516
-52882865
-22296512
-48767088
-66541664
-91648953
-94762263
-11243268
-101068837
-147437186
-33728429
-18155605
16975654
-126053556
34904187
-45252530
-105585366
-42040551
-15289389
-136689253
-95785386
-65654346
-88794782
-65344899
11392124
30630576
-35910895
-70927141
-8862632
-75966207
-82522823
-83481024
-11504470
-52345636
-31130451
-28416426
-40533325
-33389352
-19265691
-18726583
12972348
-46731544
16313530
59876619
-76329068
76148215
-2334763
-5989927
-51360783
-78921467
-18351582
-118577955
-40412556
-11792682
-12180604
-135512744
-54281648
13075033
-59977184
-39858190
-109680985
-59075430
-110032022
-61457031
20969331
-92494998
-59455586
-20842161
-16281203
-36490708
-13001634
7434104
-3185844
-36504009
-55954178
-119127301
-156592665
-80828326
-27785067
-36141584
99262901
-70152648
-9358607
14764026
-34167404
-53768230
-83604569
16527949
16680977
-93760435
-22420970
-43616715
-77599220
-27380030
65171341
-8882278
6923534
-113064388
-49347154
36985958
-77737764
-168989775
62136747
-78046186
-84506090
-137736779
16252838
-82983237
-42783652
-153400210
-16535763
-7912757
-127478226
-52036107
-77199180
-98824432
-48446089
-28858052
-38334665
-91443539
-101280188
-51219690
-34101791
-25201721
-196561302
-90460517
-46362561
-59263089
18934962
23295579
-154719617
-39857261
-29450917
-11160838
-71456279
34976526
-96347915
-45570436
-106840724
-41595422
-66455557
8870679
-54395239
-88403867
-44494993
15978938
-47085702
48817976
20115779
-97809923
-31908478
-80768390
-23990557
-4709422
-77497641
-64584956
-104314448
-108541771
23488275
-92485546
-39954526
6127391
-32343783
-137133337
-98800271
-10023473
-58523259
-88630294
-104457421
-1875646
-26928361
-163101055
-104675984
2501423
-12515754
-22964340
-66712021
-7458066
-9918018
-64363325
-52074700
-40831377
-32141129
-105349497
-111978741
-77028400
-28177763
4296172
-75262453
34297324
-91224132
-50922515
-125173345
565669
6661787
-71951238
-49661214
20939916
31156567
-47884103
11987288
-33685713
-124361879
-57516698
-102065621
-60006340
-34287813
-38208992
7798941
-28002043
40393472
-91964569
2017250
-16501743
16680987
-46968925
-6724358
-53957288
-35479998
-129618926
-71646781
-147916426
-77344749
-9049898
-6645797
31393487
-22517661
-80081202
-27010573
15815171
-87268467
-113104868
-93502983
-4579950
-16296279
-5440284
-71163981
-15854431
-85036579
-75066688
-78391768
-17486588
29494913
-77998620
-35867526
41840661
-80056695
14672389
-16487442
15612762
-25472662
-115100671
-16085906
-9374608
-81443828
-100973957
-32221686
26561179
-3921166
-81217698
-81390213
-19261123
-63760552
-72760764
-153104944
-37666176
-98309869
95992865
37375652
7256808
-15956102
-79703287
-61861604
-70453791
-6959935
-11566366
-42690162
-85880509
-18361836
-106942153
-3715415
-55169655
-6724973
-43280251
-34373019
28493539
-159505690
-23215987
-85204377
-22814581
-3900363
-13366182
-35324051
-53850825
21173838
-5533712
-146066157
10457744
-39036049
-72175667
-56428821
-53458396
-115458762
-27361363
-69022033
-46461408
-156991258
-39049151
-31254665
-40866996
-109865189
-16284109
-40424833
-28867289
-48386195
-80499886
-28475876
-84720573
-11074141
-74245195
-30262389
-57736569
-91855163
-107804941
-127858337
-74460751
-67533847
-19134704
-133425027
-70180511
-13834240
-89025683
7600716
-150923200
-66942101
-19860206
-42977429
-90682763
-57518598
-23816285
-53008275
-103735757
-117027039
-16691519
-64107513
-61225292
2220062
-165925498
-86207634
-60910611
-48487965
-13923727
-151925625
-103883861
-61425904
-21917127
-75213694
-20556984
-96648504
-100020422
43411857
-54624980
-61031920
-90353617
-81566720
-19697905
47536419
-118811874
-38312879
-85371479
-85182164
-129831220
-133575614
-32575350
-27345825
2049453
-91842771
-154444910
-65325690
-77488523
-84145907
-158634435
-35975269
35108850
-7404185
-144179815
-76424248
870214
27252490
-110473764
-33168559
-283834656
-73534479
-56456888
-62459781
-116520264
105961666
21234038
-78320836
-62450006
-165458220
-87867367
-83310442
-83937391
-44089518
33040132
49350549
-33250879
-79731388
-25362364
-179245740
-26185216
-90854005
32537694
-127343103
-83974710
-27833480
57194350
-86925362
21968962
45266678
-92581312
-62068490
-62027060
-55092850
-14530136
14109126
-40538765
-134747742
-49169178
-54246163
-119610897
12385158
-29161235
-36653728
119448299
-94981979
-42911370
-71239139
-16346091
-38113360
-93087083
-17370821
20843271
93235746
-90593593
-100062103
-81470388
-35949922
-61161313
-24597315
9210347
-60346856
-124089953
-33882350
-27084225
-85392504
-81009048
-22096838
-47466104
-40032761
-38484416
-113061000
-16936767
-8790006
-23568597
-2112885
-37078799
-121675794
-37541203
-72009624
-91102623
-4286651
12004737
-54075438
-76444482
725643
-55106548
-52193901
-59219490
-46790299
-39639085
-40605278
-13445006
-11896064
-55779331
-39208996
22891359
-14810322
-9681310
-81589162
4772362
-85541447
-61416472
-229923035
-84076465
-91320637
-77035231
-12142574
-70789062
-62118340
-29211167
-13196854
28414194
-47596695
-49707799
-96876783
15899724
-2357699
68446228
-154248547
4219157
-40303862
-121385622
-87075469
-57374324
6677606
-40388675
-124244147
-77451178
-40918966
-193859302
-24311063
-71060491
53329769
6790335
-101209262
-210966147
-73326845
13573359
-36266243
-25547797
-67250851
-85455313
-22510790
-9997812
-84131925
-50509318
-80962278
-52737701
-57013295
-157624600
-5500062
-56046128
-32268063
2254881
-105993060
-248931280
-75621457
-115607827
10371690
47679302
5578951
-2184442
-61479652
5484236
-10738259
-157223281
-54637628
-92107998
-114084982
-68824665
-54519577
-131687103
38938511
-30293005
-93296717
-44566845
-144338814
-22780259
-2539920
-80887473
-45190245
-58097760
-34691078
-6017536
-38725597
-132791754
-65225048
-2292904
-12599774
4983398
-70611552
-73749675
-48513680
-33276137
59422506
-59069405
-91783839
-76335394
77322524
-114499468
-79036395
-118035397
-30600604
-5957361
-62887857
-28749470
9916061
-104142371
44538636
19515587
-26830167
-33817531
-26748218
-30576100
-74656260
-9484249
-106545451
-20255324
-92759708
-58772070
40702334
-14616068
-22576798
-31275016
-71538771
-114502972
-61883047
-10328425
-89252231
-95548228
-27813292
-63085313
-30207768
-98992846
-3761627
-63617567
-32645171
-69303583
-80792869
-69699376
3303867
8241486
-38485089
-32766814
-40803714
-93797965
-93717708
-112519771
-70761461
-30564502
-34669387
-13321674
-22521208
-583990
-152619281
-125861802
8156214
-121208169
1709828
20140392
-55668251
-97265593
-27525082
-108010036
-73555954
-107232965
-147977057
-42735811
-82501094
32214685
-113082587
-49134555
-76847729
-45349739
13548382
-8683287
-70571325
-5345739
10090422
-33034171
-57297273
-64159916
52457715
-36900750
-46463813
-117370041
-34848971
-53260686
-80751809
-16990647
-90698000
-95264903
-53229495
-64489700
-42478605
-110494889
-99633448
-22652568
101314747
-65434474
5869002
-124237661
-41695685
-40950535
74957907
-67202930
-71408474
-20243867
-59829253
-64238669
-119258196
-67557197
-81519242
71973271
-19940546
-78954066
-78429323
-3899849
-79591964
-35629704
20941457
-130758763
-12840819
-33879745
-189558759
-59329272
-52382358
-83730135
2617084
-33898998
-101684112
31380990
-134914847
-48023266
-17645292
-80611187
-8289580
-50999813
-66232927
-90622709
-93517445
-94870904
-82886354
-76839024
165411
-35750892
8336956
-32832263
-42230667
-18929810
16105910
-28934660
-81083273
31127667
-9501746
-104295754
-112048188
-76903529
-138687185
-32322904
-34191744
-56622996
-32702978
-66948831
-4318653
-24770717
-17386726
-89899453
-72138886
-70070284
-34679106
-46540515
-70697095
-143075552
-83553741
-63753523
-23600630
-77743913
-104280082
-43101414
-77835073
-82633647
-131980666
-57913419
-7023297
-105728551
-104928967
-117422058
64126932
-82063615
-72142760
-50379689
-16165687
13173116
-150234733
-11873069
-175711479
-48843899
25189863
-2587863
-62288361
-120571161
-42087515
-41079619
-60440144
-36697786
-101298292
-31178221
-7900512
9458872
20937908
-98976781
-87861412
-87248443
-78143265
1417961
-106261405
-48579796
-33654794
-65297413
-49906364
-34266345
-77363427
-19454154
-45028888
-135104109
19693806
-204560898
-48884224
-37020056
1757279
-81891357
-115791642
-84558503
-28666077
-75270230
-31959575
-114240657
-31159306
5020973
-119026808
-128035628
-72229502
-28680241
-42522309
7804932
-40696036
-940904
-31660734
-56316392
-58167371
-119253030
-110676019
-111094302
-36472767
-46184961
-51766243
-47990898
40752182
-50116676
-65600571
-30636270
-78901374
-36544230
-95928492
-27628430
-31461235
-33857539
-68642529
-110045828
-6428840
72078116
7568390
-44225435
-36780111
-108103043
11479064
-16859102
-30222940
-4754304
-97898234
-27396323
-31981636
-11723766
-131634295
-20476187
-81441086
-45191512
-57803550
-36114734
-9165709
-110865380
-88509709
-131404755
18132732
28123023
29275469
-85841582
-117222849
-90398164
-112738206
-1007895
40304578
28112749
-104615101
-95374054
-4307462
-12028242
-1374751
-80077026
-31372385
-103810444
-88957931
-36667917
3935677
-76736584
-61705957
-88257572
-83514029
-75437405
-21444632
-111972023
-40966656
37150592
-9367015
-100652547
-59699188
-69670927
-24714060
15556283
18665040
-119915850
-73143760
6720620
-17435199
-14158891
-192081
-105779044
19910895
-69794960
-80465346
-104316554
-107636057
95203240
45247276
-105079979
23967109
19374826
-65040777
60507239
-44206527
-88346350
-93801686
-57779211
-22111810
-50687142
4169820
22944808
86789675
-12987263
-525987
-57571462
-109483887
12243843
-87412125
-25045021
45565378
-18615981
-110263095
-82561573
-58470502
-59460728
-71184453
-140374038
-71646689
26736844
27702971
-81525490
-20856491
14822296
-111207892
-48792040
-170247048
101660979
-84472430
11495204
-121219282
-22554428
-1328799
-77330007
-100527531
-85491912
-94379878
-42247266
-79129464
9579640
-102010396
-14127449
-1297088
-9048968
-53702835
37774761
-65751224
-67142894
-117216120
-57705180
29179084
-120079420
-62154300
-135016600
-94505428
-110319279
-39778400
-87280099
-63649425
-30582628
-55451699
47985112
-161747037
-99091128
-3577827
-63755765
-105690065
-31126400
-47936904
84481349
-59766360
-117463698
-51463897
-92130167
-116054208
-3009115
-100614090

